1girl	g	7868012
highres	m	6964838
solo	g	6162806
long_hair	g	5327932
breasts	g	4977808
looking_at_viewer	g	4220608
blush	g	3960425
smile	g	3547397
open_mouth	g	3063033
short_hair	g	2711342
absurdres	m	2408697
simple_background	g	2336576
blue_eyes	g	2305877
large_breasts	g	2259283
shirt	g	2152457
blonde_hair	g	2026166
black_hair	g	1964150
white_background	g	1932745
brown_hair	g	1903938
1boy	g	1889154
skirt	g	1797363
gloves	g	1636486
long_sleeves	g	1636360
hair_ornament	g	1630848
multiple_girls	g	1598865
red_eyes	g	1572841
dress	g	1537784
navel	g	1519412
holding	g	1503951
commentary_request	m	1492887
nipples	g	1447709
thighhighs	g	1427175
original	s	1426119
animal_ears	g	1379326
closed_mouth	g	1351458
hair_between_eyes	g	1347633
hat	g	1329361
cleavage	g	1315808
jewelry	g	1292145
bow	g	1288738
ribbon	g	1204331
bare_shoulders	g	1180855
standing	g	1165308
sitting	g	1151493
2girls	g	1123042
twintails	g	1110758
very_long_hair	g	1108703
blue_hair	g	1105183
green_eyes	g	1104197
underwear	g	1097182
jacket	g	1090838
brown_eyes	g	1049899
ass	g	1040907
white_shirt	g	1033153
purple_eyes	g	1032344
full_body	g	1027251
nude	g	991488
medium_breasts	g	991467
tail	g	968438
collarbone	g	946804
thighs	g	934311
censored	g	909612
male_focus	g	900696
upper_body	g	899095
pink_hair	g	894358
panties	g	888825
yellow_eyes	g	884452
female_focus	g	884218
penis	g	880816
swimsuit	g	878927
commentary	m	863923
school_uniform	g	842355
touhou	s	841809
bad_id	m	838391
multicolored_hair	g	834012
pussy	g	830546
purple_hair	g	813343
closed_eyes	g	802678
sweat	g	774632
white_hair	g	769491
ponytail	g	769283
10s	g	752603
heart	g	737047
ahoge	g	721497
braid	g	714536
flower	g	714115
earrings	g	712156
nintendo	s	710721
weapon	g	701159
bad_pixiv_id	m	700004
red_hair	g	696979
small_breasts	g	680668
sidelocks	g	671104
hair_ribbon	g	663813
bikini	g	659507
short_sleeves	g	658495
teeth	g	652518
cowboy_shot	g	648442
lying	g	641300
multiple_boys	g	637671
sex	g	632132
translation_request	m	607785
hetero	g	606597
pantyhose	g	601403
parted_lips	g	597553
outdoors	g	594994
open_clothes	g	590774
grey_hair	g	588040
cum	g	578290
tongue	g	569607
hair_bow	g	561434
boots	g	560488
frills	g	558369
horns	g	557479
shorts	g	545529
shoes	g	543142
:d	g	541052
sky	g	536163
pleated_skirt	g	530153
green_hair	g	527878
pants	g	526497
hairband	g	520272
one_eye_closed	g	516991
collared_shirt	g	514551
wings	g	513149
barefoot	g	512279
black_gloves	g	509605
pointy_ears	g	498172
huge_breasts	g	492410
necktie	g	488464
choker	g	486891
artist_name	g	483161
food	g	480476
sleeveless	g	479789
virtual_youtuber	g	476206
socks	g	474954
monochrome	g	462942
indoors	g	459857
alternate_costume	g	458405
medium_hair	g	457571
spread_legs	g	455511
detached_sleeves	g	451375
dark_skin	g	445965
glasses	g	445239
kantai_collection	s	440792
solo_focus	g	439386
japanese_clothes	g	436348
vaginal	g	424897
loli	g	418822
2boys	g	418474
pokemon	s	415873
belt	g	414487
tongue_out	g	410346
looking_back	g	398528
hand_up	g	396141
official_art	m	394781
black_thighhighs	g	389445
creatures_(company)	s	387304
hairclip	g	374933
puffy_sleeves	g	371071
pink_eyes	g	366698
fate_(series)	s	365129
day	g	363656
fang	g	360988
elbow_gloves	g	360276
nail_polish	g	359317
feet	g	358273
uncensored	g	356960
midriff	g	355180
white_gloves	g	343224
black_skirt	g	342879
bowtie	g	340448
cat_ears	g	338131
on_back	g	335370
orange_hair	g	335127
cloud	g	333783
signature	g	333430
hood	g	332627
english_commentary	m	331992
tagme	m	327099
white_dress	g	326205
blue_archive	s	325718
serafuku	g	324242
from_behind	g	323289
blunt_bangs	g	323268
sword	g	321999
tears	g	321483
armpits	g	320674
fingerless_gloves	g	317638
halo	g	317474
grey_background	g	316342
mosaic_censoring	g	315496
looking_at_another	g	312500
necklace	g	309939
mole	g	309920
hair_flower	g	309572
miniskirt	g	304707
black_eyes	g	301330
clothes_lift	g	300305
leotard	g	299530
hair_over_one_eye	g	295640
stomach	g	294859
holding_weapon	g	293084
flat_chest	g	292555
twitter_username	g	292023
official_alternate_costume	g	290739
00s	g	289454
two-tone_hair	g	288584
grin	g	286298
black_dress	g	280304
black_jacket	g	277075
streaked_hair	g	276288
hair_bun	g	275781
rabbit_ears	g	274497
sailor_collar	g	273720
coat	g	273234
bra	g	272755
english_text	g	272191
greyscale	g	271085
open_jacket	g	270986
collar	g	270464
fate/grand_order	s	267766
wide_sleeves	g	266965
off_shoulder	g	266056
star_(symbol)	g	266021
artist_request	m	265936
armor	g	264744
kimono	g	264693
hololive	s	263113
black_shirt	g	262892
water	g	262456
toes	g	261197
legs	g	261119
anus	g	260709
high_heels	g	260010
genshin_impact	s	259184
idolmaster	s	258306
white_thighhighs	g	258084
yuri	g	258015
shiny_skin	g	253793
blurry	g	251565
cape	g	250845
bag	g	249362
from_side	g	248947
dark-skinned_female	g	245846
chibi	g	245541
pubic_hair	g	245150
completely_nude	g	245010
arms_up	g	238853
character_name	g	237110
arm_up	g	236868
cum_in_pussy	g	235395
apron	g	232901
scarf	g	232356
sweater	g	232289
animal_ear_fluff	g	232260
blue_sky	g	231627
gradient_background	g	228334
3girls	g	228255
white_panties	g	226513
grey_eyes	g	225896
bracelet	g	225810
speech_bubble	g	224336
covered_erect_nipples	g	224292
red_bow	g	224208
eyelashes	g	224159
sweatdrop	g	223631
vest	g	222759
parted_bangs	g	222596
aqua_eyes	g	222386
thick_thighs	g	219543
orange_eyes	g	217896
symbol-shaped_pupils	g	214757
dated	g	213972
fingernails	g	212171
muscular	g	211779
side_ponytail	g	211247
black_pantyhose	g	210828
game_cg	m	210098
looking_to_the_side	g	209906
torn_clothes	g	209083
pussy_juice	g	208662
bed	g	206075
wet	g	202656
commission	m	202321
fake_animal_ears	g	201805
pokemon_(creature)	g	201651
hands_up	g	200495
:o	g	200470
twin_braids	g	200183
saliva	g	199964
v	g	197775
cat_tail	g	196989
blue_skirt	g	195841
hand_on_own_hip	g	194919
red_ribbon	g	194744
cup	g	194081
multiple_views	g	193372
erection	g	193135
clothing_cutout	g	192745
tattoo	g	192413
tree	g	191803
groin	g	191565
colored_skin	g	191381
cleft_of_venus	g	189982
upper_teeth_only	g	189667
mole_under_eye	g	187341
bar_censor	g	186610
oral	g	185745
pov	g	185556
testicles	g	184388
two_side_up	g	183477
pillow	g	183291
black_choker	g	183119
puffy_short_sleeves	g	181322
vocaloid	s	181083
bottomless	g	180873
sketch	g	180072
maid	g	178666
black_pants	g	178110
thigh_strap	g	177823
fur_trim	g	177677
bare_legs	g	176135
lips	g	175671
no_humans	g	175656
bodysuit	g	175139
feet_out_of_frame	g	174288
crop_top	g	174058
no_panties	g	173798
sleeves_past_wrists	g	173527
makeup	g	173516
strapless	g	172322
v-shaped_eyebrows	g	172131
sleeveless_shirt	g	171884
neckerchief	g	171340
short_shorts	g	171275
wrist_cuffs	g	170974
sleeveless_dress	g	170484
one-piece_swimsuit	g	169633
kneeling	g	169468
love_live!	s	168905
fox_ears	g	168848
maid_headdress	g	166616
gun	g	166332
mask	g	165590
black_panties	g	165116
translated	m	165087
on_bed	g	164610
arknights	s	163643
soles	g	162459
no_bra	g	162005
sideboob	g	160904
bare_arms	g	159006
black_bow	g	158398
sparkle	g	158217
gradient_hair	g	157517
detached_collar	g	156809
embarrassed	g	156751
covered_navel	g	155604
furry	g	154776
watermark	g	154706
border	g	154457
sex_from_behind	g	153862
blood	g	153797
blue_background	g	153513
cum_on_body	g	153468
hoodie	g	152448
piercing	g	152131
sash	g	151676
cosplay	g	151225
fellatio	g	151082
bound	g	151068
head_tilt	g	149780
buttons	g	149740
cameltoe	g	148495
book	g	147557
yaoi	g	147345
hair_intakes	g	147055
dark-skinned_male	g	146536
anal	g	146465
bdsm	g	146278
blurry_background	g	145226
double_bun	g	144419
black_ribbon	g	144368
aqua_hair	g	144224
window	g	144162
open_shirt	g	143921
zettai_ryouiki	g	143257
skindentation	g	143148
petals	g	142872
floating_hair	g	142434
wide_hips	g	142353
kneehighs	g	142021
azur_lane	s	141887
leaning_forward	g	141498
neck_ribbon	g	141181
dutch_angle	g	141081
night	g	140388
expressionless	g	139965
hug	g	139878
single_braid	g	139856
age_difference	g	139613
white_socks	g	139337
abs	g	139052
black_shorts	g	138560
ascot	g	138139
black_bikini	g	137601
happy	g	137316
blue_dress	g	136859
grabbing_another's_breast	g	136805
scar	g	136714
white_jacket	g	135720
heterochromia	g	135234
breasts_out	g	134870
shadow	g	133906
half-closed_eyes	g	133696
profile	g	133597
siblings	g	133233
bell	g	133045
playboy_bunny	g	132086
facial_hair	g	131855
looking_down	g	131846
shota	g	131129
curvy	g	130824
highleg	g	130660
matching_hair/eyes	g	129541
copyright_name	g	129318
umamusume	s	129224
fangs	g	129130
fire_emblem	s	128204
blue_bow	g	128029
huge_ass	g	127949
idolmaster_cinderella_girls	s	127313
honkai_(series)	s	127237
from_above	g	127155
turtleneck	g	126718
swept_bangs	g	126707
chinese_commentary	m	126648
character_request	m	126606
beach	g	125592
heart-shaped_pupils	g	125451
underboob	g	124830
capelet	g	124644
ocean	g	124638
holding_sword	g	124476
chinese_clothes	g	124418
hatsune_miku	c	124176
dress_shirt	g	123443
straddling	g	123281
squatting	g	123109
chain	g	123008
low_twintails	g	122808
horse_ears	g	122524
cat_girl	g	122317
pink_background	g	122170
female_pubic_hair	g	121603
shirt_lift	g	121601
back	g	121191
:3	g	121113
bed_sheet	g	121109
fruit	g	120853
headband	g	120602
red_skirt	g	120573
fox_tail	g	120371
lowres	m	120229
arms_behind_back	g	120191
animal	g	120020
digimon	s	119883
transparent_background	g	119801
bondage	g	119726
holding_hands	g	119482
blue_shirt	g	119454
frown	g	118866
ejaculation	g	118842
bird	g	117958
facial_mark	g	117587
alternate_hairstyle	g	117246
headphones	g	116285
pectorals	g	116146
demon_girl	g	115931
white_bikini	g	115490
from_below	g	115106
sunglasses	g	114761
blue_jacket	g	114435
rose	g	113941
wavy_hair	g	113680
glowing	g	113456
plaid_skirt	g	112911
phone	g	112799
garter_straps	g	112543
frilled_dress	g	111917
girl_on_top	g	111200
horse_girl	g	111124
muscular_male	g	111036
red_dress	g	110888
arm_support	g	110444
final_fantasy	s	110177
side-tie_bikini_bottom	g	109965
on_side	g	109916
beret	g	109912
skirt_lift	g	109163
depth_of_field	g	109011
bandages	g	108906
sandals	g	108562
witch_hat	g	108332
black_socks	g	107718
nose_blush	g	107576
bad_twitter_id	m	107427
clothes_pull	g	107182
bent_over	g	106798
wink	g	106622
thick_eyebrows	g	106444
halterneck	g	106303
thigh_boots	g	106262
group_sex	g	106106
sharp_teeth	g	106029
blush_stickers	g	105985
drill_hair	g	105730
white_skirt	g	105401
leaf	g	104764
blouse	g	104610
cleavage_cutout	g	103604
ring	g	103106
leg_up	g	102885
monster_girl	g	102596
holding_food	g	102191
black_background	g	102153
portrait	g	102082
standing_on_one_leg	g	101844
chair	g	101205
bob_cut	g	101105
clenched_teeth	g	100784
tank_top	g	100711
demon_horns	g	99850
white_bow	g	99721
white_border	g	98856
cat	g	98661
short_dress	g	98516
sex_toy	g	97798
no_shoes	g	97656
white_flower	g	97442
non-web_source	m	97367
paizuri	g	97112
cum_on_upper_body	g	96902
stuffed_toy	g	96890
hood_down	g	96862
gluteal_fold	g	96625
facial	g	96478
traditional_media	m	96328
black_hairband	g	96192
clothed_sex	g	96035
3boys	g	95945
crying	g	95756
plant	g	95699
umbrella	g	95681
4girls	g	95246
^_^	g	94633
text_focus	g	94529
one_side_up	g	94401
high_ponytail	g	94145
trembling	g	93975
grass	g	93129
colored_inner_hair	g	92927
helmet	g	92656
floral_print	g	92542
one_piece	s	91717
fox_girl	g	91539
wariza	g	91495
rape	g	91428
all_fours	g	91237
bright_pupils	g	90805
moon	g	90745
cardigan	g	90732
black_nails	g	90440
denim	g	90391
crossed_arms	g	90331
trap	g	90285
light_blush	g	89807
ear_piercing	g	89479
pantyshot	g	89227
eyepatch	g	89080
handjob	g	88841
thigh_gap	g	88821
crossed_legs	g	88638
table	g	88498
crown	g	87957
steam	g	87712
military	g	87526
antenna_hair	g	87168
lipstick	g	87133
spiked_hair	g	87094
pink_bow	g	86964
military_uniform	g	86747
honkai:_star_rail	s	86501
looking_up	g	86398
restrained	g	86373
couple	g	86364
sunlight	g	86324
mouth_hold	g	86244
elf	g	86226
tan	g	85765
facing_viewer	g	85593
drooling	g	85378
bara	g	85329
kiss	g	85255
cellphone	g	85229
scrunchie	g	85147
bug	g	84801
wolf_ears	g	84742
own_hands_together	g	84625
eating	g	84622
frilled_sleeves	g	84444
motion_lines	g	84410
obi	g	84072
fire	g	84054
feathers	g	84022
red_shirt	g	84012
cum_on_breasts	g	83904
white_apron	g	83889
hololive_english	s	83867
frilled_skirt	g	83815
child	g	83555
formal	g	83145
suit	g	83144
mature_female	g	83112
backpack	g	82476
veins	g	81988
blue_ribbon	g	81827
x_hair_ornament	g	81414
claws	g	81279
suspenders	g	81190
robot	g	81140
clothed_female_nude_male	g	80962
light_smile	g	80943
black_leotard	g	80938
sleeping	g	80894
aftersex	g	80883
fishnets	g	80689
eyes_visible_through_hair	g	80488
rabbit_tail	g	80282
cloudy_sky	g	80185
cross	g	79712
breast_press	g	79598
on_stomach	g	79454
single_hair_bun	g	79348
undressing	g	79184
tentacles	g	78815
parody	g	78688
1other	g	78621
sneakers	g	78613
futanari	g	78399
tiara	g	78249
bottle	g	77875
yellow_background	g	77857
stuffed_animal	g	77776
symbol-only_commentary	m	77593
wavy_mouth	g	77133
6+girls	g	76824
animal_print	g	76542
lingerie	g	76398
shoulder_armor	g	75785
grey_shirt	g	75666
red_background	g	75610
red_flower	g	75573
crossover	g	75456
clothing_aside	g	75381
gem	g	75347
sisters	g	75248
goggles	g	75094
messy_hair	g	75023
red_necktie	g	74932
pink_dress	g	74896
nijisanji	s	74853
headgear	g	74773
bandaid	g	74759
masturbation	g	74419
magical_girl	g	74197
black_bra	g	73754
variant_set	m	73274
furry_female	g	73107
cumdrip	g	73076
head_wings	g	72875
short_twintails	g	72737
dot_nose	g	72684
striped_clothes	g	72493
holding_cup	g	72483
slit_pupils	g	72444
horse_tail	g	72281
knife	g	72089
gundam	s	72029
katana	g	71863
curtains	g	71842
white_pupils	g	71792
demon_tail	g	71330
panty_pull	g	71266
arms_behind_head	g	70879
black_belt	g	70670
girls_und_panzer	s	70654
copyright_request	m	70599
underwear_only	g	70594
mob_cap	g	70537
gen_1_pokemon	g	70380
blazer	g	70331
revealing_clothes	g	70279
outstretched_arms	g	70172
eyewear_on_head	g	70137
hand_on_own_chest	g	70115
pale_skin	g	70084
girls'_frontline	s	70083
mahou_shoujo_madoka_magica	s	69889
t-shirt	g	69658
maid_apron	g	69184
holding_gun	g	69132
crossed_bangs	g	69086
puffy_long_sleeves	g	69067
cum_in_mouth	g	69054
tassel	g	69046
polka_dot	g	68732
staff	g	68714
skin_fang	g	68685
licking	g	68622
red_bowtie	g	68405
skeb_commission	m	67873
juliet_sleeves	g	67839
aged_down	g	67813
red_jacket	g	67803
outstretched_arm	g	67768
third-party_edit	m	67746
areola_slip	g	67350
dog_ears	g	67091
cowgirl_position	g	67056
veil	g	67019
red_nails	g	67001
wing_collar	g	66944
towel	g	66930
scar_on_face	g	66875
knee_boots	g	66839
nature	g	66830
rope	g	66756
star_(sky)	g	66702
feathered_wings	g	66625
scan	m	66604
black_necktie	g	66474
school_swimsuit	g	66155
hair_tubes	g	66109
1990s_(style)	g	65970
doggystyle	g	65862
genderswap	g	65642
flying_sweatdrops	g	65591
black_coat	g	65539
clenched_hand	g	65359
;d	g	65301
hakurei_reimu	c	65105
precure	s	65024
pointing	g	65008
upskirt	g	64994
large_areolae	g	64959
straight_hair	g	64907
white_ribbon	g	64730
personification	g	64693
single_thighhigh	g	64582
revision	m	64552
black_hat	g	64396
instrument	g	64358
building	g	64272
digimon_(creature)	g	64204
breath	g	63863
green_skirt	g	63745
lifted_by_self	g	63737
hooded_jacket	g	63676
naughty_face	g	63638
armband	g	63596
puffy_nipples	g	63594
paid_reward_available	m	63580
colored_sclera	g	63518
brooch	g	63364
?	g	63178
night_sky	g	63101
breasts_apart	g	63059
china_dress	g	62888
loafers	g	62800
couch	g	62698
veiny_penis	g	62628
lace	g	62558
pink_panties	g	62461
butterfly	g	62368
large_penis	g	62243
hat_ribbon	g	62206
danganronpa_(series)	s	62093
eyeshadow	g	61926
fingering	g	61821
strapless_leotard	g	61744
candy	g	61740
insect	g	61474
polearm	g	61396
white_pantyhose	g	61190
butt_crack	g	61148
outside_border	g	61124
size_difference	g	61094
knees_up	g	60956
pink_flower	g	60875
legs_up	g	60780
monster	g	60554
between_breasts	g	60518
wet_clothes	g	60431
hair_bobbles	g	60343
bat_wings	g	60141
highleg_leotard	g	60015
skin_tight	g	60010
grey_skirt	g	59933
bike_shorts	g	59774
spread_pussy	g	59772
cherry_blossoms	g	59632
pelvic_curtain	g	59581
light_particles	g	59382
japanese_text	g	59306
micro_bikini	g	59145
strapless_dress	g	59097
angry	g	58970
androgynous	g	58956
scenery	g	58885
covering_privates	g	58700
thong	g	58638
capcom	s	58297
cropped_jacket	g	58226
white_sleeves	g	58187
purple_dress	g	58178
mole_under_mouth	g	58090
boku_no_hero_academia	s	57828
ahegao	g	57687
microphone	g	57625
outline	g	57591
gauntlets	g	57528
no_pants	g	57252
hair_over_shoulder	g	57174
blue_sailor_collar	g	57119
smartphone	g	57045
plump	g	56968
baseball_cap	g	56939
retro_artstyle	g	56824
pink_nails	g	56770
wristband	g	56737
blue_nails	g	56673
missionary	g	56564
surprised	g	56443
purple_background	g	56421
side_braid	g	56320
white_sailor_collar	g	56314
low_ponytail	g	56307
box	g	56220
bridal_gauntlets	g	55969
spoken_heart	g	55922
male_pubic_hair	g	55673
spikes	g	55477
holding_phone	g	55410
letterboxed	g	55248
beard	g	55189
cloak	g	54854
crossdressing	g	54745
hat_bow	g	54724
sheath	g	54704
toenails	g	54704
kirisame_marisa	c	54644
corset	g	54643
ass_focus	g	54493
multiple_tails	g	54430
high_heel_boots	g	54407
wind	g	54392
condom	g	54342
lace_trim	g	54277
love_live!_school_idol_project	s	54150
green_background	g	54147
bulge	g	54049
twin_drills	g	54009
kemono_friends	s	53840
two-tone_background	g	53833
extra_ears	g	53789
naruto_(series)	s	53632
foreshortening	g	53613
convenient_censoring	g	53554
neck_bell	g	53511
o-ring	g	53311
striped_thighhighs	g	53258
white_skin	g	52989
freckles	g	52985
short_hair_with_long_locks	g	52957
faceless	g	52889
demon_wings	g	52846
dragon_horns	g	52833
pink_shirt	g	52803
indie_virtual_youtuber	s	52756
glowing_eyes	g	52737
5girls	g	52686
blue_bikini	g	52676
hood_up	g	52581
gen_3_pokemon	g	52274
open_coat	g	52219
black_wings	g	52178
zenless_zone_zero	s	52131
buckle	g	52108
christmas	g	52039
round_eyewear	g	52029
granblue_fantasy	s	52000
gold_trim	g	51973
eye_contact	g	51845
yellow_bow	g	51773
one_eye_covered	g	51623
lactation	g	51552
hand_on_own_face	g	51236
clitoris	g	51200
index_finger_raised	g	51193
object_insertion	g	51167
white_pants	g	51095
black_vest	g	50937
cropped_legs	g	50930
mecha	g	50913
red_gloves	g	50907
striped_panties	g	50863
red_neckerchief	g	50668
blue_necktie	g	50628
musical_note	g	50565
adapted_costume	g	50564
string_bikini	g	50559
cropped_torso	g	50553
cum_on_hair	g	50248
pink_ribbon	g	50226
happy_birthday	g	50100
single_earring	g	49987
brown_gloves	g	49843
pink_skirt	g	49819
tanline	g	49713
dragon_ball	s	49677
sleeves_past_fingers	g	49630
close-up	g	49543
yu-gi-oh!	s	49540
large_pectorals	g	49527
pom_pom_(clothes)	g	49487
crescent	g	49457
ribbon_trim	g	49317
carrying	g	49301
waist_apron	g	49294
yellow_shirt	g	49244
flandre_scarlet	c	49154
hand_fan	g	49145
armlet	g	49142
forehead	g	49101
shiny_clothes	g	48913
blue_shorts	g	48869
hand_on_another's_head	g	48846
motor_vehicle	g	48760
heavy_breathing	g	48726
dress_lift	g	48703
camisole	g	48645
hakama	g	48627
brown_background	g	48614
holding_book	g	48496
plate	g	48458
:p	g	48339
groping	g	48317
tearing_up	g	48287
semi-rimless_eyewear	g	48047
topless_male	g	47983
robe	g	47712
wolf_tail	g	47583
second-party_source	m	47541
white_coat	g	47541
meme	g	47478
casual	g	47455
toned	g	47343
korean_commentary	m	47076
>_<	g	47007
persona	s	46919
floating	g	46915
frilled_apron	g	46911
high_collar	g	46786
legs_apart	g	46714
snow	g	46527
ball	g	46311
jojo_no_kimyou_na_bouken	s	46254
bikini_top_only	g	46149
sitting_on_person	g	46116
arm_at_side	g	46014
breasts_squeezed_together	g	45992
zipper	g	45988
side_slit	g	45902
single_glove	g	45703
sweater_vest	g	45664
crying_with_eyes_open	g	45648
angel_wings	g	45530
drinking_glass	g	45505
desk	g	45452
clenched_hands	g	45391
mole_on_breast	g	45379
bow_panties	g	45367
skirt_set	g	45338
grey_jacket	g	45153
dildo	g	45135
fake_tail	g	45126
third_eye	g	45100
front-tie_top	g	45087
furry_male	g	45071
arm_behind_back	g	45045
blue_flower	g	44983
cum_in_ass	g	44970
cuffs	g	44958
neon_genesis_evangelion	s	44912
clothes_writing	g	44911
mary_janes	g	44901
braided_ponytail	g	44842
knee_up	g	44735
half_updo	g	44714
jingle_bell	g	44712
partially_submerged	g	44661
mahou_shoujo_madoka_magica_(anime)	s	44645
dragon_girl	g	44623
green_jacket	g	44362
shaded_face	g	44354
dog	g	44323
side-tie_panties	g	44305
interlocked_fingers	g	44260
cake	g	44246
black_sailor_collar	g	44243
beads	g	44166
green_dress	g	43957
animal_hands	g	43890
sleeves_rolled_up	g	43838
street_fighter	s	43810
genderswap_(mtf)	g	43774
smoke	g	43764
panties_aside	g	43705
the_legend_of_zelda	s	43563
forest	g	43492
dual_persona	g	43453
orgasm	g	43445
rifle	g	43442
remilia_scarlet	c	43399
gift	g	43329
fate/stay_night	s	43321
blood_on_face	g	43284
leash	g	43208
full_moon	g	43149
santa_hat	g	43123
finger_to_mouth	g	43099
handgun	g	42982
asymmetrical_legwear	g	42979
black_bowtie	g	42974
white_hat	g	42972
pencil_skirt	g	42939
purple_bow	g	42885
frilled_bikini	g	42791
anger_vein	g	42728
cover	g	42719
brown_jacket	g	42632
hair_rings	g	42576
curly_hair	g	42560
starry_sky	g	42542
goggles_on_head	g	42455
black_sleeves	g	42360
denim_shorts	g	42346
green_bow	g	42325
brown_pantyhose	g	42302
faceless_male	g	42288
4boys	g	42227
tsurime	g	42175
idolmaster_shiny_colors	s	42130
pocket	g	42079
spot_color	g	42062
web_address	g	42033
long_fingernails	g	42031
strap_slip	g	41972
blue_pants	g	41952
red_bikini	g	41850
white_wings	g	41746
arm_behind_head	g	41696
interracial	g	41678
colored_eyelashes	g	41616
reflection	g	41526
legs_together	g	41494
between_legs	g	41485
empty_eyes	g	41457
garter_belt	g	41392
peaked_cap	g	41364
low-tied_long_hair	g	41363
green_shirt	g	41324
love_live!_sunshine!!	s	41267
multicolored_eyes	g	41181
source_request	m	41160
sports_bra	g	41147
alcohol	g	41139
gen_4_pokemon	g	41058
rabbit_girl	g	41037
vibrator	g	41026
hair_flaps	g	41025
fish	g	41002
turtleneck_sweater	g	40886
gag	g	40772
mario_(series)	s	40742
artoria_pendragon_(fate)	c	40691
furrowed_brow	g	40648
final_fantasy_vii	s	40643
tentacle_hair	g	40598
headset	g	40443
idolmaster_(classic)	s	40338
cigarette	g	40334
purple_skirt	g	40251
happy_sex	g	40233
star_hair_ornament	g	40217
lens_flare	g	40195
blue_skin	g	40084
cum_overflow	g	39908
tareme	g	39890
halloween	g	39819
black-framed_eyewear	g	39762
card_(medium)	g	39749
md5_mismatch	m	39739
muscular_female	g	39717
white_hairband	g	39667
fins	g	39419
honkai_impact_3rd	s	39407
:<	g	39326
hair_scrunchie	g	39281
walking	g	39224
bubble	g	39181
yellow_ribbon	g	39150
single_horn	g	39148
tray	g	39141
track_jacket	g	39138
fat	g	39075
pauldrons	g	39010
wading	g	39005
belt_buckle	g	38947
official_alternate_hairstyle	g	38942
white_shorts	g	38875
seiza	g	38650
twins	g	38644
female_masturbation	g	38638
gym_uniform	g	38511
jeans	g	38491
white_kimono	g	38420
black_bodysuit	g	38418
@_@	g	38393
miko	g	38378
high-waist_skirt	g	38344
hand_in_pocket	g	38212
hands_on_own_hips	g	38156
pokemon_swsh	s	38116
eyebrows_hidden_by_hair	g	38114
white_bra	g	38061
striped_shirt	g	38008
panties_around_leg	g	38007
top_hat	g	37913
hip_focus	g	37794
ribbed_sweater	g	37774
top-down_bottom-up	g	37677
hoop_earrings	g	37656
pokemon_(anime)	s	37625
dog_tail	g	37576
hairpin	g	37517
pouch	g	37515
love_live!_nijigasaki_high_school_idol_club	s	37422
brown_skirt	g	37394
peeing	g	37363
dragon	g	37340
buruma	g	37333
bang_dream!	s	37310
blue_one-piece_swimsuit	g	37263
serious	g	37254
pendant	g	37164
rain	g	37070
femdom	g	36978
frilled_shirt_collar	g	36851
double_v	g	36846
6+boys	g	36718
poke_ball	g	36696
purple_shirt	g	36644
incest	g	36590
backlighting	g	36576
red_scarf	g	36574
asymmetrical_hair	g	36571
knees_together_feet_apart	g	36552
short_ponytail	g	36521
competition_swimsuit	g	36497
red-framed_eyewear	g	36429
huge_penis	g	36360
sailor_dress	g	36331
rabbit	g	36256
long_skirt	g	36217
foot_focus	g	36168
shirt_tucked_in	g	36106
looking_ahead	g	36090
brother_and_sister	g	36040
white_outline	g	36008
pink_lips	g	35960
izayoi_sakuya	c	35915
kemonomimi_mode	g	35842
bandaged_arm	g	35792
threesome	g	35775
dragon_tail	g	35676
raised_eyebrows	g	35636
one-hour_drawing_challenge	g	35570
collared_dress	g	35551
blue_bowtie	g	35521
black_horns	g	35471
goddess_of_victory:_nikke	s	35468
holding_umbrella	g	35280
double-parted_bangs	g	35242
league_of_legends	s	35155
on_floor	g	35092
holding_staff	g	35003
flying	g	34918
hakama_skirt	g	34900
bleach	s	34875
huge_filesize	m	34844
reaching	g	34763
gigantic_breasts	g	34756
yellow_flower	g	34611
unworn_headwear	g	34604
!	g	34595
santa_costume	g	34591
tachi-e	g	34576
vertical_stripes	g	34546
orange_background	g	34438
shoulder_bag	g	34429
head_out_of_frame	g	34401
innertube	g	34355
hand_in_own_hair	g	34345
purple_flower	g	34324
pasties	g	34298
watch	g	34257
spoilers	m	34229
sunset	g	34199
...	g	34070
presenting	g	33969
wooden_floor	g	33923
no_headwear	g	33870
mouth_mask	g	33831
:q	g	33821
logo	g	33786
mature_male	g	33728
card	g	33715
hanging_breasts	g	33672
lolita_fashion	g	33659
taimanin_(series)	s	33641
splatoon_(series)	s	33570
new_year	g	33537
head_rest	g	33490
steaming_body	g	33418
white_leotard	g	33378
moaning	g	33369
pink_jacket	g	33345
cum_on_lower_body	g	33316
public_indecency	g	33314
injury	g	33300
gen_2_pokemon	g	33172
blindfold	g	33137
shield	g	33116
lollipop	g	33025
asymmetrical_bangs	g	32994
epaulettes	g	32944
height_difference	g	32876
broom	g	32868
mini_person	g	32865
fire_emblem:_three_houses	s	32859
tokin_hat	g	32837
komeiji_koishi	c	32830
long_dress	g	32822
skull	g	32761
slave	g	32752
long_bangs	g	32689
love_live!_school_idol_festival	s	32671
drinking_straw	g	32655
panties_under_pantyhose	g	32655
chainsaw_man	s	32642
grabbing_from_behind	g	32621
school_bag	g	32611
brown_belt	g	32609
black_sclera	g	32590
sand	g	32523
red_lips	g	32488
animal_focus	g	32475
eyeliner	g	32464
wolf_girl	g	32320
bouquet	g	32266
black_collar	g	32251
striped_bow	g	32176
black_serafuku	g	32063
+_+	g	32035
science_fiction	g	31980
breastplate	g	31970
precum	g	31965
mirror	g	31922
fire_emblem_heroes	s	31921
black_shoes	g	31879
sun_hat	g	31817
breast_sucking	g	31793
interspecies	g	31774
patreon_username	g	31767
circlet	g	31756
hair_down	g	31693
dual_wielding	g	31692
red_rose	g	31690
final_fantasy_xiv	s	31680
red_cape	g	31480
striped_bikini	g	31429
arms_at_sides	g	31396
arm_tattoo	g	31393
pokemon_sm	s	31364
blurry_foreground	g	31362
bouncing_breasts	g	31343
hime_cut	g	31282
ghost	g	31265
forehead_mark	g	31238
aged_up	g	31212
plaid_clothes	g	31195
teacup	g	31194
upside-down	g	31169
the_king_of_fighters	s	31069
wide-eyed	g	31067
popsicle	g	31064
borrowed_character	g	31036
city	g	31027
scar_across_eye	g	30921
fur_collar	g	30909
witch	g	30909
purple_nails	g	30878
sportswear	g	30853
licking_lips	g	30842
konpaku_youmu	c	30819
tinted_eyewear	g	30730
hair_tie	g	30719
paper	g	30699
smirk	g	30655
toenail_polish	g	30649
straight-on	g	30635
sideburns	g	30621
android	g	30596
green_skin	g	30558
paw_pose	g	30507
rock	g	30458
ribbon-trimmed_sleeves	g	30423
pregnant	g	30370
teddy_bear	g	30310
pixiv_commission	m	30307
bowl	g	30276
layered_sleeves	g	30273
blue_panties	g	30260
princess_connect!	s	30242
low_wings	g	30210
contrapposto	g	30201
off-shoulder_dress	g	30179
stud_earrings	g	30101
wedding_dress	g	30092
alternate_color	g	30040
bandaid_on_face	g	30031
^^^	g	30009
partially_fingerless_gloves	g	29997
pajamas	g	29984
xenoblade_chronicles_(series)	s	29966
bandana	g	29960
lab_coat	g	29951
heart_hair_ornament	g	29920
open_book	g	29881
nun	g	29799
impossible_clothes	g	29777
underwater	g	29647
mug	g	29624
imminent_penetration	g	29600
bukkake	g	29591
ice_cream	g	29545
fishnet_pantyhose	g	29535
idolmaster_million_live!	s	29532
blue_gloves	g	29531
motion_blur	g	29511
pokemon_sv	s	29509
enmaided	g	29483
running	g	29460
wince	g	29419
nipple_piercing	g	29400
fat_man	g	29391
cirno	c	29388
creature	g	29345
lantern	g	29311
handbag	g	29279
third-party_source	m	29247
mustache	g	29223
nurse_cap	g	29215
can	g	29162
holding_flower	g	29055
body_fur	g	29041
partially_visible_vulva	g	29034
saliva_trail	g	28998
water_drop	g	28964
pink_halo	g	28952
pointless_censoring	g	28937
drink	g	28911
chocolate	g	28908
short_eyebrows	g	28864
project_moon	s	28829
hand_between_legs	g	28811
black_cape	g	28767
fur-trimmed_jacket	g	28736
snowing	g	28732
black_one-piece_swimsuit	g	28687
covering_breasts	g	28680
hug_from_behind	g	28652
out_of_frame	g	28612
white_sweater	g	28607
pleated_dress	g	28602
strawberry	g	28594
sharp_fingernails	g	28591
see-through_clothes	g	28582
dog_girl	g	28574
bound_wrists	g	28559
sideways_glance	g	28539
red_hairband	g	28489
grey_pants	g	28471
leg_lift	g	28441
alice_margatroid	c	28403
sound_effects	g	28390
thought_bubble	g	28363
blunt_ends	g	28360
bags_under_eyes	g	28343
belly	g	28308
kochiya_sanae	c	28298
blue_theme	g	28270
gen_5_pokemon	g	28221
falling_petals	g	28162
visor_cap	g	28147
yellow_jacket	g	28141
stairs	g	28107
mini_hat	g	28098
shrug_(clothing)	g	28095
adjusting_clothes	g	28079
jitome	g	28023
k-on!	s	28018
stubble	g	28014
absurdly_long_hair	g	28008
drawstring	g	27978
straw_hat	g	27974
crown_braid	g	27938
animal_hood	g	27916
sarashi	g	27851
holding_knife	g	27850
crystal	g	27790
heart_hands	g	27780
sheathed	g	27775
smug	g	27761
pov_hands	g	27759
spear	g	27751
patchouli_knowledge	c	27741
rolling_eyes	g	27708
under-rim_eyewear	g	27702
jumping	g	27692
brown_dress	g	27685
large_variant_set	m	27677
thighband_pantyhose	g	27656
after_vaginal	g	27654
single_side_bun	g	27644
cow_print	g	27561
white_fur	g	27551
palm_tree	g	27530
front-tie_bikini_top	g	27508
mixed-language_commentary	m	27496
toaru_majutsu_no_index	s	27488
bow_(weapon)	g	27480
yukata	g	27414
nipple_tweak	g	27410
shawl	g	27394
fighting_stance	g	27372
angel	g	27356
anal_object_insertion	g	27351
fake_horns	g	27351
waving	g	27321
white_one-piece_swimsuit	g	27317
;)	g	27305
x-ray	g	27257
smoking	g	27226
ice	g	27196
backless_outfit	g	27191
glint	g	27171
gagged	g	27105
reaching_towards_viewer	g	27096
purple_ribbon	g	27038
center_frills	g	27020
pink_bikini	g	27016
futa_with_female	g	27006
mountain	g	26987
pout	g	26933
inverted_nipples	g	26889
mega_man_(series)	s	26862
yakumo_yukari	c	26862
blue_kimono	g	26837
dakimakura_(medium)	g	26829
back_bow	g	26801
blue_halo	g	26796
snake	g	26793
classroom	g	26772
light_rays	g	26765
nipple_slip	g	26720
hand_on_another's_shoulder	g	26691
oni	g	26660
camera	g	26645
butterfly_hair_ornament	g	26532
beanie	g	26527
frilled_shirt	g	26511
world_witches_series	s	26509
sign	g	26496
chromatic_aberration	g	26495
hashtag-only_commentary	m	26459
checkered_clothes	g	26437
full-face_blush	g	26432
zoom_layer	g	26386
hugging_object	g	26317
ragnarok_online	s	26317
fence	g	26301
double-breasted	g	26243
hands_in_pockets	g	26215
torn_pantyhose	g	26204
brown_shirt	g	26197
jacket_on_shoulders	g	26193
blood_on_clothes	g	26182
lyrical_nanoha	s	26109
tales_of_(series)	s	26027
mouse_ears	g	26012
minigirl	g	25972
tiles	g	25965
leg_grab	g	25956
fork	g	25912
overalls	g	25901
unworn_hat	g	25880
grabbing_own_breast	g	25845
green_ribbon	g	25757
selfie	g	25717
hand_on_own_cheek	g	25697
spoon	g	25610
off-shoulder_shirt	g	25585
v_arms	g	25582
hair_behind_ear	g	25556
dragon_quest	s	25496
music	g	25468
black_sweater	g	25420
pool	g	25398
railing	g	25364
hat_flower	g	25342
bishoujo_senshi_sailor_moon	s	25340
machinery	g	25316
hair_over_eyes	g	25286
cow_ears	g	25264
branch	g	25250
foot_out_of_frame	g	25173
leggings	g	25120
bocchi_the_rock!	s	25116
arched_back	g	25095
brown_thighhighs	g	25086
bestiality	g	25085
guitar	g	25060
artist_logo	g	25028
ringed_eyes	g	25027
apple	g	24990
criss-cross_halter	g	24921
cum_on_clothes	g	24892
gen_7_pokemon	g	24855
nose	g	24831
tube_top	g	24799
style_parody	g	24796
guilty_gear	s	24767
outstretched_hand	g	24767
shoulder_cutout	g	24741
doll	g	24707
legendary_pokemon	g	24686
wuthering_waves	s	24685
souryuu_asuka_langley	c	24537
nurse	g	24523
snk	s	24457
armpit_crease	g	24449
pokemon_bw	s	24421
toeless_legwear	g	24397
:t	g	24394
onsen	g	24234
anklet	g	24226
facing_away	g	24171
sun	g	24159
tail_ornament	g	24129
character_doll	g	24092
bedroom	g	24089
holding_clothes	g	24069
red_vest	g	24043
white_scarf	g	24041
leaning_back	g	24039
brown_pants	g	24016
holding_bag	g	23991
cheerleader	g	23958
valentine	g	23886
tabard	g	23858
bloomers	g	23851
suzumiya_haruhi_no_yuuutsu	s	23837
blue_leotard	g	23817
duel_monster	g	23790
shameimaru_aya	c	23781
spaghetti_strap	g	23701
yellow_ascot	g	23687
sunflower	g	23683
heart_censor	g	23679
senran_kagura	s	23671
sample_watermark	g	23622
used_condom	g	23614
stomach_bulge	g	23571
strike_witches	s	23559
suspender_skirt	g	23559
chinese_text	g	23533
two-tone_dress	g	23512
pinafore_dress	g	23500
flipped_hair	g	23488
against_wall	g	23484
split_mouth	g	23443
painting_(medium)	m	23411
pink_bra	g	23395
footjob	g	23393
fate/extra	s	23334
antennae	g	23311
wrist_scrunchie	g	23293
nami_(one_piece)	c	23281
bang_dream!_it's_mygo!!!!!	s	23267
partial_commentary	m	23267
shibari	g	23249
highleg_panties	g	23216
double_penetration	g	23214
bathroom	g	23201
adjusting_eyewear	g	23172
copyright_notice	g	23155
single_bare_shoulder	g	23115
hair_bell	g	23113
kono_subarashii_sekai_ni_shukufuku_wo!	s	23090
wand	g	23078
notice_lines	g	23056
chopsticks	g	23042
military_hat	g	23015
ofuda	g	22998
potted_plant	g	22996
car	g	22964
electricity	g	22920
star-shaped_pupils	g	22919
ninja	g	22866
purple_jacket	g	22857
microskirt	g	22803
kneepits	g	22787
cow_horns	g	22778
kaname_madoka	c	22702
akemi_homura	c	22693
red_hat	g	22669
re:zero_kara_hajimeru_isekai_seikatsu	s	22665
covered_mouth	g	22661
danganronpa_2:_goodbye_despair	s	22646
dragonball_z	s	22641
antlers	g	22596
vaginal_object_insertion	g	22580
latex	g	22553
white_eyes	g	22506
goatee	g	22500
cropped_shirt	g	22497
grey_dress	g	22496
midriff_peek	g	22475
cunnilingus	g	22436
randoseru	g	22432
bare_back	g	22400
reisen_udongein_inaba	c	22396
marvel	s	22382
adjusting_hair	g	22369
realistic	g	22366
bespectacled	g	22365
confetti	g	22328
jpeg_artifacts	m	22318
purple_gloves	g	22279
horizon	g	22265
tight_clothes	g	22264
cross-laced_clothes	g	22215
gift_box	g	22208
cum_on_ass	g	22205
on_couch	g	22190
fish_tail	g	22128
komeiji_satori	c	22127
center_opening	g	22122
headdress	g	22119
blue_hat	g	22055
danganronpa_v3:_killing_harmony	s	22046
link!_like!_love_live!	s	22034
xenoblade_chronicles_2	s	21981
chibi_only	g	21967
white_collar	g	21948
breast_pocket	g	21924
holding_bottle	g	21910
bush	g	21897
vision_(genshin_impact)	g	21864
pen	g	21841
road	g	21811
arrow_(symbol)	g	21776
fire_emblem_fates	s	21771
headpiece	g	21726
joints	g	21713
kagamine_rin	c	21696
black_hoodie	g	21693
oekaki	g	21691
zipper_pull_tab	g	21689
male_underwear	g	21686
very_short_hair	g	21677
gym_leader	g	21667
nontraditional_miko	g	21599
wristwatch	g	21590
pom_pom_(cheerleading)	g	21588
saber_(fate)	c	21575
pov_crotch	g	21547
food-themed_hair_ornament	g	21543
fairy	g	21499
holding_fan	g	21494
two-sided_fabric	g	21476
black_kimono	g	21460
bound_arms	g	21457
contemporary	g	21449
print_bikini	g	21445
holding_microphone	g	21432
saigyouji_yuyuko	c	21429
hand_on_another's_face	g	21422
door	g	21391
white_capelet	g	21390
on_chair	g	21368
candle	g	21353
balloon	g	21335
gen_8_pokemon	g	21259
korean_text	g	21231
jujutsu_kaisen	s	21217
floral_background	g	21213
multicolored_skin	g	21195
glass	g	21187
fujiwara_no_mokou	c	21184
unbuttoned	g	21149
resolution_mismatch	m	21138
long_legs	g	21132
inubashiri_momiji	c	21094
symbol_in_eye	g	21055
5boys	g	21047
spread_arms	g	21045
mahou_shoujo_lyrical_nanoha	s	20977
orange_bow	g	20973
standing_sex	g	20968
bandeau	g	20965
mask_on_head	g	20962
scales	g	20962
ear_covers	g	20943
lapels	g	20933
yellow_dress	g	20924
name_tag	g	20864
alternate_hair_length	g	20863
no_nose	g	20861
giant	g	20834
harness	g	20833
blue_hairband	g	20832
gothic_lolita	g	20819
onee-shota	g	20802
half_gloves	g	20784
red_thighhighs	g	20751
sword_art_online	s	20726
red_halo	g	20690
purple_thighhighs	g	20669
bald	g	20656
feather_hair_ornament	g	20624
purple_bikini	g	20624
hat_ornament	g	20610
arm_warmers	g	20585
sensei_(blue_archive)	c	20544
blue_thighhighs	g	20529
gen_6_pokemon	g	20505
holding_polearm	g	20501
fucked_silly	g	20489
yokozuwari	g	20479
basket	g	20475
food_on_face	g	20468
forehead_jewel	g	20446
yellow_halo	g	20442
arrow_(projectile)	g	20437
atlus	s	20436
holding_tray	g	20379
winter_clothes	g	20374
vampire	g	20325
halloween_costume	g	20315
mother_and_daughter	g	20315
shoulder_tattoo	g	20314
food_in_mouth	g	20307
pokemon_dppt	s	20304
monogatari_(series)	s	20296
link	c	20227
folding_fan	g	20224
bikini_under_clothes	g	20166
yellow_bikini	g	20156
reverse_cowgirl_position	g	20109
limbus_company	s	20085
sonic_(series)	s	20062
blanket	g	20047
unzipped	g	19998
cabbie_hat	g	19979
armored_boots	g	19941
claw_pose	g	19933
toned_male	g	19925
netorare	g	19867
cable	g	19826
clock	g	19824
print_shirt	g	19766
voiceroid	s	19764
bridal_veil	g	19728
white_choker	g	19718
swimsuit_under_clothes	g	19706
gardevoir	c	19691
ganyu_(genshin_impact)	c	19628
grey_skin	g	19621
cover_page	g	19595
bun_cover	g	19553
japanese_armor	g	19540
deep_skin	g	19536
id_card	g	19510
gyaru	g	19473
fairy_wings	g	19471
geta	g	19468
long_image	m	19468
magic	g	19448
animal_nose	g	19446
petite	g	19411
body_writing	g	19366
aircraft	g	19361
tress_ribbon	g	19356
one_breast_out	g	19320
fishnet_thighhighs	g	19312
tiger_ears	g	19304
tabi	g	19297
skirt_hold	g	19282
tifa_lockhart	c	19278
blue_cape	g	19267
character_sheet	g	19259
unworn_shoes	g	19244
blue_vest	g	19209
space	g	19195
ankle_boots	g	19131
bookshelf	g	19128
french_kiss	g	19112
gakuran	g	19102
w	g	19101
bishounen	g	19100
back-to-back	g	19075
foreskin	g	19075
holding_instrument	g	19072
mechanical_arms	g	19064
sousou_no_frieren	s	19052
jack-o'-lantern	g	19047
kill_la_kill	s	19015
facial_tattoo	g	19005
white_cape	g	19004
slingshot_swimsuit	g	18995
animal_costume	g	18992
blue_neckerchief	g	18983
underbust	g	18980
pubic_tattoo	g	18970
lace-up_boots	g	18956
black_boots	g	18934
!?	g	18913
pants_pull	g	18912
curled_horns	g	18890
riding	g	18847
controller	g	18782
pokemon_xy	s	18778
drinking	g	18764
hand_on_headwear	g	18752
neptune_(series)	s	18727
red_panties	g	18718
vambraces	g	18641
print_kimono	g	18637
on_head	g	18628
fire_emblem_awakening	s	18626
spoken_ellipsis	g	18618
beachball	g	18616
brown_coat	g	18607
hand_on_own_chin	g	18603
flag	g	18597
toaru_kagaku_no_railgun	s	18597
sexually_suggestive	g	18594
arm_strap	g	18572
cityscape	g	18544
stretching	g	18528
fate/apocrypha	s	18512
holding_poke_ball	g	18471
polka_dot_background	g	18471
split-color_hair	g	18461
folded_ponytail	g	18453
highleg_bikini	g	18449
on_ground	g	18447
old	g	18433
overwatch	s	18429
white_belt	g	18424
disposable_cup	g	18382
mini_crown	g	18363
pixel_art	g	18332
yellow_neckerchief	g	18328
multiple_others	g	18324
lilith-soft	s	18315
cross-section	g	18301
project_sekai	s	18301
star_print	g	18270
wet_shirt	g	18263
black_tank_top	g	18260
wine_glass	g	18195
utau	s	18173
red_kimono	g	18166
bath	g	18156
bangle	g	18148
hands_on_own_chest	g	18148
hand_on_own_head	g	18137
erection_under_clothes	g	18133
sleeve_cuffs	g	18064
purple_panties	g	18040
multicolored_jacket	g	18034
spy_x_family	s	18033
school_desk	g	18021
princess_zelda	c	18014
persona_5	s	17992
paw_gloves	g	17989
lamp	g	17944
white_hoodie	g	17937
school	g	17932
scared	g	17931
embodiment_of_scarlet_devil	s	17904
biting	g	17882
hair_stick	g	17881
salute	g	17876
invisible_chair	g	17853
scythe	g	17846
gender_request	m	17845
sundress	g	17826
inkling	g	17812
sailor_hat	g	17806
bench	g	17798
axe	g	17796
hong_meiling	c	17777
sailor_shirt	g	17775
condom_wrapper	g	17740
leather	g	17730
collared_jacket	g	17718
code_geass	s	17716
bodystocking	g	17691
shimakaze_(kancolle)	c	17689
white_ascot	g	17686
open_hand	g	17677
dagger	g	17669
looking_afar	g	17666
red_coat	g	17633
office_lady	g	17626
green_nails	g	17619
annoyed	g	17614
open_cardigan	g	17586
konpaku_youmu_(ghost)	c	17582
green_bikini	g	17577
red_horns	g	17571
bird_wings	g	17559
evil_smile	g	17545
holding_bouquet	g	17540
blazblue	s	17526
holster	g	17514
layered_skirt	g	17513
chibi_inset	g	17467
covered_eyes	g	17462
fur-trimmed_coat	g	17462
rumia	c	17456
haori	g	17455
thighlet	g	17451
fat_mons	g	17444
arm_under_breasts	g	17431
scar_on_cheek	g	17428
petticoat	g	17424
purple_skin	g	17420
girlfriend_(kari)	s	17406
everyone	g	17377
assault_rifle	g	17357
backboob	g	17353
poke_ball_(basic)	g	17316
mash_kyrielight	c	17315
open_fly	g	17313
watercolor_(medium)	m	17311
holding_animal	g	17300
hands_on_own_face	g	17299
textless_version	m	17287
nier_(series)	s	17284
stuffed_rabbit	g	17282
hand_to_own_mouth	g	17239
slippers	g	17221
whisker_markings	g	17220
limited_palette	g	17211
undercut	g	17205
film_grain	g	17199
kimetsu_no_yaiba	s	17199
functionally_nude	g	17193
shade	g	17178
bridal_garter	g	17177
facial_scar	g	17162
square_enix	s	17144
lowleg	g	17124
red_choker	g	17059
naked_towel	g	17042
red_shorts	g	17039
asymmetrical_gloves	g	17025
blue_rose	g	16987
handcuffs	g	16967
tentacle_sex	g	16954
raiden_shogun	c	16943
white_tank_top	g	16941
bandaged_leg	g	16937
paw_print	g	16937
clothes_around_waist	g	16933
cannon	g	16913
mismatched_legwear	g	16912
nervous	g	16908
jeanne_d'arc_(fate)	c	16903
key	g	16888
touken_ranbu	s	16881
round_teeth	g	16844
lumine_(genshin_impact)	c	16815
brothers	g	16813
demon	g	16810
holding_stuffed_toy	g	16807
cross_necklace	g	16789
eyeball	g	16778
female_ejaculation	g	16778
unworn_eyewear	g	16773
cowbell	g	16765
bare_pectorals	g	16752
silhouette	g	16749
dark	g	16736
rabbit_hair_ornament	g	16728
fantasy	g	16725
seductive_smile	g	16720
sarong	g	16712
pocky	g	16695
gochuumon_wa_usagi_desu_ka?	s	16669
yellow_skirt	g	16660
rwby	s	16650
ball_gag	g	16629
cone_hair_bun	g	16621
wide_shot	g	16618
red_skin	g	16611
abyssal_ship	g	16610
taut_clothes	g	16600
hip_vent	g	16568
navel_piercing	g	16552
moriya_suwako	c	16544
head_wreath	g	16511
navel_cutout	g	16504
tomboy	g	16502
kaenbyou_rin	c	16495
red_pants	g	16495
@qp:flapper	a	16465
tile_floor	g	16450
layered_dress	g	16442
naked_shirt	g	16430
ear_ornament	g	16389
=_=	g	16350
crotch_seam	g	16313
field	g	16293
orange_shirt	g	16292
tied_shirt	g	16292
mouse_tail	g	16279
stitches	g	16279
backless_dress	g	16273
reading	g	16271
exhibitionism	g	16256
pink_bowtie	g	16256
anchor_symbol	g	16241
mind_control	g	16228
partially_unbuttoned	g	16206
bathing	g	16204
alternate_eye_color	g	16201
clothed_male_nude_female	g	16163
shingeki_no_kyojin	s	16132
loose_socks	g	16126
bucket	g	16114
red_ascot	g	16108
naruto_shippuuden	s	16094
old_man	g	16082
wet_hair	g	16082
blue_scarf	g	16078
torn_thighhighs	g	16061
partially_colored	g	16057
wind_lift	g	16053
short_over_long_sleeves	g	16048
shark_tail	g	16047
covering_crotch	g	16045
disembodied_penis	g	16011
autumn_leaves	g	16002
red_eyeshadow	g	15999
indian_style	g	15966
happy_new_year	g	15965
chinese_zodiac	g	15959
hand_on_own_thigh	g	15955
waitress	g	15950
yakumo_ran	c	15924
reiuji_utsuho	c	15916
gohei	g	15907
black_border	g	15906
idol	g	15903
tiptoes	g	15889
open_kimono	g	15873
star_earrings	g	15862
tatami	g	15859
vertical-striped_clothes	g	15835
@dairi	a	15830
bandaid_on_leg	g	15825
holding_plate	g	15816
laughing	g	15813
two-tone_skin	g	15813
fox_mask	g	15812
military_vehicle	g	15806
bat_(animal)	g	15785
drunk	g	15763
chestnut_mouth	g	15722
pikachu	c	15718
skullgirls	s	15716
striped_background	g	15704
houshou_marine	c	15691
bikini_skirt	g	15686
crescent_moon	g	15656
gawr_gura	c	15614
bra_lift	g	15604
pink_kimono	g	15601
tracen_school_uniform	g	15596
hair_slicked_back	g	15571
armored_dress	g	15553
blue_gemstone	g	15536
overwatch_1	s	15521
lucky_star	s	15516
cat_boy	g	15514
no_pupils	g	15504
uneven_legwear	g	15503
colored_tips	g	15501
own_hands_clasped	g	15495
knee_pads	g	15486
holding_another's_wrist	g	15485
pulled_by_self	g	15483
warrior_of_light_(ff14)	c	15483
alternate_hair_color	g	15474
mittens	g	15459
hitodama	g	15455
light_frown	g	15449
aqua_nails	g	15448
anniversary	g	15412
red_leotard	g	15386
huge_ahoge	g	15362
frilled_bow	g	15354
pumpkin	g	15352
scaramouche_(genshin_impact)	c	15329
blue_coat	g	15295
kagamine_len	c	15280
animal_hat	g	15266
pectoral_cleavage	g	15253
nier:automata	s	15252
carrot	g	15233
licking_penis	g	15224
nijisanji_en	s	15222
spiked_collar	g	15213
spoken_question_mark	g	15213
pink_thighhighs	g	15202
persona_4	s	15197
hat_feather	g	15168
see-through_sleeves	g	15159
architecture	g	15145
bracer	g	15124
sitting_on_lap	g	15110
idolmaster_cinderella_girls_starlight_stage	s	15108
asuna_(blue_archive)	c	15098
mermaid	g	15098
image_sample	m	15072
taimanin_asagi	s	15072
tape	g	15070
animification	g	15055
naked_apron	g	15042
chest_tattoo	g	15039
headpat	g	14998
snowflakes	g	14981
hugging_own_legs	g	14968
string	g	14960
shoulder_blades	g	14958
milk	g	14931
frog	g	14917
penis_grab	g	14902
reverse:1999	s	14890
pokemon_bw2	s	14863
scabbard	g	14863
black_cat	g	14851
love_live!_superstar!!	s	14835
purple_kimono	g	14786
white_wrist_cuffs	g	14784
fate/zero	s	14767
leaf_hair_ornament	g	14764
talking	g	14762
headphones_around_neck	g	14761
miki_sayaka	c	14724
teapot	g	14721
one-piece_tan	g	14699
horn_ornament	g	14680
gakuen_idolmaster	s	14672
chen	c	14664
facepaint	g	14660
oil-paper_umbrella	g	14652
brown_shorts	g	14650
brown_sweater	g	14626
leg_ribbon	g	14625
white_rose	g	14620
high_school_dxd	s	14618
kazami_yuuka	c	14614
inazuma_eleven_(series)	s	14612
computer	g	14611
arc_system_works	s	14608
aura	g	14581
winter_uniform	g	14574
yuuka_(blue_archive)	c	14568
heart_earrings	g	14567
green_necktie	g	14555
watercraft	g	14553
spiked_bracelet	g	14549
red_hakama	g	14511
raccoon_ears	g	14507
bead_necklace	g	14471
ranma_1/2	s	14465
fox	g	14463
multiple_persona	g	14454
aqua_necktie	g	14449
wedgie	g	14437
sleeveless_turtleneck	g	14430
assertive_female	g	14429
nico_robin	c	14428
pink_skin	g	14427
paintbrush	g	14416
two_tails	g	14409
final_fantasy_vii_remake	s	14391
on_one_knee	g	14353
grey_shorts	g	14345
symmetrical_docking	g	14344
defloration	g	14336
princess_carry	g	14317
mecha_musume	g	14315
hand_on_own_knee	g	14306
bread	g	14299
fireworks	g	14297
vampire_(game)	s	14270
bad_anatomy	g	14239
emblem	g	14233
female_orgasm	g	14230
imminent_kiss	g	14226
blue_bra	g	14220
dancing	g	14191
red_pupils	g	14186
fang_out	g	14174
cow_girl	g	14169
formal_clothes	g	14157
disembodied_limb	g	14149
vines	g	14149
self-upload	m	14147
hinanawi_tenshi	c	14145
princess_peach	c	14145
see-through_shirt	g	14128
cum_string	g	14118
:>	g	14116
belt_pouch	g	14116
police	g	14115
frilled_hairband	g	14105
frog_hair_ornament	g	14068
grabbing_another's_ass	g	14068
black_capelet	g	14058
heart_of_string	g	14052
holding_fruit	g	14049
grabbing_another's_hair	g	14047
black_suit	g	14008
o-ring_bikini	g	14008
split	g	13998
gotoh_hitori	c	13996
ribs	g	13989
face-to-face	g	13982
diamond_(shape)	g	13974
pistol	g	13945
bow_bra	g	13935
yellow_sclera	g	13934
emphasis_lines	g	13923
aqua_background	g	13898
squiggle	g	13888
small_penis	g	13886
coat_on_shoulders	g	13880
sad	g	13877
leg_warmers	g	13866
strap	g	13846
tomoe_mami	c	13845
grey_sweater	g	13828
danganronpa:_trigger_happy_havoc	s	13823
oversized_clothes	g	13823
yellow_necktie	g	13799
head_fins	g	13794
halftone	g	13782
cloud_strife	c	13761
giantess	g	13752
photo_(object)	g	13743
shigure_(kancolle)	c	13733
bound_legs	g	13731
kobayashi-san_chi_no_maidragon	s	13729
chest_jewel	g	13684
pantyhose_under_shorts	g	13667
constricted_pupils	g	13665
fairy_tail	s	13660
short_kimono	g	13655
kitsune	g	13644
shackles	g	13631
animal_collar	g	13625
pee	g	13625
pink_gloves	g	13598
kawashiro_nitori	c	13593
low_twin_braids	g	13592
narrow_waist	g	13582
lifting_own_clothes	g	13578
hina_(blue_archive)	c	13551
pearl_necklace	g	13544
shy	g	13530
neck_ring	g	13515
crescent_hair_ornament	g	13510
black_scarf	g	13482
hanfu	g	13473
horse	g	13472
hu_tao_(genshin_impact)	c	13462
alphes_(style)	g	13458
string_panties	g	13454
sheet_grab	g	13443
lower_teeth_only	g	13440
asymmetrical_clothes	g	13438
micro_shorts	g	13433
derivative_work	m	13424
torn_shirt	g	13422
buttjob	g	13416
go-toubun_no_hanayome	s	13414
fundoshi	g	13386
butt_plug	g	13385
birthday	g	13384
out-of-frame_censoring	g	13384
winter	g	13373
spread_anus	g	13368
tall_image	m	13366
pantyhose_pull	g	13356
striped_dress	g	13355
anal_beads	g	13351
sack	g	13332
heart_cutout	g	13329
blue_sweater	g	13328
parasol	g	13327
summer	g	13310
mother_and_son	g	13303
hair_up	g	13301
green_shorts	g	13299
unfinished	m	13292
persona_3	s	13286
gold	g	13269
wagashi	g	13257
stitched	m	13249
saibou_shinkyoku	s	13246
fur-trimmed_sleeves	g	13241
monster_hunter_(series)	s	13235
marker_(medium)	m	13215
under_covers	g	13210
torso_grab	g	13209
2b_(nier:automata)	c	13186
triangle_mouth	g	13183
multiple_rings	g	13181
picture_frame	g	13181
anchor	g	13161
animated	m	13153
animalization	g	13140
admiral_(kancolle)	c	13138
cum_pool	g	13134
cyborg	g	13123
airplane	g	13120
black_neckerchief	g	13112
blood_on_hands	g	13111
fate/kaleid_liner_prisma_illya	s	13097
aqua_bow	g	13075
mmf_threesome	g	13064
holding_gift	g	13055
pointing_at_viewer	g	13050
green_pants	g	13046
thumbs_up	g	13038
kaga_(kancolle)	c	13030
extra_arms	g	13025
transparent	g	13025
ribbon_choker	g	13002
implied_sex	g	12983
animal_on_head	g	12950
strap_gap	g	12943
knees	g	12942
playing_instrument	g	12940
super_smash_bros.	s	12923
dc_comics	s	12922
brown_cardigan	g	12918
triangular_headpiece	g	12908
monster_boy	g	12906
earmuffs	g	12891
recording	g	12843
tiger_print	g	12843
one-eyed	g	12839
tiger_tail	g	12829
lineart	g	12806
omori	s	12804
weibo_watermark	g	12794
company_name	g	12789
lace-trimmed_bra	g	12784
shell	g	12782
coin	g	12762
ear_blush	g	12762
braided_bun	g	12751
belt_collar	g	12750
torii	g	12740
glowing_eye	g	12736
mushroom	g	12730
kicking	g	12729
grey_gloves	g	12703
internal_cumshot	g	12701
undershirt	g	12687
shirakami_fubuki	c	12671
shorts_under_skirt	g	12667
armpit_hair	g	12666
higurashi_no_naku_koro_ni	s	12648
plaid_dress	g	12634
pink_rose	g	12627
green_vest	g	12625
police_uniform	g	12622
bow_hairband	g	12620
curtained_hair	g	12615
megurine_luka	c	12604
pencil	g	12595
bikini_armor	g	12579
o_o	g	12571
two-tone_shirt	g	12566
lolita_hairband	g	12562
pigeon-toed	g	12558
chest_harness	g	12557
food_focus	g	12556
sakura_kyoko	c	12551
looking_at_penis	g	12549
red_collar	g	12542
hibiki_(kancolle)	c	12538
chalkboard	g	12535
misty_(pokemon)	c	12533
wardrobe_malfunction	g	12526
bathtub	g	12523
christmas_tree	g	12519
chun-li	c	12516
nervous_sweating	g	12515
the_legend_of_zelda:_breath_of_the_wild	s	12514
frilled_collar	g	12511
thong_leotard	g	12506
dungeon_meshi	s	12483
holding_cigarette	g	12472
dragon_ball_super	s	12462
ffm_threesome	g	12460
over_shoulder	g	12458
water_bottle	g	12456
goat_horns	g	12448
hoshimachi_suisei	c	12433
touhou_(pc-98)	s	12417
battle	g	12397
cross-shaped_pupils	g	12395
singing	g	12386
unworn_panties	g	12376
doodle_sensei_(blue_archive)	c	12361
bead_bracelet	g	12355
animated_gif	m	12353
tea	g	12353
whiskers	g	12349
firefly_(honkai:_star_rail)	c	12348
mystia_lorelei	c	12335
hibiscus	g	12334
mechanical_halo	g	12330
blue_hoodie	g	12323
fur-trimmed_gloves	g	12314
playing_card	g	12309
tsukihime	s	12294
raglan_sleeves	g	12291
fatal_fury	s	12284
shoulder_pads	g	12284
rebuild_of_evangelion	s	12281
jeanne_d'arc_alter_(fate)	c	12276
duplicate	m	12273
insect_wings	g	12272
necktie_between_breasts	g	12261
bonnet	g	12258
tokyo_houkago_summoners	s	12245
dawn_(pokemon)	c	12241
lace-trimmed_panties	g	12238
multiple_penetration	g	12237
tassel_earrings	g	12232
garrison_cap	g	12227
red_sweater	g	12216
:/	g	12214
trailblazer_(honkai:_star_rail)	c	12210
sega	s	12207
pleated	g	12201
syringe	g	12198
red_capelet	g	12197
bursting_breasts	g	12195
no_mouth	g	12189
nosebleed	g	12178
brown_fur	g	12176
burger	g	12172
pussy_peek	g	12166
>:)	g	12162
fur-trimmed_cape	g	12151
defeat	g	12144
white_bodysuit	g	12143
hooded_cloak	g	12140
east_asian_architecture	g	12128
holding_candy	g	12127
toilet	g	12125
body_markings	g	12122
cheating_(relationship)	g	12105
cardcaptor_sakura	s	12103
ice_wings	g	12101
pink_theme	g	12100
forced	g	12096
dark_background	g	12089
cross_hair_ornament	g	12088
stool	g	12086
asymmetrical_docking	g	12085
facing_another	g	12072
leg_tattoo	g	12047
hammer	g	12033
black_tail	g	12032
breast_rest	g	12018
pink_sweater	g	12017
house	g	12012
tail_raised	g	11988
bikini_bottom_only	g	11987
brick_wall	g	11978
shimenawa	g	11977
holding_fork	g	11969
manly	g	11967
doughnut	g	11957
greaves	g	11943
mouse_girl	g	11941
brown_hat	g	11938
camouflage	g	11936
ruins	g	11930
inkling_girl	c	11905
ears_through_headwear	g	11903
bride	g	11902
kirby_(series)	s	11899
male_swimwear	g	11892
tilted_headwear	g	11892
dappled_sunlight	g	11891
multicolored_dress	g	11886
ayanami_rei	c	11874
biceps	g	11869
tengen_toppa_gurren_lagann	s	11859
orange_skirt	g	11856
egg	g	11854
two-tone_eyes	g	11851
metroid	s	11845
yor_briar	c	11844
resident_evil	s	11843
dark_persona	g	11841
holding_can	g	11840
sleeves_past_elbows	g	11840
side_braids	g	11837
floor	g	11827
earphones	g	11820
puddle	g	11818
babydoll	g	11817
red_eyeliner	g	11813
red_theme	g	11775
magia_record:_mahou_shoujo_madoka_magica_gaiden	s	11771
cherry	g	11766
single_sidelock	g	11765
mahou_shoujo_lyrical_nanoha_strikers	s	11755
shiroko_(blue_archive)	c	11751
bear_ears	g	11748
grey_thighhighs	g	11748
abigail_williams_(fate)	c	11746
yellow_hairband	g	11745
shared_bathing	g	11731
dress_bow	g	11707
shoe_soles	g	11695
magatama	g	11687
dead_or_alive	s	11682
thong_bikini	g	11676
resized	m	11672
ibuki_suika	c	11670
bruise	g	11661
tohsaka_rin	c	11655
double_handjob	g	11648
white_camisole	g	11645
alien	g	11637
cookie	g	11632
wet_panties	g	11617
other_focus	g	11615
black_skin	g	11589
long_sideburns	g	11583
animal_penis	g	11577
flat_color	g	11574
sparkling_eyes	g	11569
badge	g	11567
arm_cannon	g	11564
vehicle_focus	g	11546
air_bubble	g	11540
senki_zesshou_symphogear	s	11533
suit_jacket	g	11531
stirrup_legwear	g	11514
kamishirasawa_keine	c	11510
holding_spoon	g	11508
may_(pokemon)	c	11485
to_love-ru	s	11478
snake_hair_ornament	g	11467
koakuma	c	11466
braided_bangs	g	11464
topknot	g	11460
sagging_breasts	g	11456
gym_shirt	g	11446
checkered_floor	g	11438
monitor	g	11436
furina_(genshin_impact)	c	11425
big_hair	g	11421
improvised_gag	g	11421
flaccid	g	11420
heads_together	g	11418
one-punch_man	s	11416
smoking_pipe	g	11413
feet_up	g	11412
jumpsuit	g	11405
pinstripe_pattern	g	11391
samus_aran	c	11391
|_|	g	11386
raccoon_tail	g	11381
o-ring_top	g	11375
crop_top_overhang	g	11363
heart_print	g	11362
extra_eyes	g	11359
nude_filter	m	11358
taimanin_rpgx	s	11351
huge_weapon	g	11349
heart_pasties	g	11345
lion_ears	g	11343
handheld_game_console	g	11341
maple_leaf	g	11331
yin_yang	g	11330
neck	g	11316
nanami_chiaki	c	11315
yellow_gloves	g	11307
blue_choker	g	11299
holding_card	g	11297
kasane_teto	c	11295
cow_tail	g	11291
rainbow	g	11274
ejaculating_while_penetrated	g	11272
chest_hair	g	11271
leaning_to_the_side	g	11257
folded	g	11241
peach	g	11237
mika_(blue_archive)	c	11232
purple_bowtie	g	11230
pussy_juice_trail	g	11220
huge_nipples	g	11215
black_fur	g	11207
fur-trimmed_dress	g	11192
v-neck	g	11183
green_gloves	g	11165
weapon_on_back	g	11165
samurai_spirits	s	11164
mountainous_horizon	g	11161
green_panties	g	11157
cutoffs	g	11154
red_bodysuit	g	11153
shiranui_mai	c	11150
ripples	g	11136
single_shoe	g	11136
shark_girl	g	11127
white_bowtie	g	11122
frilled_choker	g	11121
dirty	g	11114
crotchless	g	11104
wolf	g	11101
in_container	g	11089
frieren	c	11085
cum_on_tongue	g	11082
polka_dot_bow	g	11068
dimples_of_venus	g	11051
torn_pants	g	11043
skeleton	g	11035
fire_emblem_engage	s	11026
bikini_pull	g	11023
baseball_bat	g	11022
dripping	g	11012
falling	g	11003
print_panties	g	10998
spread_ass	g	10998
sanpaku	g	10995
yellow_nails	g	10991
brown_vest	g	10989
illyasviel_von_einzbern	c	10988
popped_collar	g	10985
sunbeam	g	10977
atelier_(series)	s	10967
yae_miko	c	10961
houraisan_kaguya	c	10954
zhongli_(genshin_impact)	c	10953
hooded_coat	g	10940
power_lines	g	10933
watermelon	g	10925
fate/extra_ccc	s	10913
fujimaru_ritsuka_(male)	c	10901
side-by-side	g	10901
mini_top_hat	g	10899
animal_ear_hairband	g	10898
sandwiched	g	10896
nipple_stimulation	g	10893
skirt_pull	g	10877
shirt_pull	g	10870
inaba_tewi	c	10865
nero_claudius_(fate)	c	10865
white_shoes	g	10861
object_on_head	g	10851
doll_joints	g	10838
traditional_bowtie	g	10836
misaka_mikoto	c	10832
imminent_rape	g	10815
source_smaller	m	10813
cookie_(touhou)	s	10811
animal_ear_headphones	g	10799
two-tone_jacket	g	10793
nazrin	c	10791
umineko_no_naku_koro_ni	s	10783
side_bun	g	10778
checkered_background	g	10775
motorcycle	g	10773
hair_censor	g	10770
super_mario_bros._1	s	10768
colorized	m	10754
flat_cap	g	10752
sleeveless_jacket	g	10738
blue_sleeves	g	10737
bandaid_on_nose	g	10726
hyuuga_hinata	c	10725
shorts_pull	g	10719
magic_circle	g	10702
fringe_trim	g	10687
holding_bow_(weapon)	g	10683
teacher	g	10682
maebari	g	10676
game_controller	g	10669
grabbing_own_ass	g	10669
aerith_gainsborough	c	10661
photo_(medium)	m	10661
family	g	10654
hypnosis	g	10651
asymmetrical_wings	g	10648
whistle	g	10642
soaking_feet	g	10626
charm_(object)	g	10623
single_sock	g	10623
purple_lips	g	10621
tatara_kogasa	c	10605
yellow_fur	g	10601
suzumiya_haruhi	c	10595
hoshino_(blue_archive)	c	10594
pokemon_hgss	s	10591
scissors	g	10590
long_coat	g	10578
electric_guitar	g	10569
hair_over_breasts	g	10565
bamboo	g	10548
green_hat	g	10539
splashing	g	10534
miqo'te	g	10526
cube_hair_ornament	g	10518
macross	s	10504
oversized_object	g	10482
gundam_suisei_no_majo	s	10471
shiny_pokemon	g	10461
beer	g	10457
television	g	10455
green_kimono	g	10450
yellow_sweater	g	10447
looking_at_object	g	10440
yellow_bowtie	g	10437
two-tone_fur	g	10435
infection_monitor_(arknights)	c	10432
long_braid	g	10422
red_gemstone	g	10414
black_halo	g	10407
elden_ring	s	10407
idolmaster_million_live!_theater_days	s	10406
fur-trimmed_capelet	g	10398
akiyama_mio	c	10393
orange_dress	g	10389
aiming	g	10388
hakama_short_skirt	g	10387
striped_necktie	g	10381
pink_hairband	g	10379
planet	g	10371
megumin	c	10359
lamppost	g	10357
blue_bodysuit	g	10355
bra_pull	g	10343
white_robe	g	10341
arm_ribbon	g	10331
houjuu_nue	c	10331
standing_split	g	10319
kamen_rider	s	10313
last_origin	s	10307
open_vest	g	10303
:>=	g	10300
m_legs	g	10300
holding_wand	g	10293
aether_(genshin_impact)	c	10289
rozen_maiden	s	10287
dougi	g	10284
1980s_(style)	m	10263
rosa_(pokemon)	c	10256
yawning	g	10248
torogao	g	10244
swim_ring	g	10239
robot_joints	g	10232
cowboy_hat	g	10198
graphite_(medium)	m	10196
thigh_grab	g	10196
fate_testarossa	c	10194
bridge	g	10190
pokemon_oras	s	10189
notched_lapels	g	10185
coffee	g	10184
matoi_ryuuko	c	10174
;o	g	10173
rigging	g	10170
gradient_eyes	g	10167
fujimaru_ritsuka_(female)	c	10162
nahida_(genshin_impact)	c	10159
impregnation	g	10155
prosthesis	g	10153
axis_powers_hetalia	s	10149
dragon_wings	g	10134
heart_ahoge	g	10127
tunic	g	10127
flower_field	g	10124
brown_shoes	g	10120
mythical_pokemon	g	10120
heart_brooch	g	10117
lillie_(pokemon)	c	10102
unworn_skirt	g	10102
green_bowtie	g	10097
summer_uniform	g	10097
queen's_blade	s	10094
demon_boy	g	10092
arm_guards	g	10077
crotch	g	10077
off-shoulder_sweater	g	10075
arthropod_girl	g	10071
mandarin_collar	g	10061
unworn_clothes	g	10055
zombie	g	10033
mizuhashi_parsee	c	10027
taimanin_asagi_kessen_arena	s	10027
hand_on_own_ass	g	10026
smile_precure!	s	10022
frilled_thighhighs	g	10020
rem_(re:zero)	c	10017
ouro_kronii	c	10015
commissioner_upload	m	10000
monocle	g	9995
dolphin_shorts	g	9990
uwabaki	g	9984
sliding_doors	g	9977
pokemon_legends:_arceus	s	9976
bobby_socks	g	9975
penis_awe	g	9973
pyra_(xenoblade)	c	9963
sweater_dress	g	9958
orange_jacket	g	9944
tail_bow	g	9938
red_sash	g	9937
number_tattoo	g	9924
sniper_rifle	g	9923
wedding_band	g	9922
sheep_horns	g	9921
kagiyama_hina	c	9920
partially_undressed	g	9911
no_socks	g	9908
draph	g	9906
skinny	g	9906
uzumaki_naruto	c	9905
kinomoto_sakura	c	9876
large_nipples	g	9876
trigger_discipline	g	9873
bare_tree	g	9861
merry_christmas	g	9857
makima_(chainsaw_man)	c	9855
wine	g	9855
eiyuu_densetsu	s	9850
arm_garter	g	9849
long_tongue	g	9838
wedding_ring	g	9838
mismatched_pupils	g	9837
mori_calliope	c	9834
oldschool	g	9833
no_eyes	g	9830
hijiri_byakuren	c	9829
lanyard	g	9824
earclip	g	9818
usada_pekora	c	9816
!!	g	9796
cross_earrings	g	9796
hilda_(pokemon)	c	9794
energy	g	9788
red_bra	g	9787
waist_cape	g	9784
whip	g	9780
blue_socks	g	9775
green_halo	g	9774
panty_&_stocking_with_garterbelt	s	9774
amputee	g	9773
+++	g	9771
halter_dress	g	9764
holding_chopsticks	g	9740
race_queen	g	9733
street	g	9726
patreon_logo	g	9724
guro	g	9720
gridman_universe	s	9717
ear_bow	g	9715
black_bag	g	9708
detached_wings	g	9708
reverse_suspended_congress	g	9698
knight	g	9688
guilty_gear_strive	s	9684
bad_tumblr_id	m	9683
full_armor	g	9680
grey_pantyhose	g	9679
pillow_hug	g	9675
scroll	g	9675
peeing_self	g	9665
photo_background	g	9655
untied_bikini	g	9653
monkey_d._luffy	c	9647
mating_press	g	9643
body_blush	g	9638
after_anal	g	9621
poolside	g	9620
holding_lollipop	g	9619
trait_connection	g	9618
leaning	g	9615
white_neckerchief	g	9614
skull_hair_ornament	g	9602
sleepy	g	9594
rio_(blue_archive)	c	9590
sweater_lift	g	9586
toki_(blue_archive)	c	9583
blank_eyes	g	9577
mona_(genshin_impact)	c	9577
genderswap_(ftm)	g	9565
father_and_daughter	g	9563
downblouse	g	9554
loincloth	g	9548
hand_on_own_stomach	g	9547
multiple_hair_bows	g	9545
pretty_series	s	9531
holding_ball	g	9527
frilled_panties	g	9525
leaf_on_head	g	9525
grey_coat	g	9524
lying_on_person	g	9521
hamakaze_(kancolle)	c	9518
cynthia_(pokemon)	c	9505
black_flower	g	9501
single_wing	g	9498
explosion	g	9473
animal_crossing	s	9469
humanization	g	9451
afterimage	g	9446
zzz	g	9442
nightgown	g	9436
chess_piece	g	9433
penis_on_face	g	9432
pillar	g	9432
inazuma_eleven	s	9422
clipboard	g	9421
frilled_bra	g	9420
bra_strap	g	9415
tekken	s	9406
nishikino_maki	c	9401
hair_spread_out	g	9398
vertical-striped_shirt	g	9395
toujou_nozomi	c	9392
print_dress	g	9378
bikini_bottom_aside	g	9374
pixiv_sample	m	9371
purple_theme	g	9370
bakemonogatari	s	9355
hasu_no_sora_school_uniform	g	9354
gold_earrings	g	9347
purple_necktie	g	9343
beach_umbrella	g	9330
domino_mask	g	9328
haruno_sakura	c	9319
2others	g	9317
against_glass	g	9314
saucer	g	9314
real_life	s	9306
tate_eboshi	g	9306
forehead_protector	g	9305
nakano_azusa	c	9303
holding_pen	g	9293
anal_tail	g	9287
asymmetrical_sleeves	g	9286
drop_shadow	g	9276
on_grass	g	9274
carrying_person	g	9272
official_style	g	9271
yazawa_nico	c	9271
fox_shadow_puppet	g	9268
:|	g	9248
adjusting_headwear	g	9246
submachine_gun	g	9243
yuudachi_(kancolle)	c	9237
vspo!	s	9230
heart_in_eye	g	9227
blue_fire	g	9219
holding_paper	g	9216
single_mechanical_arm	g	9214
ninomae_ina'nis	c	9197
husband_and_wife	g	9192
scathach_(fate)	c	9185
pokemon_masters_ex	s	9183
cake_slice	g	9179
grey_vest	g	9179
yasaka_kanako	c	9178
photoshop_(medium)	m	9174
nekomata_okayu	c	9166
short_necktie	g	9161
casual_one-piece_swimsuit	g	9160
star_in_eye	g	9159
mismatched_gloves	g	9144
fusion	g	9138
red_sleeves	g	9138
scar_on_arm	g	9135
fake_screenshot	g	9134
iron_cross	g	9125
checkered_skirt	g	9119
gaping	g	9115
princess	g	9111
projectile_cum	g	9102
nero_claudius_(fate)_(all)	c	9093
plaid_bow	g	9089
frilled_hair_tubes	g	9083
tamamo_no_mae_(fate/extra)	c	9083
black_ascot	g	9080
assault_lily	s	9073
head_scarf	g	9061
reclining	g	9057
futon	g	9053
after_fellatio	g	9048
purple_bra	g	9046
falling_leaves	g	9040
floppy_ears	g	9035
striped_bowtie	g	9026
yu-gi-oh!_duel_monsters	s	9024
bandaid_on_knee	g	9022
holding_removed_eyewear	g	9022
evening	g	9013
train_interior	g	9013
watanabe_you	c	9012
dog_tags	g	9005
splatoon_3	s	9005
oppai_loli	g	9003
suggestive_fluid	g	9002
hands_on_own_cheeks	g	9000
train	g	8994
orange_(fruit)	g	8978
tank	g	8975
speed_lines	g	8972
costume_switch	g	8951
between_fingers	g	8949
1futa	g	8948
jester_cap	g	8940
source_larger	m	8939
pink_cardigan	g	8937
explosive	g	8935
orgy	g	8935
lily_(flower)	g	8932
deep_penetration	g	8929
sakazuki	g	8928
see-through_cleavage	g	8925
blood_splatter	g	8924
shelf	g	8924
holding_camera	g	8918
ash_ketchum	c	8910
covered_collarbone	g	8909
multicolored_nails	g	8906
single_leg_pantyhose	g	8906
white_vest	g	8903
reverse_outfit	g	8901
ace_attorney	s	8898
floating_object	g	8890
money	g	8890
tying_hair	g	8884
nervous_smile	g	8879
glaring	g	8876
black_mask	g	8865
footwear_bow	g	8857
flower-shaped_pupils	g	8853
hands_on_own_knees	g	8849
sonoda_umi	c	8848
meat	g	8842
voice_actor_connection	g	8834
baggy_pants	g	8831
unconventional_maid	g	8827
disgaea	s	8826
utility_pole	g	8824
brown_bow	g	8820
pokemon_(classic_anime)	s	8807
pokemon_rse	s	8805
medium_dress	g	8799
raised_eyebrow	g	8798
fur-trimmed_headwear	g	8794
hard-translated	m	8792
waist_bow	g	8780
morrigan_aensland	c	8770
river	g	8766
cow_print_bikini	g	8763
broom_riding	g	8761
white_bloomers	g	8756
black_cloak	g	8747
leotard_aside	g	8747
small_nipples	g	8743
minato_aqua	c	8740
kisaki_(blue_archive)	c	8738
fighting	g	8736
jiangshi	g	8732
ore_no_imouto_ga_konna_ni_kawaii_wake_ga_nai	s	8732
book_stack	g	8731
skyscraper	g	8726
manjuu_(azur_lane)	c	8725
castle	g	8717
tight_pants	g	8715
tile_wall	g	8714
kongou_(kancolle)	c	8710
uterus	g	8710
snout	g	8706
water_gun	g	8701
bandaged_hand	g	8691
green_theme	g	8687
spitroast	g	8686
name_connection	g	8685
scar_on_chest	g	8685
brown_bag	g	8683
full-package_futanari	g	8680
gameplay_mechanics	g	8680
cushion	g	8675
plaid_shirt	g	8672
rice	g	8668
floating_clothes	g	8660
pokephilia	g	8655
chain-link_fence	g	8654
flag_print	g	8653
weapon_over_shoulder	g	8651
torn_dress	g	8649
chest_sarashi	g	8647
puff_of_air	g	8644
partially_unzipped	g	8643
2024	g	8636
lycoris_recoil	s	8633
long_eyelashes	g	8628
nekomata	g	8621
feeding	g	8620
pink_pupils	g	8620
stomach_tattoo	g	8620
cooking	g	8618
dog_boy	g	8616
marnie_(pokemon)	c	8616
hololive_indonesia	s	8606
paizuri_under_clothes	g	8605
grey_hoodie	g	8604
white_necktie	g	8598
leather_jacket	g	8589
spoken_exclamation_mark	g	8588
waistcoat	g	8586
amiya_(arknights)	c	8580
dark_elf	g	8577
mouth_drool	g	8577
2016	g	8576
military_jacket	g	8567
clitoral_hood	g	8564
track_suit	g	8561
cane	g	8553
nagato_yuki	c	8552
@nel-zel_formula	a	8548
suitcase	g	8547
black_sports_bra	g	8535
perspective	g	8526
expressions	g	8522
pawpads	g	8522
2023	g	8516
shushing	g	8508
ice_cream_cone	g	8507
egg_vibrator	g	8504
red_sclera	g	8503
mushoku_tensei	s	8502
swivel_chair	g	8486
yuru_yuri	s	8481
tokoyami_towa	c	8475
half-closed_eye	g	8472
gold_bikini	g	8470
takamachi_nanoha	c	8465
crack	g	8464
striped_skirt	g	8455
ayase_eli	c	8452
multiple_belts	g	8448
orange_bikini	g	8448
hand_on_another's_cheek	g	8444
bokeh	g	8443
muneate	g	8440
promotional_art	m	8440
rimless_eyewear	g	8440
open_collar	g	8433
aqua_shirt	g	8425
navel_hair	g	8408
hirasawa_yui	c	8404
striped_jacket	g	8394
doctor_(arknights)	c	8393
orb	g	8393
concept_art	m	8388
ensemble_stars!	s	8378
kashima_(kancolle)	c	8370
furry_with_non-furry	g	8367
chain_necklace	g	8362
@kagami_hirotaka	a	8346
mixed-sex_bathing	g	8340
vase	g	8337
locker	g	8334
striped_socks	g	8330
kemono_friends_v_project	s	8322
sakura_miko	c	8317
male_masturbation	g	8316
mythra_(xenoblade)	c	8297
bone	g	8293
aikatsu!_(series)	s	8290
hachimaki	g	8284
helltaker	s	8273
policewoman	g	8270
mari_(blue_archive)	c	8261
single_elbow_glove	g	8260
thigh_holster	g	8259
nanashi_mumei	c	8257
nishizumi_miho	c	8255
arms_around_neck	g	8254
pole	g	8248
barcode	g	8244
blue_capelet	g	8237
landscape	g	8235
open_hoodie	g	8233
leotard_under_clothes	g	8229
stray_pubic_hair	g	8226
hunter_x_hunter	s	8215
ooarai_school_uniform	g	8208
jacket_partially_removed	g	8207
upright_straddle	g	8205
humiliation	g	8203
death	g	8202
still_life	g	8199
on_desk	g	8194
puffy_areolae	g	8194
black_robe	g	8192
boruto:_naruto_next_generations	s	8190
2022	g	8189
midoriya_izuku	c	8185
;p	g	8180
deepthroat	g	8177
lightning	g	8174
faulds	g	8172
kirby	c	8169
black_corset	g	8168
grinding	g	8166
ainu_clothes	g	8160
wing_hair_ornament	g	8155
oshi_no_ko	s	8151
yagokoro_eirin	c	8147
dango	g	8144
heart_necklace	g	8144
lower_body	g	8128
stelle_(honkai:_star_rail)	c	8126
bloody_weapon	g	8123
child_on_child	g	8119
ranguage	g	8119
pink_choker	g	8116
spanked	g	8108
solid_oval_eyes	g	8107
holding_shield	g	8096
uraraka_ochako	c	8089
swimsuit_aside	g	8088
planted	g	8086
multiple_horns	g	8084
kitchen	g	8080
sake	g	8079
dark_nipples	g	8078
torpedo	g	8072
hairy	g	8068
lap_pillow	g	8067
pink_necktie	g	8066
idol_clothes	g	8061
irrumatio	g	8052
polka_dot_panties	g	8048
blue_belt	g	8047
onii-chan_wa_oshimai!	s	8040
undertale	s	8040
wanderer_(genshin_impact)	c	8040
takanashi_kiara	c	8039
yuzuki_yukari	c	8037
uneven_eyes	g	8033
very_dark_skin	g	8025
paper_lantern	g	8024
open_hands	g	8018
koharu_(blue_archive)	c	8011
waves	g	8011
animal_on_shoulder	g	8006
grey_halo	g	7996
reverse_bunnysuit	g	7991
keqing_(genshin_impact)	c	7989
son_goku	c	7989
the_legend_of_zelda:_tears_of_the_kingdom	s	7988
corruption	g	7981
front_ponytail	g	7980
purple_pantyhose	g	7980
minami_kotori	c	7978
no_pussy	g	7978
notebook	g	7974
print_thighhighs	g	7971
to_heart_(series)	s	7968
urethra	g	7967
white_veil	g	7963
tasuki	g	7960
evil_grin	g	7958
girl_sandwich	g	7944
girls_band_cry	s	7943
fubuki_(kancolle)	c	7940
kaguya-sama_wa_kokurasetai_~tensai-tachi_no_renai_zunousen~	s	7940
oma_kokichi	c	7939
grid_background	g	7931
what	g	7929
red_wings	g	7921
come_hither	g	7918
grey_sailor_collar	g	7916
red_headband	g	7913
linea_alba	g	7901
frilled_hat	g	7899
kafuu_chino	c	7896
beer_mug	g	7893
autumn	g	7891
ssss.gridman	s	7891
pink_neckerchief	g	7888
single_sleeve	g	7886
bra_visible_through_clothes	g	7881
time_paradox	g	7879
black_leggings	g	7877
hand_on_another's_chin	g	7877
laptop	g	7871
two-tone_gloves	g	7869
android_18	c	7865
tiger_girl	g	7864
inazuma_(kancolle)	c	7863
kazusa_(blue_archive)	c	7861
flower_knot	g	7856
sitting_on_face	g	7855
taut_shirt	g	7854
pinky_out	g	7850
broken	g	7849
plaid_scarf	g	7849
pubic_hair_peek	g	7849
brown_boots	g	7841
mole_on_neck	g	7835
turning_head	g	7834
no_nipples	g	7833
v_over_eye	g	7827
heart-shaped_eyewear	g	7818
panty_peek	g	7818
flashing	g	7816
tsunade_(naruto)	c	7815
unworn_jacket	g	7808
neck_tattoo	g	7805
gap_(touhou)	g	7803
bandaid_on_cheek	g	7796
purple_leotard	g	7796
mirko	c	7792
cammy_white	c	7781
mobile_suit	g	7781
aris_(blue_archive)	c	7777
noodles	g	7776
daiyousei	c	7774
orange_flower	g	7772
elbow_rest	g	7766
black_clover	s	7760
flower_earrings	g	7759
dungeon_ni_deai_wo_motomeru_no_wa_machigatteiru_darou_ka	s	7758
taking_picture	g	7757
anus_peek	g	7751
thighhighs_under_boots	g	7747
aiguillette	g	7746
jeanne_d'arc_(ruler)_(fate)	c	7746
tail_wagging	g	7746
microphone_stand	g	7741
red_belt	g	7735
astolfo_(fate)	c	7730
braided_hair_rings	g	7728
sono_bisque_doll_wa_koi_wo_suru	s	7728
cardboard_box	g	7718
kote	g	7709
chocolate_heart	g	7702
shanghai_doll	c	7699
jellyfish	g	7695
imaizumi_kagerou	c	7691
pumps	g	7672
slime_(substance)	g	7658
dress_pull	g	7654
take_your_pick	g	7652
revolver	g	7639
anchor_hair_ornament	g	7638
toyosatomimi_no_miko	c	7635
penguin	g	7629
covering_face	g	7628
trading_card	g	7628
straddling_paizuri	g	7620
official_wallpaper	m	7618
suzuya_(kancolle)	c	7616
grey_cardigan	g	7615
tenryuu_(kancolle)	c	7613
elbow_pads	g	7611
shiki_eiki	c	7600
teardrop	g	7595
lamia	g	7592
condom_in_mouth	g	7591
nude_cover	g	7590
futa_with_male	g	7589
arm_belt	g	7585
poster_(object)	g	7579
gundam_seed	s	7578
aqua_(konosuba)	c	7576
haruna_(kancolle)	c	7567
pink_hat	g	7562
holding_broom	g	7561
spoken_blush	g	7554
blue_fur	g	7551
unworn_mask	g	7549
leaning_on_person	g	7548
earpiece	g	7547
plaid_vest	g	7546
striped_pantyhose	g	7544
zouri	g	7538
butterfly_wings	g	7537
smell	g	7536
stage	g	7534
onozuka_komachi	c	7533
green_sweater	g	7532
stick	g	7526
wizard_hat	g	7523
kariginu	g	7518
large_bow	g	7518
venti_(genshin_impact)	c	7505
shopping_bag	g	7503
midair	g	7499
kayoko_(blue_archive)	c	7498
erune	g	7495
sideways_mouth	g	7494
breast_suppress	g	7492
fur_hat	g	7490
tsukino_usagi	c	7489
elsword	s	7488
yellow_shorts	g	7488
black_armor	g	7486
starfish	g	7475
one-piece_swimsuit_pull	g	7470
nintendo_switch	g	7469
oripathy_lesion_(arknights)	g	7469
robot_ears	g	7466
rose_petals	g	7466
yellow_panties	g	7463
eye_mask	g	7459
2017	g	7453
street_fighter_6	s	7451
blue_butterfly	g	7446
bite_mark	g	7442
d:	g	7441
tartaglia_(genshin_impact)	c	7435
wriggle_nightbug	c	7435
blue_ascot	g	7434
back_cutout	g	7432
hex_maniac_(pokemon)	c	7432
raccoon_girl	g	7425
blood_from_mouth	g	7424
heart_tattoo	g	7420
lance	g	7420
playing_games	g	7416
tiger_&_bunny	s	7416
arm_around_shoulder	g	7415
usami_renko	c	7413
engrish_text	g	7411
kingdom_hearts	s	7411
serena_(pokemon)	c	7409
bodypaint	g	7407
pervert	g	7407
multiple_wings	g	7406
tie_clip	g	7401
colored_extremities	g	7397
school_chair	g	7397
cat_hair_ornament	g	7390
agnes_tachyon_(umamusume)	c	7389
musical_note_hair_ornament	g	7389
imminent_vaginal	g	7385
tail_ribbon	g	7384
dated_commentary	g	7379
paper_fan	g	7371
unbuttoned_shirt	g	7370
competition_school_swimsuit	g	7364
viewfinder	g	7361
elysia_(honkai_impact)	c	7360
tassel_hair_ornament	g	7355
dressing	g	7354
>:d	g	7349
minamoto_no_raikou_(fate)	c	7349
green_cape	g	7348
white_feathers	g	7346
white_headband	g	7345
ship	g	7341
bicycle	g	7338
eighth_note	g	7337
suspension	g	7327
asphyxiation	g	7323
coffee_mug	g	7320
multi-tied_hair	g	7319
abstract_background	g	7317
cowlick	g	7316
hoshiguma_yuugi	c	7312
halftone_background	g	7309
mononobe_no_futo	c	7306
slime_girl	g	7306
cat_ear_headphones	g	7291
grapes	g	7286
pirate_hat	g	7282
thank_you	g	7279
sequential	g	7278
large_insertion	g	7277
multiple_moles	g	7273
punishing:_gray_raven	s	7271
2021	g	7267
kaito_(vocaloid)	c	7265
novel_illustration	m	7265
winter_coat	g	7262
fortissimo	g	7257
father_and_son	g	7254
bow-shaped_hair	g	7253
pink_shorts	g	7249
black_lips	g	7248
purple_hairband	g	7246
interface_headset	g	7242
beak	g	7241
hot	g	7238
crow	g	7236
lipstick_mark	g	7235
radio_antenna	g	7233
inflation	g	7232
diagonal_bangs	g	7225
greyscale_with_colored_background	g	7217
holding_bowl	g	7217
shuten_douji_(fate)	c	7213
spoken_musical_note	g	7210
beard_stubble	g	7206
mega_pokemon	g	7204
ankle_socks	g	7202
akagi_(kancolle)	c	7200
armpit_peek	g	7195
metal_collar	g	7195
costume	g	7194
holding_axe	g	7191
sidelighting	g	7184
heart_choker	g	7181
hand_on_own_arm	g	7178
wine_bottle	g	7175
censored_nipples	g	7173
twilight	g	7164
diamond-shaped_pupils	g	7162
medium_skirt	g	7154
naked_ribbon	g	7153
tacet_mark_(wuthering_waves)	g	7152
akazukin_chacha	s	7151
fern_(sousou_no_frieren)	c	7151
power_armor	g	7150
anime_coloring	g	7149
karin_(blue_archive)	c	7146
covering_own_mouth	g	7144
purple_sleeves	g	7144
holding_mask	g	7143
thigh_sex	g	7141
thorns	g	7140
anya_(spy_x_family)	c	7139
leopard_print	g	7139
long_pointy_ears	g	7138
namco	s	7137
skin-covered_horns	g	7137
clone	g	7131
disembodied_hand	g	7131
pointing_at_self	g	7129
pixiv_fantasia	s	7122
throne	g	7120
kita_ikuyo	c	7119
octoling	g	7116
faceless_female	g	7115
2015	g	7113
nitroplus	s	7113
artistic_error	g	7111
darling_in_the_franxx	s	7110
photo-referenced	m	7110
tsushima_yoshiko	c	7107
gloria_(pokemon)	c	7103
gradient_sky	g	7099
heart_background	g	7098
rubbing	g	7098
the_hundred_line_-last_defense_academy-	s	7097
aqua_skirt	g	7095
letter	g	7091
animal_feet	g	7075
okita_souji_(fate)	c	7075
print_skirt	g	7073
red_shoes	g	7068
purple_pants	g	7067
holding_drink	g	7064
holding_own_arm	g	7062
yandere	g	7062
splatoon_2	s	7061
check_translation	m	7060
onee-loli	g	7058
over-kneehighs	g	7051
anal_fingering	g	7038
roronoa_zoro	c	7036
striped_ribbon	g	7034
fluffy	g	7018
texas_(arknights)	c	7016
flexible	g	7008
frilled_gloves	g	7007
lifting_person	g	7007
showgirl_skirt	g	7006
statue	g	7001
bear	g	7000
sleeveless_kimono	g	6995
leg_lock	g	6993
nanashi_inc.	s	6986
harpy	g	6982
silk	g	6978
green_gemstone	g	6976
vento_aureo	s	6971
breast_lift	g	6968
yagami_hikari	c	6968
onigiri	g	6957
orc	g	6955
holding_pom_poms	g	6944
strapless_bikini	g	6941
shortstack	g	6938
prone_bone	g	6936
hatching_(texture)	g	6933
breast_tattoo	g	6932
69	g	6931
hand_on_another's_chest	g	6931
hibike!_euphonium	s	6930
soap_bubbles	g	6928
kissing_cheek	g	6923
bikini_top_lift	g	6920
ikkitousen	s	6920
machine_gun	g	6918
inazuma_eleven_go	s	6917
yellow_scarf	g	6917
orange_sky	g	6910
no_shirt	g	6898
arms_under_breasts	g	6888
track_pants	g	6888
gundam_gquuuuuux	s	6887
bullet	g	6883
assisted_exposure	g	6881
pom_poms	g	6880
blue_wings	g	6872
layered_clothes	g	6872
pocket_watch	g	6869
weibo_logo	g	6864
super_saiyan	g	6862
bubble_skirt	g	6861
bisexual_female	g	6860
black_headband	g	6858
baby	g	6855
mario	c	6851
transformation	g	6848
turtleneck_shirt	g	6847
holding_towel	g	6845
punching	g	6845
maribel_hearn	c	6843
pink_scarf	g	6839
crab	g	6836
single_pauldron	g	6835
nishikigi_chisato	c	6832
tainaka_ritsu	c	6832
taur	g	6829
dot_mouth	g	6823
holding_box	g	6823
middle_finger	g	6823
road_sign	g	6819
shore	g	6818
hand_on_another's_back	g	6816
bound_ankles	g	6814
button_gap	g	6814
gundam_build_fighters	s	6813
ayaka_(genshin_impact)	c	6811
wolf_boy	g	6808
knees_to_chest	g	6803
taimanin_yukikaze	s	6801
tribadism	g	6800
yellow_skin	g	6799
coattails	g	6798
trench_coat	g	6796
long_sidelocks	g	6795
ikazuchi_(kancolle)	c	6794
crazy_eyes	g	6792
towel_around_neck	g	6787
gold_necklace	g	6786
lowleg_panties	g	6781
hair_beads	g	6769
pokemon_focus	g	6769
bulma	c	6768
heart-shaped_box	g	6766
hand_on_another's_thigh	g	6765
boat	g	6764
jacket_around_waist	g	6763
lightning_bolt_symbol	g	6760
vertical-striped_thighhighs	g	6758
kitagawa_marin	c	6753
fox_boy	g	6749
unaligned_breasts	g	6743
shin_megami_tensei	s	6737
gears	g	6736
o-ring_choker	g	6735
inoue_orihime	c	6728
mini_wings	g	6726
akatsuki_(kancolle)	c	6719
blue_overalls	g	6719
miniboy	g	6708
shibuya_rin	c	6706
tatsumaki	c	6695
breast_envy	g	6692
apex_legends	s	6691
fur-trimmed_boots	g	6690
ikari_shinji	c	6690
ladle	g	6687
armchair	g	6686
fire_emblem:_the_blazing_blade	s	6683
torn_skirt	g	6681
prosthetic_arm	g	6676
eevee	c	6675
solid_circle_eyes	g	6672
reverse_trap	g	6666
damaged	g	6665
little_witch_academia	s	6660
warship_girls_r	s	6659
see-through_dress	g	6658
atago_(kancolle)	c	6657
wrist_ribbon	g	6657
lock	g	6656
bird_tail	g	6653
partially_translated	m	6653
joseph_joestar	c	6651
multiple_earrings	g	6649
hand_on_another's_arm	g	6646
high-waist_shorts	g	6645
manhattan_cafe_(umamusume)	c	6645
bandaids_on_nipples	g	6644
forked_eyebrows	g	6633
grey_socks	g	6628
red_armband	g	6627
toe_scrunch	g	6625
arm_hair	g	6621
energy_sword	g	6621
jeanne_d'arc_alter_(avenger)_(fate)	c	6621
muted_color	g	6620
ringlets	g	6619
izumi_konata	c	6618
ranma-chan	c	6612
big_belly	g	6607
clothes_grab	g	6605
print_gloves	g	6600
unsheathing	g	6600
saotome_ranma	c	6597
chick	g	6595
streaming_tears	g	6592
vertical-striped_dress	g	6590
pom_pom_hair_ornament	g	6587
sakurauchi_riko	c	6587
striped_scarf	g	6584
gold_bracelet	g	6581
pointing_up	g	6580
cable_knit	g	6574
purple_coat	g	6573
spider_web	g	6573
dancer	g	6572
horn_ribbon	g	6572
snowman	g	6566
male_hand	g	6564
spotlight	g	6564
sunglasses_on_head	g	6562
saihara_shuichi	c	6561
cropped	m	6555
kyubey	c	6542
multicolored_skirt	g	6540
dragon_boy	g	6538
hose	g	6536
two-tone_skirt	g	6535
underboob_cutout	g	6532
fullmetal_alchemist	s	6527
waterfall	g	6526
screaming	g	6524
kafka_(honkai:_star_rail)	c	6523
ceiling	g	6521
strap_pull	g	6521
leaf_print	g	6520
oshino_shinobu	c	6518
torn_bodysuit	g	6517
pointy_hair	g	6514
asuna_(sao)	c	6513
amatsukaze_(kancolle)	c	6505
mega_man_(classic)	s	6501
averting_eyes	g	6499
ookami_mio	c	6498
amagami	s	6489
album_cover	g	6486
little_busters!	s	6481
to_heart_2	s	6479
hiiragi_kagami	c	6478
holding_dagger	g	6478
loose_necktie	g	6478
yoko_littner	c	6477
princess_daisy	c	6474
klee_(genshin_impact)	c	6470
gundam_00	s	6465
half_up_braid	g	6464
hoshii_miki	c	6463
jar	g	6461
arm_rest	g	6458
ugly_man	g	6454
blue_buruma	g	6452
ellen_joe	c	6450
held_up	g	6449
pokemon_frlg	s	6447
asymmetrical_footwear	g	6446
locked_arms	g	6445
mechanical_wings	g	6445
harem	g	6440
cat_paws	g	6438
spring_onion	g	6438
black_camisole	g	6436
aqua_dress	g	6435
tiger	g	6435
tsundere	g	6435
fedora	g	6433
byleth_(female)_(fire_emblem)	c	6432
thick_lips	g	6428
high-waist_pants	g	6425
triangle	g	6424
watson_amelia	c	6421
painting_(object)	g	6419
single_detached_sleeve	g	6416
lake	g	6413
lemon	g	6413
animal_ear_piercing	g	6412
green_coat	g	6411
eula_(genshin_impact)	c	6406
white_serafuku	g	6405
kuujou_joutarou	c	6404
pussy_juice_stain	g	6400
quiver	g	6400
holding_scythe	g	6399
reference_inset	g	6397
paimon_(genshin_impact)	c	6395
holding_unworn_clothes	g	6394
strangling	g	6392
tachikawa_mimi	c	6390
boy_on_top	g	6387
sailor	g	6383
bakugou_katsuki	c	6381
holding_another's_arm	g	6381
food_print	g	6374
grey_fur	g	6366
old_school_swimsuit	g	6366
steins;gate	s	6365
after_rape	g	6362
condom_on_penis	g	6362
pet_play	g	6362
purple_hat	g	6362
v-fin	g	6361
yellow_cardigan	g	6355
colored_tongue	g	6352
huge_testicles	g	6351
thigh_belt	g	6351
hair_pulled_back	g	6350
scar_on_nose	g	6346
the_pose	g	6345
clover	g	6343
date_a_live	s	6343
green_scarf	g	6342
twitter	s	6337
monster_musume_no_iru_nichijou	s	6333
black_blindfold	g	6332
komaeda_nagito	c	6331
gym_shorts	g	6327
a.i._voice	s	6324
shirogane_noel	c	6323
ear_tag	g	6322
orange_nails	g	6318
convenient_leg	g	6317
business_suit	g	6316
sakamata_chloe	c	6310
cat_hood	g	6307
suletta_mercury	c	6306
sheep	g	6304
green_thighhighs	g	6303
stand_(jojo)	g	6301
spider-man_(series)	s	6300
firing	g	6299
nipple_rings	g	6297
colored_pubic_hair	g	6294
collared_coat	g	6293
matou_sakura	c	6290
twisted_torso	g	6289
aqua_bowtie	g	6285
green_sailor_collar	g	6285
chihaya_anon	c	6281
arona_(blue_archive)	c	6277
purple_vest	g	6275
disney	s	6268
togawa_sakiko	c	6268
lots_of_jewelry	g	6266
mobile_suit_gundam	s	6266
amane_kanata	c	6262
kid_icarus	s	6262
nakoruru	c	6262
lion_tail	g	6260
3:	g	6256
hydrangea	g	6256
cat_lingerie	g	6255
serval_(kemono_friends)	c	6255
tissue_box	g	6255
swim_trunks	g	6244
white_cat	g	6243
weibo_username	g	6239
power_(chainsaw_man)	c	6238
kemono_friends_3	s	6236
fog	g	6234
puyopuyo	s	6234
shenhe_(genshin_impact)	c	6232
blue_cardigan	g	6230
white_boots	g	6229
steepled_fingers	g	6227
suction_cups	g	6226
phantasy_star	s	6225
crotch_rope	g	6222
ambiguous_gender	g	6220
company_connection	g	6215
alternate_form	g	6214
blue_lips	g	6214
dragon_quest_iii	s	6214
takami_chika	c	6213
kunai	g	6209
orange_ribbon	g	6206
tower	g	6205
parted_hair	g	6204
spider_lily	g	6203
zuikaku_(kancolle)	c	6203
plana_(blue_archive)	c	6202
red_buruma	g	6201
unmoving_pattern	g	6201
garreg_mach_monastery_uniform	g	6197
trident	g	6193
inkling_player_character	c	6190
super_crown	g	6190
oozora_subaru	c	6183
love_live!_school_idol_festival_all_stars	s	6179
super_robot_wars	s	6177
vore	g	6176
flower_on_head	g	6172
tomato	g	6172
albino	g	6171
brown_scarf	g	6171
monster_girl_encyclopedia	s	6170
pokemon_sm_(anime)	s	6170
kyuubi	g	6168
shooting_star	g	6167
gilgamesh_(fate)	c	6164
pokemon_rgby	s	6162
sanji_(one_piece)	c	6162
blue_serafuku	g	6156
hoshizora_rin	c	6156
female_pervert	g	6154
closed_umbrella	g	6153
lucina_(fire_emblem)	c	6140
deformed	g	6139
two-sided_cape	g	6137
rosalina	c	6133
yahari_ore_no_seishun_lovecome_wa_machigatteiru.	s	6130
toga_himiko	c	6128
horror_(theme)	g	6127
pirate	g	6127
kousaka_honoka	c	6124
carrot_hair_ornament	g	6123
iono_(pokemon)	c	6122
pentagram	g	6121
bb_(fate)	c	6118
superhero_costume	g	6113
the_legend_of_zelda:_twilight_princess	s	6113
macaron	g	6112
looking_at_animal	g	6104
aikatsu!	s	6100
mahou_shoujo_lyrical_nanoha_a's	s	6100
toned_female	g	6100
black_rock_shooter	s	6099
dark_magician_girl	c	6096
breast_curtains	g	6093
full_nelson	g	6092
himekaidou_hatate	c	6088
clothed_female_nude_female	g	6084
tally	g	6084
boa_hancock	c	6083
santa_dress	g	6080
@ebifurya	a	6078
black_sash	g	6076
two-tone_bikini	g	6076
au_ra	g	6075
tongue_piercing	g	6074
humanoid_robot	g	6073
pripara	s	6071
kiryuuin_satsuki	c	6070
latex_gloves	g	6070
text_background	g	6069
food_on_body	g	6066
obijime	g	6065
stocking_(psg)	c	6065
furisode	g	6064
2020	g	6058
remote_control_vibrator	g	6057
pouring	g	6053
backwards_hat	g	6048
narrowed_eyes	g	6045
renamon	c	6045
showering	g	6041
yellow_theme	g	6040
off-shoulder_jacket	g	6036
tomoe_(symbol)	g	6036
body_hair	g	6034
foot_up	g	6031
red_scrunchie	g	6030
diagonal-striped_necktie	g	6027
dragon_print	g	6026
purple_cape	g	6025
macross_frontier	s	6024
whistle_around_neck	g	6020
presenting_armpit	g	6018
pizza	g	6017
alternate_universe	g	6015
rabbit_pose	g	6015
sonic_the_hedgehog	c	6014
horse_penis	g	6011
new_super_mario_bros._u_deluxe	s	6011
tablet_pc	g	6011
heartcatch_precure!	s	6010
soccer_uniform	g	6008
cooperative_fellatio	g	6007
single_hair_intake	g	6006
surgical_mask	g	6006
sailor_moon	c	6004
have_to_pee	g	6002
inactive_account	m	6002
shouting	g	5999
squirrel_ears	g	5996
finger_gun	g	5993
aru_(blue_archive)	c	5989
test_tube	g	5985
ovum	g	5984
alien_stage	s	5980
inugami_korone	c	5980
office_chair	g	5980
gintama	s	5975
argyle_legwear	g	5974
circle	g	5974
red_socks	g	5971
bat_print	g	5963
tengu-geta	g	5963
clannad	s	5960
paint_splatter	g	5953
taihou_(azur_lane)	c	5950
c.c.	c	5949
colored_pencil_(medium)	m	5946
median_furrow	g	5945
hanako_(blue_archive)	c	5942
anilingus	g	5940
darjeeling_(girls_und_panzer)	c	5939
octopus	g	5939
yukihana_lamy	c	5935
cum_on_legs	g	5934
robot_girl	g	5934
kaku_seiga	c	5933
swimming	g	5932
pink_leotard	g	5927
facing_to_the_side	g	5926
violin	g	5923
type-moon	s	5919
purple_rose	g	5918
asuna_(bunny)_(blue_archive)	c	5914
producer_(idolmaster)	c	5914
yellow_pupils	g	5910
goggles_around_neck	g	5905
virgin_killer_sweater	g	5901
yamato_(kancolle)	c	5901
kotobuki_tsumugi	c	5898
rubber_duck	g	5898
cum_on_stomach	g	5897
center-flap_bangs	g	5894
perky_breasts	g	5888
yoga_pants	g	5887
meitantei_conan	s	5883
yu-gi-oh!_gx	s	5878
chewing_gum	g	5877
splatoon_1	s	5876
multicolored_wings	g	5875
hooded_capelet	g	5871
hk416_(girls'_frontline)	c	5868
maid_bikini	g	5868
skadi_(arknights)	c	5860
very_sweaty	g	5855
blue_pantyhose	g	5854
christmas_ornaments	g	5849
long_hair_between_eyes	g	5849
mole_on_thigh	g	5846
phimosis	g	5846
pillarboxed	g	5842
bike_shorts_under_skirt	g	5840
emiya_shirou	c	5840
rectangular_eyewear	g	5840
grey_panties	g	5838
banana	g	5836
bandage_over_one_eye	g	5835
white_horns	g	5833
earth_(planet)	g	5832
making-of_available	m	5830
two-sided_jacket	g	5830
head_on_pillow	g	5829
cage	g	5827
unworn_bra	g	5827
3d	g	5824
2025	g	5823
angel_beats!	s	5822
hand_on_another's_waist	g	5822
gourd	g	5820
skates	g	5819
march_7th_(honkai:_star_rail)	c	5813
fire_emblem:_radiant_dawn	s	5812
ijichi_nijika	c	5807
hata_no_kokoro	c	5803
impossible_shirt	g	5803
goggles_on_headwear	g	5802
seia_(blue_archive)	c	5802
reverse_upright_straddle	g	5801
arm_around_waist	g	5798
reverse_grip	g	5796
rice_shower_(umamusume)	c	5791
cu_chulainn_(fate)	c	5790
dokidoki!_precure	s	5788
duck	g	5785
evolutionary_line	g	5781
comic	g	5780
single_off_shoulder	g	5777
squirrel_tail	g	5770
guilty_gear_xrd	s	5768
made_in_abyss	s	5768
puzzle_&_dragons	s	5767
ibaraki_kasen	c	5763
meiko_(vocaloid)	c	5763
nagae_iku	c	5756
large_testicles	g	5751
mordred_(fate)	c	5745
cervix	g	5744
page_number	g	5744
noa_(blue_archive)	c	5743
daiwa_scarlet_(umamusume)	c	5738
twisted_wonderland	s	5738
novelty_censor	g	5734
poking	g	5732
xenoblade_chronicles_3	s	5731
bleeding	g	5729
flower_wreath	g	5729
seagull	g	5725
ribbed_shirt	g	5722
energy_gun	g	5713
updo	g	5713
dio_brando	c	5711
blue_sash	g	5710
highleg_one-piece_swimsuit	g	5709
shop	g	5708
grey_sky	g	5706
planted_sword	g	5705
argyle_background	g	5702
@aoi_nagisa_(metalder)	a	5699
tape_gag	g	5697
bikini_tan	g	5694
lowleg_bikini	g	5693
eyepatch_bikini	g	5691
winged_arms	g	5691
towel_on_head	g	5690
fire_emblem:_genealogy_of_the_holy_war	s	5682
hasumi_(blue_archive)	c	5680
nagato_(kancolle)	c	5680
polka_dot_bikini	g	5679
plant_girl	g	5669
american_flag	g	5667
gas_mask	g	5664
joseph_joestar_(young)	c	5664
hands_on_another's_face	g	5663
check_commentary	m	5662
twitching	g	5658
shotgun	g	5655
red_sailor_collar	g	5651
purple_shorts	g	5650
scope	g	5650
breastless_clothes	g	5646
shijou_takane	c	5642
locker_room	g	5638
shihouin_yoruichi	c	5638
too_many	g	5637
bodysuit_under_clothes	g	5633
x-men	s	5629
quad_tails	g	5628
see-through_legwear	g	5628
flip-flops	g	5623
sanrio	s	5621
reindeer_antlers	g	5619
ako_(blue_archive)	c	5618
infinite_stratos	s	5616
feather_boa	g	5615
rabbit_ear_hairband	g	5608
holding_leash	g	5606
\m/	g	5604
w_arms	g	5604
you_gonna_get_raped	g	5604
yellow_vest	g	5603
watashi_ga_motenai_no_wa_dou_kangaetemo_omaera_ga_warui!	s	5597
mega_man_x_(series)	s	5594
talons	g	5594
chained	g	5591
drink_can	g	5591
colorful	g	5589
nursing_handjob	g	5589
kotatsu	g	5588
on_table	g	5585
remote_control	g	5585
white_cloak	g	5582
squatting_cowgirl_position	g	5579
clitoral_stimulation	g	5574
purple_choker	g	5571
transformers	s	5571
miorine_rembran	c	5568
diamond_button	g	5566
ryona	g	5564
saber_alter	c	5563
three_quarter_view	g	5563
green_sleeves	g	5562
kiana_kaslana	c	5561
orange_gloves	g	5561
shigure_kai_ni_(kancolle)	c	5560
pig	g	5557
archer_(fate)	c	5554
cream	g	5550
game_console	g	5548
black_cardigan	g	5547
drum	g	5547
see-through_silhouette	g	5543
wide_image	m	5538
adachi_rei	c	5537
floral_print_kimono	g	5535
toy	g	5535
nagasaki_soyo	c	5529
stage_lights	g	5528
cross_scar	g	5525
hairpods	g	5522
flute	g	5521
harem_outfit	g	5519
lineup	g	5519
clothed_pokemon	g	5517
inverted_bob	g	5516
snot	g	5516
shibari_over_clothes	g	5515
arm_hug	g	5512
uchiha_sasuke	c	5512
toramaru_shou	c	5506
han_juri	c	5505
rose_print	g	5505
ryuujou_(kancolle)	c	5504
holding_doll	g	5500
cat_cutout	g	5496
okita_souji_(koha-ace)	c	5496
sepia	g	5492
cheek-to-cheek	g	5490
hand_on_another's_hip	g	5488
drill_sidelocks	g	5487
beer_can	g	5486
ears_down	g	5486
inoue_takina	c	5486
holding_flag	g	5483
laurel_crown	g	5483
envelope	g	5482
piggyback	g	5477
sleeveless_sweater	g	5474
spacesuit	g	5473
bird_ears	g	5469
yellow_kimono	g	5469
zero_suit	g	5466
xd	g	5465
acheron_(honkai:_star_rail)	c	5464
head_back	g	5461
kisaragi_chihaya	c	5458
asymmetrical_horns	g	5457
diagonal-striped_clothes	g	5453
murasa_minamitsu	c	5451
dungeon_and_fighter	s	5444
medusa_(fate)	c	5444
topless_female	g	5442
shishiro_botan	c	5441
blue_pupils	g	5438
nero_claudius_(fate/extra)	c	5437
momoi_(blue_archive)	c	5432
fellatio_gesture	g	5430
rensouhou-chan	c	5430
hinata_hajime	c	5429
framed_breasts	g	5428
street_fighter_v	s	5428
amami_haruka	c	5426
suzuran_(arknights)	c	5420
bustier	g	5418
@haruyama_kazunori	a	5417
miyako_yoshika	c	5417
kikuchi_makoto	c	5415
wrestling	g	5415
atelier_ryza	s	5411
gold_chain	g	5411
chloe_von_einzbern	c	5409
lappland_(arknights)	c	5408
clownpiece	c	5407
xiao_(genshin_impact)	c	5404
dinosaur	g	5403
zero_no_tsukaima	s	5401
nishizumi_maho	c	5400
pantylines	g	5400
senketsu	c	5398
haikyuu!!	s	5397
star_hat_ornament	g	5396
teasing	g	5394
ear_ribbon	g	5393
oyama_mahiro	c	5393
orange-tinted_eyewear	g	5392
chunsoft	s	5388
library	g	5387
bandaged_head	g	5384
color_guide	g	5379
goblin	g	5378
murakumo_(kancolle)	c	5377
debris	g	5375
nilou_(genshin_impact)	c	5374
prostitution	g	5372
black_feathers	g	5371
cupcake	g	5371
stiletto_heels	g	5370
sleep_molestation	g	5369
red_armor	g	5368
baobhan_sith_(fate)	c	5364
open_door	g	5362
megami_magazine	s	5360
waking_up	g	5360
denji_(chainsaw_man)	c	5358
striped_pants	g	5356
bar_(place)	g	5355
purple_halo	g	5355
yurucamp	s	5353
bullpup	g	5352
candy_apple	g	5352
arm_around_neck	g	5348
holding_popsicle	g	5347
latex_bodysuit	g	5347
karakasa_obake	g	5345
folded_fan	g	5344
doki_doki_literature_club	s	5338
newhalf	g	5338
lion_girl	g	5337
higuchi_madoka	c	5336
pancake	g	5334
bremerton_(azur_lane)	c	5333
fisheye	g	5333
large_hat	g	5330
fishing_rod	g	5322
leg_hair	g	5321
dandadan	s	5319
dangle_earrings	g	5318
cuts	g	5316
sandwich	g	5316
gold_ship_(umamusume)	c	5309
appmon	g	5304
hand_under_clothes	g	5303
takarada_rikka	c	5301
vibrator_under_clothes	g	5301
spanking	g	5295
print_pantyhose	g	5293
rapier	g	5293
tail_through_clothes	g	5289
tusks	g	5285
vegetable	g	5278
embers	g	5275
planted_weapon	g	5275
female_pov	g	5273
breast_bondage	g	5271
lily_pad	g	5271
purple_wings	g	5269
finger_in_another's_mouth	g	5268
red_(pokemon)	c	5268
red_moon	g	5259
side_cutout	g	5258
white_scrunchie	g	5258
zero_two_(darling_in_the_franxx)	c	5257
reflective_water	g	5256
edelgard_von_hresvelg	c	5255
vshojo	s	5255
wrench	g	5253
after_kiss	g	5252
lotion	g	5252
>:(	g	5250
collage	g	5246
frilled_kimono	g	5242
glowing_weapon	g	5241
skyla_(pokemon)	c	5241
stomach_cutout	g	5241
yumemi_riamu	c	5240
feather_hair	g	5239
anchovy_(girls_und_panzer)	c	5236
green_hairband	g	5233
holding_underwear	g	5227
tecmo	s	5226
touqi_guaitan	s	5225
holding_basket	g	5218
corrupted_twitter_file	m	5216
hakos_baelz	c	5216
suspender_shorts	g	5216
utawarerumono	s	5216
deer_ears	g	5214
multicolored_bikini	g	5210
red-tinted_eyewear	g	5202
bolt_action	g	5201
mandarin_orange	g	5201
orange_necktie	g	5200
holostars	s	5198
strap-on	g	5196
letterman_jacket	g	5188
shantae_(series)	s	5186
naval_uniform	g	5185
o-ring_thigh_strap	g	5185
white_cardigan	g	5185
2019	g	5184
caressing_testicles	g	5183
insect_girl	g	5183
blue_scrunchie	g	5182
piano	g	5182
hololive_dev_is	s	5181
bangs_pinned_back	g	5177
red_pantyhose	g	5176
matsumoto_rangiku	c	5175
eastern_dragon	g	5170
houseki_no_kuni	s	5169
character_profile	g	5163
digimon_universe:_appli_monsters	s	5160
finger_to_cheek	g	5158
spacecraft	g	5158
asashio_(kancolle)	c	5156
black_undershirt	g	5155
egyptian	g	5155
miyamoto_musashi_(fate)	c	5150
chicken	g	5149
crowd	g	5148
pink_hoodie	g	5147
spooning	g	5147
mechanical_legs	g	5146
gumi	c	5143
toki_(bunny)_(blue_archive)	c	5142
yukikaze_(kancolle)	c	5141
surreal	g	5130
leg_hold	g	5128
angewomon	c	5126
futa_with_futa	g	5125
bone_hair_ornament	g	5124
flower_knight_girl	s	5124
perineum	g	5124
happy_halloween	g	5122
checkered_scarf	g	5121
hands_on_another's_shoulders	g	5121
purple_bodysuit	g	5119
bra_peek	g	5118
soul_calibur	s	5116
magazine_(weapon)	g	5112
kieran_(pokemon)	c	5111
cropped_shoulders	g	5105
len'en	s	5105
2018	g	5104
strapless_shirt	g	5102
animal_ear_headwear	g	5099
chest_belt	g	5099
red_trim	g	5099
has_bad_revision	m	5097
alice_in_wonderland	s	5094
enix	s	5090
glitch	g	5090
cum_on_penis	g	5088
soda_can	g	5087
frilled_socks	g	5083
takao_(kancolle)	c	5083
d.va_(overwatch)	c	5082
rooftop	g	5080
wa_maid	g	5080
fujishima_megumi	c	5078
mitsudomoe_(shape)	g	5076
puckered_lips	g	5076
diagonal-striped_bow	g	5074
pompadour	g	5069
parfait	g	5068
star_ocean	s	5066
cyberpunk_(series)	s	5064
la+_darknesss	c	5062
police_hat	g	5061
minase_iori	c	5056
bad_source	m	5053
crossed_ankles	g	5052
peeking_out	g	5052
holding_smoking_pipe	g	5050
junko_(touhou)	c	5050
city_lights	g	5047
cooperative_paizuri	g	5045
two-tone_swimsuit	g	5045
shiori_novella	c	5042
girls'_frontline_2:_exilium	s	5037
multi-strapped_bikini_bottom	g	5037
cookie_run	s	5036
phantasy_star_online_2	s	5032
kanna_kamui	c	5027
holding_strap	g	5025
megaphone	g	5023
medusa_(rider)_(fate)	c	5020
yamada_ryo	c	5019
shirasaka_koume	c	5016
holding_hammer	g	5015
tickling	g	5015
kogal	g	5014
selene_(pokemon)	c	5013
single_ear_cover	g	5011
gojou_satoru	c	5007
hinoshita_kaho	c	5007
star_wars	s	5003
frilled_pillow	g	5001
iseri_nina	c	5001
paper_bag	g	4994
stuffed_cat	g	4993
??	g	4992
>:o	g	4992
futanari_masturbation	g	4991
lana_(pokemon)	c	4991
yellow_horns	g	4991
brown_horns	g	4990
yellow_rose	g	4988
aqua_ribbon	g	4985
burn_scar	g	4985
pink_pants	g	4984
needle	g	4981
spread_toes	g	4981
spoken_squiggle	g	4976
horned_headwear	g	4969
covered_face	g	4967
monkey_tail	g	4967
aiming_at_viewer	g	4966
sushi	g	4962
quaver	g	4960
ankle_ribbon	g	4956
pince-nez	g	4956
prinz_eugen_(kancolle)	c	4950
synthesizer_v	s	4947
pink_apron	g	4944
spandex	g	4944
worried	g	4944
ceres_fauna	c	4941
koizumi_hanayo	c	4941
kurodani_yamame	c	4940
library_of_ruina	s	4940
mohawk	g	4940
string_of_fate	g	4935
corpse	g	4933
layered_bikini	g	4932
shide	g	4932
white_suit	g	4930
orange_shorts	g	4928
banner	g	4927
official_alternate_hair_length	g	4927
otonokizaka_school_uniform	g	4921
glowstick	g	4919
briefcase	g	4917
torn_cape	g	4916
bare_hips	g	4913
fertilization	g	4913
mejiro_mcqueen_(umamusume)	c	4912
@lolita_channel	a	4911
saori_(blue_archive)	c	4911
lifebuoy	g	4910
kanna_(blue_archive)	c	4909
chips_(food)	g	4908
keyboard_(computer)	g	4906
overlord_(maruyama)	s	4903
eromanga_sensei	s	4902
the_legend_of_zelda:_ocarina_of_time	s	4901
my_little_pony	s	4900
shrine	g	4899
danmaku	g	4898
on_lap	g	4898
@hammer_(sunset_beach)	a	4897
devil_may_cry_(series)	s	4897
torn_shorts	g	4897
contrail	g	4896
kagerou_project	s	4893
briefs	g	4890
scowl	g	4890
green_bra	g	4889
shoulder_spikes	g	4887
bleach:_sennen_kessen-hen	s	4885
chef_hat	g	4885
grey_bow	g	4882
sticker	g	4881
mordred_(fate/apocrypha)	c	4879
kurosawa_ruby	c	4869
hand_in_another's_hair	g	4868
murasaki_shion	c	4868
cloth_gag	g	4867
pink_bag	g	4866
kamitsubaki_studio	s	4865
open_dress	g	4857
command_spell	g	4856
licking_nipple	g	4856
romaji_text	g	4855
adjusting_swimsuit	g	4852
fire_emblem:_path_of_radiance	s	4848
holding_pokemon	g	4846
torn_sleeves	g	4844
american_flag_bikini	g	4842
handsfree_ejaculation	g	4842
purple_sweater	g	4841
formidable_(azur_lane)	c	4840
pun	g	4839
sheep_ears	g	4837
bird_girl	g	4836
nerissa_ravencroft	c	4836
red_fur	g	4834
paint	g	4833
reisalin_stout	c	4832
pink_fur	g	4827
aki_minoriko	c	4824
people	g	4822
teamwork	g	4821
fire_emblem:_mystery_of_the_emblem	s	4820
raincoat	g	4819
back_tattoo	g	4818
hoshimi_miyabi	c	4818
red_hoodie	g	4817
holding_paintbrush	g	4816
holding_cat	g	4815
nessa_(pokemon)	c	4815
osomatsu-san	s	4811
painterly	g	4811
gegege_no_kitarou	s	4808
basil_(omori)	c	4804
molestation	g	4804
robin_(fire_emblem)	c	4803
emilia_(re:zero)	c	4794
subarashiki_kono_sekai	s	4793
mutsuki_(blue_archive)	c	4791
puppet	g	4789
grenade	g	4787
cross-laced_dress	g	4784
purple_gemstone	g	4783
teacher_and_student	g	4783
pill	g	4780
bowsette	c	4778
dark_penis	g	4778
bag_charm	g	4775
finger_on_trigger	g	4775
holding_condom	g	4774
arabian_clothes	g	4772
scene_reference	g	4770
uehara_ayumu	c	4768
small_areolae	g	4765
@yaegashi_nan	a	4764
nikki_(series)	s	4762
holding_controller	g	4761
wide_spread_legs	g	4759
boxing_gloves	g	4758
matsuura_kanan	c	4757
@ruu_(tksymkw)	a	4755
tiger_boy	g	4755
atago_(azur_lane)	c	4750
morgan_le_fay_(fate)	c	4749
notched_ear	g	4746
sparkle_(honkai:_star_rail)	c	4746
happy_valentine	g	4745
multicolored_swimsuit	g	4743
orange_fur	g	4743
black_apron	g	4741
ishtar_(fate)	c	4738
brown_capelet	g	4737
song_name	g	4737
sheep_girl	g	4735
trash_can	g	4735
in_water	g	4732
neon_trim	g	4731
mikasa_ackerman	c	4730
fur-trimmed_hood	g	4729
cu_chulainn_(fate/stay_night)	c	4727
horned_helmet	g	4716
puffy_detached_sleeves	g	4715
fire_emblem:_the_binding_blade	s	4712
pink_sleeves	g	4707
ahri_(league_of_legends)	c	4705
aqua_neckerchief	g	4704
digital_media_player	g	4703
crotchless_panties	g	4700
clothing_request	m	4699
egasumi	g	4699
loose_hair_strand	g	4697
shoujo_kageki_revue_starlight	s	4697
lotus	g	4696
yuu-gi-ou	s	4695
nijigasaki_academy_school_uniform	g	4694
ereshkigal_(fate)	c	4692
ass_juice	g	4691
doorway	g	4690
ushio_(kancolle)	c	4689
evening_gown	g	4688
yellow-framed_eyewear	g	4687
bad_link	m	4685
birthday_cake	g	4684
calligraphy_brush	g	4682
cheese	g	4682
striped_sleeves	g	4682
mask_pull	g	4680
purple_scarf	g	4680
bandaid_on_pussy	g	4679
enoshima_junko	c	4679
hand_on_own_leg	g	4679
stained_glass	g	4678
looking_at_phone	g	4673
soga_no_tojiko	c	4672
mahou_shoujo_madoka_magica:_hangyaku_no_monogatari	s	4671
french_fries	g	4670
hestia_(danmachi)	c	4669
non-humanoid_robot	g	4669
2014	g	4668
horizontal_pupils	g	4668
kasodani_kyouko	c	4667
shiina_taki	c	4667
cat_hat	g	4666
fu_hua	c	4666
hagoromo	g	4665
digimon_adventure	s	4663
white_headdress	g	4662
chainsaw	g	4661
needy_girl_overdose	s	4660
suigintou	c	4659
neptune_(neptunia)	c	4656
crescent_pin	g	4655
wire	g	4654
weapon_request	m	4653
milestone_celebration	g	4652
cigar	g	4651
golden_kamuy	s	4647
trafalgar_law	c	4647
single_kneehigh	g	4646
seashell	g	4645
tailmon	c	4645
hands_on_another's_head	g	4643
midori_(blue_archive)	c	4643
cracked_skin	g	4642
;q	g	4639
plunging_neckline	g	4635
skirt_suit	g	4635
public_nudity	g	4631
multicolored_fur	g	4624
purple_sky	g	4622
white-framed_eyewear	g	4621
karyl_(princess_connect!)	c	4618
aran_sweater	g	4617
breast_slip	g	4614
sephiroth	c	4614
jaggy_lines	g	4613
ruby_rose	c	4612
bad_nicoseiga_id	m	4611
x-shaped_pupils	g	4611
idolmaster_side-m	s	4610
amamiya_ren	c	4606
thinking	g	4606
huge_areolae	g	4605
dreadlocks	g	4602
mixed-language_text	g	4602
wakaba_mutsumi	c	4601
okobo	g	4600
pendant_choker	g	4599
nakiri_ayame	c	4598
youkai_watch	s	4597
nose_piercing	g	4594
uneven_gloves	g	4594
dark_souls_(series)	s	4592
@butcha-u	a	4591
dusk	g	4587
meltryllis_(fate)	c	4587
suite_precure	s	4587
u_u	g	4585
callie_(splatoon)	c	4584
graffiti	g	4584
bridget_(guilty_gear)	c	4581
miyu_(blue_archive)	c	4580
crescent_earrings	g	4579
soul_gem	g	4578
fur_coat	g	4577
candy_cane	g	4574
lobotomy_corporation	s	4574
hooves	g	4573
submerged	g	4570
shoukaku_(kancolle)	c	4569
stuck	g	4568
holding_baseball_bat	g	4567
map	g	4566
medical_eyepatch	g	4565
thigh_pouch	g	4565
mutsu_(kancolle)	c	4564
shouji	g	4564
batman_(series)	s	4563
kurokote	g	4562
yagami_taichi	c	4561
flower_pot	g	4560
ribbon-trimmed_legwear	g	4560
sleeves_pushed_up	g	4560
tachibana_arisu	c	4559
green_lips	g	4557
final_fantasy_vi	s	4556
staring	g	4553
otomune_kozue	c	4550
excessive_cum	g	4549
machikado_mazoku	s	4549
pussy_piercing	g	4548
hand_grab	g	4547
turtleneck_dress	g	4547
sekibanki	c	4546
stethoscope	g	4545
soldier	g	4540
naked_jacket	g	4539
unworn_helmet	g	4538
white_sash	g	4535
cum_on_feet	g	4532
smelling	g	4532
smiley_face	g	4531
yu-gi-oh!_5d's	s	4526
caelus_(honkai:_star_rail)	c	4525
hand_on_another's_ass	g	4525
ganaha_hibiki	c	4520
fresh_precure!	s	4516
snake_tail	g	4516
phainon_(honkai:_star_rail)	c	4515
strap_between_breasts	g	4515
white_tail	g	4515
spider_web_print	g	4514
legwear_garter	g	4512
frottage	g	4511
hitachi_magic_wand	g	4511
face_to_breasts	g	4510
e.g.o_(project_moon)	g	4507
feather_earrings	g	4506
short_bangs	g	4505
stylus	g	4504
chi-chi_(dragon_ball)	c	4503
noelle_silva	c	4503
blue-framed_eyewear	g	4501
spoken_anger_vein	g	4498
gawr_gura_(1st_costume)	c	4493
koha-ace	s	4493
shark	g	4492
caught	g	4491
pink_petals	g	4490
prinz_eugen_(azur_lane)	c	4489
beach_towel	g	4488
latin_cross	g	4486
scratches	g	4486
red_rope	g	4485
paw_shoes	g	4482
clip_studio_paint_(medium)	m	4478
super_mario_galaxy	s	4476
caesar_anthonio_zeppeli	c	4475
electric_fan	g	4472
medal	g	4472
bubble_tea	g	4471
byleth_(male)_(fire_emblem)	c	4471
pink_belt	g	4471
tissue	g	4470
houshou_(kancolle)	c	4467
yelan_(genshin_impact)	c	4467
sleepwear	g	4463
stationary_restraints	g	4461
brown_cape	g	4460
blowing_kiss	g	4458
red_bag	g	4458
greco-roman_clothes	g	4456
itsumi_erika	c	4455
slime_(creature)	g	4452
ro-500_(kancolle)	c	4448
wedding	g	4448
black_scrunchie	g	4446
white_nails	g	4446
ok_sign	g	4445
candlestand	g	4444
shovel	g	4444
frying_pan	g	4439
sake_bottle	g	4439
chain_leash	g	4436
hooded_cape	g	4436
see-through_skirt	g	4435
urusei_yatsura	s	4435
bandaged_neck	g	4432
@piromizu	a	4431
qingdai_guanmao	g	4431
striped_tail	g	4430
sunny_(omori)	c	4429
on_shoulder	g	4426
carpet	g	4425
asui_tsuyu	c	4423
mascara	g	4423
pillow_grab	g	4422
lace_panties	g	4419
capri_pants	g	4418
kijin_seija	c	4418
my_little_pony:_friendship_is_magic	s	4418
holding_legs	g	4413
four-leaf_clover	g	4410
godzilla_(series)	s	4410
in_box	g	4409
button_badge	g	4408
mismatched_footwear	g	4408
riding_crop	g	4408
red_cloak	g	4407
@circle_anco	a	4406
very_long_sleeves	g	4405
kindergarten_uniform	g	4403
owl	g	4400
through_wall	g	4400
green_hoodie	g	4397
marvel_rivals	s	4397
ohara_mari	c	4397
pink_socks	g	4397
pain	g	4395
belfast_(azur_lane)	c	4394
red_one-piece_swimsuit	g	4393
uchiwa	g	4390
broken_glass	g	4389
npc_trainer	g	4388
praying	g	4388
aqua_bikini	g	4387
rabbit_hood	g	4387
toothbrush	g	4387
brown_ribbon	g	4386
lace-trimmed_dress	g	4383
pearl_(gemstone)	g	4383
grey_horns	g	4381
single_fingerless_glove	g	4381
bandaid_on_arm	g	4379
bubble_blowing	g	4378
corrin_(female)_(fire_emblem)	c	4378
unworn_shirt	g	4377
boku_wa_tomodachi_ga_sukunai	s	4376
kaijuu	g	4374
uranohoshi_school_uniform	g	4373
kiseru	g	4372
musashi_(kancolle)	c	4372
ramen	g	4372
denim_skirt	g	4370
marcille_donato	c	4369
hand_over_own_mouth	g	4367
bow_bikini	g	4362
hands_in_opposite_sleeves	g	4360
hill	g	4360
uruha_rushia	c	4359
scar_on_forehead	g	4358
desert	g	4356
drumsticks	g	4356
on_bench	g	4356
toradora!	s	4355
poorly_drawn	g	4354
roll_(mega_man)	c	4354
flask	g	4350
numbered	g	4349
deltarune	s	4348
orange_neckerchief	g	4348
panda	g	4347
shingeki_no_bahamut	s	4345
check_copyright	m	4340
hugging_doll	g	4340
bea_(pokemon)	c	4338
kurosawa_dia	c	4333
nakano_miku	c	4333
pokemon_adventures	s	4330
holding_syringe	g	4329
hatsutori_hajime	c	4327
nakano_nino	c	4325
black_garter_straps	g	4324
yuudachi_kai_ni_(kancolle)	c	4323
oversized_shirt	g	4322
sakura_taisen	s	4321
rabbit_print	g	4316
arlecchino_(genshin_impact)	c	4315
pearl_earrings	g	4314
wrestling_outfit	g	4314
brand_name_imitation	g	4310
rubber_boots	g	4310
magazine_cover	g	4308
kawaragi_momoka	c	4306
instant_loss	g	4304
yaoyorozu_momo	c	4302
blue_eyeshadow	g	4298
shampoo_(ranma_1/2)	c	4296
green_neckerchief	g	4294
kunikida_hanamaru	c	4294
bird_on_head	g	4289
skin_fangs	g	4289
wet_swimsuit	g	4289
confused	g	4288
ceiling_light	g	4287
shiranui_flare	c	4287
sagisawa_fumika	c	4286
pink_eyeshadow	g	4285
pink_scrunchie	g	4285
fanny_pack	g	4283
weiss_schnee	c	4283
shimamura_uzuki	c	4282
kaban_(kemono_friends)	c	4280
serval_print	g	4280
dice	g	4277
jellyfish_girl	g	4277
nontraditional_playboy_bunny	g	4277
alley	g	4275
amy_rose	c	4275
patterned_clothing	g	4275
holding_clipboard	g	4273
speaker	g	4273
breastfeeding	g	4270
earbuds	g	4270
raiden_mei	c	4268
super_sonico	c	4266
teardrop_facial_mark	g	4265
zeta_gundam	s	4261
cyberpunk_edgerunners	s	4260
soul_eater	s	4260
car_interior	g	4258
tokai_teio_(umamusume)	c	4255
komi-san_wa_komyushou_desu	s	4254
ui_(blue_archive)	c	4254
dirty_face	g	4249
on_person	g	4249
o-ring_bottom	g	4246
ankle_cuffs	g	4245
neru_(blue_archive)	c	4241
shantae	c	4240
striped_bra	g	4240
hands_in_hair	g	4236
etrian_odyssey	s	4234
hecatia_lapislazuli	c	4233
ass_cutout	g	4232
gundam_seed_destiny	s	4232
star_halo	g	4232
flower_request	m	4231
club_(weapon)	g	4230
takagaki_kaede	c	4230
mismatched_bikini	g	4227
akiyama_yukari	c	4223
purple_sash	g	4223
diffraction_spikes	g	4221
unworn_socks	g	4219
hirogaru_sky!_precure	s	4216
irys_(hololive)	c	4215
shark_hair_ornament	g	4213
akamatsu_kaede	c	4212
furude_rika	c	4212
impossible_bodysuit	g	4212
team_rocket	g	4210
basketball_(object)	g	4208
clover_hair_ornament	g	4208
metal_gear_(series)	s	4207
belle_(zenless_zone_zero)	c	4206
holding_lantern	g	4206
takatsuki_yayoi	c	4206
murano_sayaka	c	4205
basketball	g	4204
spill	g	4203
@drawfag	a	4202
kokkoro_(princess_connect!)	c	4201
dessert	g	4197
green_leotard	g	4197
yellow_hoodie	g	4197
artoria_pendragon_(lancer)_(fate)	c	4195
yahata_umiri	c	4195
falcom	s	4194
pokemon_gsc	s	4192
lucario	c	4187
mon-musu_quest!	s	4187
path	g	4187
milk_bottle	g	4185
ooyodo_(kancolle)	c	4184
akebono_(kancolle)	c	4183
shower_head	g	4182
takenouchi_sora	c	4180
furry_with_furry	g	4177
white_theme	g	4176
gradient_clothes	g	4175
tailcoat	g	4175
cat_print	g	4171
flight_deck	g	4171
ice_cube	g	4169
mechanical_parts	g	4169
soccer_ball	g	4169
arm_held_back	g	4167
imminent_fellatio	g	4166
brown_sweater_vest	g	4165
fetal_position	g	4165
sirius_(azur_lane)	c	4165
food_on_head	g	4164
@yoko_juusuke	a	4163
sonia_(pokemon)	c	4163
turn_pale	g	4163
employee_uniform	g	4158
thick_eyelashes	g	4158
artificial_vagina	g	4157
exusiai_(arknights)	c	4157
ultimate_madoka	c	4156
izumi_koshiro	c	4154
marie_(splatoon)	c	4154
hair_horns	g	4152
attack	g	4151
yuuki_setsuna_(love_live!)	c	4151
gown	g	4150
tall_female	g	4150
moonlight	g	4148
amate_yuzuriha	c	4146
yellow_sash	g	4144
arcueid_brunestud	c	4143
black_rock_shooter_(character)	c	4143
large_tail	g	4141
final_fantasy_ix	s	4140
frilled_capelet	g	4140
sennen_sensou_aigis	s	4139
tokusatsu	g	4139
flame-tipped_tail	g	4138
ladder	g	4135
triangle_hair_ornament	g	4134
@kanon_(kurogane_knights)	a	4133
spice_and_wolf	s	4132
looking_over_eyewear	g	4129
check_character	m	4128
body_freckles	g	4127
sode	g	4127
pudding	g	4125
brown_theme	g	4123
writing	g	4121
plaid_bowtie	g	4119
twitter_logo	g	4112
kal'tsit_(arknights)	c	4110
blue_bag	g	4105
condom_packet_strip	g	4105
heart_o-ring	g	4103
pole_dancing	g	4103
light_trail	g	4101
cosmetics	g	4099
gold_choker	g	4099
head_grab	g	4099
fire_emblem:_the_sacred_stones	s	4098
pokemon_journeys	s	4098
shikishi	g	4097
crescent_hat_ornament	g	4096
energy_wings	g	4094
petting	g	4094
samidare_(kancolle)	c	4094
baseball_uniform	g	4092
os-tan	s	4092
fashion	g	4088
in_tree	g	4086
alice_(alice_in_wonderland)	c	4085
fuwawa_abyssgard	c	4085
see-through_leotard	g	4085
multicolored_shirt	g	4083
flats	g	4081
clothed_animal	g	4076
snowflake_print	g	4075
pink-tinted_eyewear	g	4073
lucy_heartfilia	c	4071
snowflake_hair_ornament	g	4071
fishnet_top	g	4070
digimon_ghost_game	s	4069
cocktail_glass	g	4068
kuchiki_rukia	c	4068
hip_bones	g	4065
heart_balloon	g	4064
holding_panties	g	4064
pink-framed_eyewear	g	4064
sangonomiya_kokomi	c	4063
winged_hat	g	4063
flexing	g	4062
playing_with_own_hair	g	4061
room	g	4061
bronya_zaychik	c	4060
quill	g	4060
fish_girl	g	4059
panties_only	g	4059
black_bridal_gauntlets	g	4058
white_halo	g	4057
aki_shizuha	c	4056
sink	g	4056
tales_of_vesperia	s	4056
kirigiri_kyoko	c	4055
yellow_hat	g	4053
rocket_launcher	g	4051
ribbed_dress	g	4049
ashido_mina	c	4046
open_shorts	g	4045
red_umbrella	g	4044
torture	g	4043
smokestack	g	4040
djeeta_(granblue_fantasy)	c	4039
small_sweatdrop	g	4037
natsuiro_matsuri	c	4036
procreate_(medium)	m	4035
white_school_swimsuit	g	4035
mifune_shioriko	c	4030
uzaki-chan_wa_asobitai!	s	4029
omelet	g	4028
throwing_knife	g	4028
thick_arms	g	4027
blue_shoes	g	4026
grey_hat	g	4026
treble_clef	g	4025
yoimiya_(genshin_impact)	c	4025
kuujou_jolyne	c	4023
pokemon_horizons	s	4023
slap_mark	g	4023
letty_whiterock	c	4022
white_bag	g	4022
head_between_breasts	g	4021
blue_hakama	g	4020
abstract	g	4018
uneven_sleeves	g	4018
galaga	s	4017
goat_ears	g	4016
skull_and_crossbones	g	4013
grey_border	g	4010
kumoi_ichirin	c	4010
silence_suzuka_(umamusume)	c	4010
fur_scarf	g	4009
pussy_juice_puddle	g	4008
steel_ball_run	s	4006
sendai_(kancolle)	c	4005
jane_doe_(zenless_zone_zero)	c	4004
aino_minako	c	4003
shimakaze_(kancolle)_(cosplay)	g	4003
asahina_mikuru	c	3999
shako_cap	g	3999
character_hair_ornament	g	3998
kay_(girls_und_panzer)	c	3998
mochi	g	3997
stripper_pole	g	3993
volleyball	g	3993
two-tone_bodysuit	g	3991
sen_no_kiseki	s	3990
shokuhou_misaki	c	3990
moss	g	3988
yellow_belt	g	3988
patterned_background	g	3987
pink_coat	g	3985
aqua_jacket	g	3983
holo	c	3980
sparkle_background	g	3980
afloat	g	3978
bread_slice	g	3978
osawa_rurino	c	3978
@boris_(noborhys)	a	3976
crotch_rub	g	3976
fine_art_parody	g	3976
lum	c	3976
orange_kimono	g	3976
imagining	g	3971
restaurant	g	3971
seiken_densetsu	s	3971
nakasu_kasumi	c	3970
final_fantasy_xi	s	3964
sideways	g	3963
nagisa_kaworu	c	3962
barbara_(genshin_impact)	c	3961
mococo_abyssgard	c	3961
unsheathed	g	3959
bass_guitar	g	3958
baozi	g	3954
shirai_kuroko	c	3953
has_uncensored_version	m	3948
bat_ears	g	3942
misumi_uika	c	3941
takaishi_takeru	c	3941
lemon_slice	g	3940
kid_icarus_uprising	s	3938
hand_in_panties	g	3936
studio_ghibli	s	3936
through_clothes	g	3936
goldfish	g	3934
black_hanfu	g	3931
covering_own_eyes	g	3931
purple_eyeshadow	g	3930
red_bandana	g	3930
mizuno_ami	c	3929
talisman	g	3927
emoji	g	3925
mega_man_zero_(series)	s	3925
plastic_bag	g	3924
white_male_underwear	g	3922
bismarck_(kancolle)	c	3921
iowa_(kancolle)	c	3921
mecha_focus	g	3919
holding_sack	g	3916
covered_abs	g	3915
fushiguro_megumi	c	3914
black_sweater_vest	g	3913
driving	g	3913
sunrise	g	3913
boxers	g	3912
narukami_yuu	c	3912
machine	g	3911
turtle	g	3910
vertical-striped_skirt	g	3910
kamado_nezuko	c	3909
multiple_crossover	g	3908
soap	g	3908
dizzy_(guilty_gear)	c	3907
safety_pin	g	3907
bat_hair_ornament	g	3904
black_pubic_hair	g	3904
suspended_congress	g	3904
idolmaster_1	s	3903
sperm_cell	g	3903
suppressor	g	3901
ishmael_(project_moon)	c	3899
northern_ocean_princess	c	3899
mahou_sensei_negima!	s	3898
veiny_breasts	g	3895
blue_apron	g	3893
feather_trim	g	3893
surtr_(arknights)	c	3893
belly_chain	g	3892
fischl_(genshin_impact)	c	3892
yamato_(one_piece)	c	3891
lip_piercing	g	3890
leon_(pokemon)	c	3889
dominatrix	g	3888
purple_fur	g	3887
frilled_ribbon	g	3885
grey_kimono	g	3885
veiny_arms	g	3885
futaba_anzu	c	3884
kuroki_tomoko	c	3884
mouth_veil	g	3883
voyeurism	g	3882
holding_sign	g	3874
blue_armor	g	3873
hakui_koyori	c	3871
white_bird	g	3868
purple_belt	g	3867
holding_handheld_game_console	g	3865
kallen_stadtfeld	c	3865
excalibur_(fate/stay_night)	g	3864
chest_strap	g	3863
rug	g	3860
pinching	g	3858
yuki_miku	c	3857
bear_hair_ornament	g	3856
sleeve_bow	g	3856
afro	g	3855
darkness_(konosuba)	c	3855
darkness	g	3854
crystal_wings	g	3853
sweets	g	3852
blue_horns	g	3851
grey_belt	g	3851
american_flag_legwear	g	3850
nonomi_(blue_archive)	c	3850
futari_wa_precure	s	3848
florence_nightingale_(fate)	c	3847
bloom	g	3845
peeking	g	3844
zombie_land_saga	s	3841
jean_(genshin_impact)	c	3840
frilled_one-piece_swimsuit	g	3839
stardust_crusaders	s	3839
tales_of_symphonia	s	3839
panty_straps	g	3838
nichijou	s	3837
backless_leotard	g	3836
roller_skates	g	3834
bit_gag	g	3833
lopunny	c	3833
brown_socks	g	3832
faux_traditional_media	g	3832
cuddling	g	3830
hallway	g	3829
kasumi_(kancolle)	c	3829
usada_pekora_(1st_costume)	c	3828
marvel_cinematic_universe	s	3827
undersized_clothes	g	3827
fate/prototype	s	3826
aquaplus	s	3825
sukuna_shinmyoumaru	c	3822
twilight_(spy_x_family)	c	3819
heaven_burns_red	s	3818
spider_girl	g	3818
yugiri_tsuzuri	c	3818
jougasaki_mika	c	3816
pointy_nose	g	3814
instrument_case	g	3813
chuunibyou_demo_koi_ga_shitai!	s	3812
narmaya_(granblue_fantasy)	c	3811
ch'en_(arknights)	c	3809
robin_(honkai:_star_rail)	c	3807
shirt_tug	g	3807
kishin_sagume	c	3806
tiger_stripes	g	3806
yellow_thighhighs	g	3803
sylveon	c	3802
hiding	g	3799
head-mounted_display	g	3798
white_hanfu	g	3798
chinese_knot	g	3796
duffel_bag	g	3796
kizuna_akari	c	3796
morichika_rinnosuke	c	3796
naked_sweater	g	3795
wiffle_gag	g	3795
transparent_umbrella	g	3794
brown_sailor_collar	g	3791
futatsuiwa_mamizou	c	3790
hair_tie_in_mouth	g	3790
reflective_floor	g	3789
shibuya_kanon	c	3789
flower_ornament	g	3786
church	g	3785
incredibly_absurdres	m	3784
jellymon	c	3784
akari_(pokemon)	c	3783
opaque_glasses	g	3783
muv-luv	s	3782
roots_(hair)	g	3782
gokou_ruri	c	3781
kouyoku_senki_exs-tia	s	3781
angel_girl	g	3780
binoculars	g	3778
kama_(fate)	c	3778
bulletproof_vest	g	3776
crazy_smile	g	3775
flustered	g	3772
stitched_face	g	3771
panty_(psg)	c	3770
2013	g	3768
marina_(splatoon)	c	3765
nightcap	g	3764
@matsunaga_kouyou	a	3762
miyu_edelfelt	c	3762
samurai	g	3762
jinx_(league_of_legends)	c	3761
cum_on_male	g	3760
>_o	g	3759
satonaka_chie	c	3759
selfcest	g	3757
osomatsu-kun	s	3756
pearl_bracelet	g	3756
full_beard	g	3754
triangle_earrings	g	3754
drawing_(object)	g	3753
lily_white	c	3753
mechanical_tail	g	3753
neck_ruff	g	3753
satono_diamond_(umamusume)	c	3749
shaved_ice	g	3748
surfboard	g	3746
barcode_tattoo	g	3745
holding_guitar	g	3745
yang_xiao_long	c	3744
0_0	g	3743
bow_legwear	g	3743
hifumi_(blue_archive)	c	3741
sticker_on_face	g	3741
tuxedo	g	3740
no_legwear	g	3739
obiage	g	3738
dragon's_crown	s	3737
rei_no_himo	g	3737
mega_man_zx	s	3736
palutena	c	3735
holding_own_hair	g	3732
rotom	c	3731
w_(arknights)	c	3730
midna	c	3728
@kou_hiyoyo	a	3727
jingasa	g	3726
momose_ginko	c	3723
mallow_(pokemon)	c	3721
padlock	g	3719
spade_(shape)	g	3719
board_game	g	3717
licking_finger	g	3717
blue_collar	g	3716
dove	g	3716
string_of_flags	g	3712
cliff	g	3711
kiryu_coco	c	3709
pecorine_(princess_connect!)	c	3708
constellation	g	3707
gold_armor	g	3707
strawberry_shortcake	g	3707
asaka_karin	c	3706
crossed_bandaids	g	3706
orange_theme	g	3706
kaedehara_kazuha	c	3705
unconscious	g	3705
grabbing_another's_arm	g	3703
eyebrow_cut	g	3701
white_armor	g	3701
pulling_own_clothes	g	3700
aerial_fireworks	g	3695
melting	g	3695
digimon_card_game	s	3694
keyhole	g	3692
lion	g	3691
souryuu_(kancolle)	c	3691
monkey	g	3689
sphere_earrings	g	3686
ump45_(girls'_frontline)	c	3685
fake_wings	g	3684
after_paizuri	g	3680
yellow_bag	g	3680
wolf_cut	g	3679
touhoku_kiritan	c	3676
stained_panties	g	3675
path_to_nowhere	s	3674
cold	g	3673
fiery_hair	g	3671
miyako_(blue_archive)	c	3671
buck_teeth	g	3668
turtle_shell	g	3668
paddle	g	3667
shell_casing	g	3666
clitoris_piercing	g	3665
shuriken	g	3663
hayate_no_gotoku!	s	3661
silver_wolf_(honkai:_star_rail)	c	3661
glaceon	c	3660
bandaid_hair_ornament	g	3659
kitakami_(kancolle)	c	3659
long_twintails	g	3659
low-tied_sidelocks	g	3659
yellow_scrunchie	g	3658
clothes_in_mouth	g	3657
headlamp	g	3657
newspaper	g	3657
covering_nipples	g	3656
holding_ice_cream	g	3656
miyashita_ai	c	3655
mudrock_(arknights)	c	3654
plectrum	g	3653
heart_hands_duo	g	3652
hickey	g	3651
rubbing_eyes	g	3651
shaking	g	3651
bandage_on_face	g	3650
grey_sleeves	g	3649
party_hat	g	3647
fire_emblem_echoes:_shadows_of_valentia	s	3646
broken_horn	g	3645
toilet_use	g	3644
dragon_quest_v	s	3641
orange_bowtie	g	3641
minecraft	s	3640
@azasuke	a	3639
@rebecca_(keinelove)	a	3638
luigi	c	3638
wife_and_wife	g	3638
holding_sheath	g	3637
red_sky	g	3636
black_hakama	g	3634
breast_smother	g	3634
champagne_flute	g	3634
pussy_juice_drip	g	3634
erza_scarlet	c	3633
kanzaki_ranko	c	3631
fake_phone_screenshot	g	3630
lusamine_(pokemon)	c	3629
penis_size_difference	g	3624
final_fantasy_vii_rebirth	s	3623
final_fantasy_iv	s	3622
black_rose	g	3621
material_growth	g	3621
whipped_cream	g	3621
pixel-perfect_duplicate	m	3620
hiiragi_tsukasa	c	3619
orange_pants	g	3619
excited	g	3618
umbreon	c	3617
ancient_greek_clothes	g	3616
rover_(wuthering_waves)	c	3614
profanity	g	3611
rudder_footwear	g	3611
greatsword	g	3609
hand_on_another's_neck	g	3609
pant_suit	g	3608
low-braided_long_hair	g	3606
tombstone	g	3606
yellow_coat	g	3606
jackal_ears	g	3605
izumi_sagiri	c	3603
mop	g	3603
shared_clothes	g	3603
surrounded_by_penises	g	3602
fallen_angel	g	3601
fate/hollow_ataraxia	s	3601
shrimp	g	3600
milking_machine	g	3599
fish_hair_ornament	g	3597
makise_kurisu	c	3597
studded_belt	g	3596
town	g	3596
nia_(xenoblade)	c	3595
blue_brooch	g	3593
mayuzumi_fuyuko	c	3593
multicolored_horns	g	3593
uvula	g	3592
kurosaki_ichigo	c	3587
barbell_piercing	g	3585
artbook	m	3584
magazine_(object)	g	3582
watson_cross	g	3582
cum_on_hands	g	3581
finger_to_own_chin	g	3578
finger_in_own_mouth	g	3575
under_table	g	3574
japari_symbol	g	3573
hands_on_own_head	g	3572
hikari_(blue_archive)	c	3572
giorno_giovanna	c	3571
strapless_bra	g	3571
shu_(arknights)	c	3569
ichinose_shiki	c	3568
shoe_dangle	g	3568
hand_tattoo	g	3567
overskirt	g	3567
melty_blood	s	3565
kanzashi	g	3563
barrel	g	3561
ijiranaide_nagatoro-san	s	3560
tsukino_mito	c	3560
fewer_digits	g	3559
jersey	g	3559
ryuuguu_rena	c	3559
jack_the_ripper_(fate/apocrypha)	c	3557
plum_blossoms	g	3557
lucoa_(maidragon)	c	3556
son_gohan	c	3556
spider	g	3554
skewer	g	3552
miura_azusa	c	3550
brown_hairband	g	3547
ghost_tail	g	3544
balcony	g	3543
stealth_sex	g	3543
warhammer_40k	s	3538
asian	g	3537
nostrils	g	3537
character_print	g	3536
oda_nobunaga_(fate)	c	3536
bloody_tears	g	3533
holding_stick	g	3530
puffy_shorts	g	3529
grey-framed_eyewear	g	3528
grimace	g	3525
holding_cane	g	3525
kasumi_(doa)	c	3523
shirogane_naoto	c	3522
clothes_down	g	3521
don_quixote_(project_moon)	c	3521
sanya_v._litvyak	c	3521
camilla_(fire_emblem)	c	3520
to_love-ru_darkness	s	3519
anal_hair	g	3518
spread_fingers	g	3515
upturned_eyes	g	3515
dragon_ball_gt	s	3514
itadori_yuuji	c	3514
sunburst	g	3514
eyebrow_piercing	g	3513
squirrel	g	3513
microdress	g	3512
eren_yeager	c	3511
incoming_attack	g	3510
breasts_on_glass	g	3508
ex-keine	c	3508
magazine_scan	m	3507
nozomi_(blue_archive)	c	3507
sengoku_musou	s	3507
winged_helmet	g	3507
matching_outfits	g	3506
sparse_pubic_hair	g	3502
sex_machine	g	3500
sweatpants	g	3500
chaps	g	3499
figure	g	3499
aisaka_taiga	c	3498
hyouka	s	3498
karin_(bunny)_(blue_archive)	c	3495
digimon_xros_wars	s	3494
yukkuri_shiteitte_ne	g	3494
battle_tendency	s	3493
falling_feathers	g	3493
forked_tongue	g	3493
grey_scarf	g	3492
swing	g	3492
warioware	s	3491
emma_verde	c	3490
bird_on_hand	g	3487
kirito	c	3487
brown_tail	g	3486
black_male_swimwear	g	3485
final_fantasy_viii	s	3484
racket	g	3482
takamaki_anne	c	3482
final_fantasy_x	s	3481
holding_whip	g	3481
egyptian_clothes	g	3480
dirty_clothes	g	3479
toei_animation	s	3479
skull_print	g	3478
behind_another	g	3476
lace_bra	g	3476
sweater_around_waist	g	3476
urethral_insertion	g	3476
korean_clothes	g	3475
unicorn_(azur_lane)	c	3475
rias_gremory	c	3473
trefoil	g	3473
holding_arrow	g	3472
plaid_necktie	g	3472
heart_maebari	g	3470
art_program_in_frame	g	3469
swirl_lollipop	g	3469
tentacle_pit	g	3467
alice_gear_aegis	s	3466
hikimayu	g	3466
tatsuta_(kancolle)	c	3466
reach-around	g	3465
bowl_cut	g	3464
epic	g	3463
orange_scarf	g	3463
unworn_boots	g	3463
magatama_necklace	g	3462
evangelion:_3.0_you_can_(not)_redo	s	3461
octoling_girl	c	3460
single_hair_ring	g	3460
eila_ilmatar_juutilainen	c	3459
naked_coat	g	3458
rabbit_boy	g	3458
striped_horns	g	3458
@itomugi-kun	a	3457
jack-o'_challenge	g	3457
spatula	g	3457
heart_in_mouth	g	3452
kino_makoto	c	3451
mole_under_each_eye	g	3451
orange_hairband	g	3451
2000s_(style)	g	3449
d-pad	g	3448
mcdonald's	s	3448
shakugan_no_shana	s	3446
yes!_precure_5	s	3445
inflatable_toy	g	3444
instagram_username	g	3444
@hara_(harayutaka)	a	3442
cow_print_thighhighs	g	3440
higashimitarai_kiyoshiro	c	3440
phase_connect	s	3439
over-rim_eyewear	g	3438
hoto_cocoa	c	3437
cupless_bra	g	3435
tarot	g	3435
bow_choker	g	3434
zani_(wuthering_waves)	c	3434
charizard	c	3433
adam's_apple	g	3432
haneoka_school_uniform	g	3432
inuyasha	s	3430
destruction	g	3429
head_on_another's_shoulder	g	3429
holding_pencil	g	3429
kazama_iroha	c	3429
mahjong_soul	s	3429
turban	g	3429
cyclops	g	3426
sakurai_momoka	c	3425
variations	g	3425
vegeta	c	3425
@tony_taka	a	3423
ayase_momo	c	3423
hieda_no_akyuu	c	3423
felicia_(vampire)	c	3422
cave	g	3419
black_male_underwear	g	3418
poke_ball_print	g	3417
ribbon-trimmed_skirt	g	3417
cevio	s	3415
kasane_teto_(sv)	c	3415
borrowed_clothes	g	3411
wakasagihime	c	3411
barnaby_brooks_jr.	c	3407
aventurine_(honkai:_star_rail)	c	3406
beach_chair	g	3406
noire_(neptunia)	c	3406
tied_up_(nonsexual)	g	3406
gundam_build_fighters_try	s	3405
invisible_penis	g	3404
yuuka_(track)_(blue_archive)	c	3404
vibrator_cord	g	3403
konoe_kanata	c	3402
cafe	g	3400
liquid	g	3400
kousaka_kirino	c	3398
arch	g	3397
star_necklace	g	3396
enpera	g	3393
knees_apart_feet_together	g	3393
kakyoin_noriaki	c	3392
white_trim	g	3392
buzz_cut	g	3389
wooden_table	g	3388
artoria_caster_(fate)	c	3385
office	g	3385
shirakami_fubuki_(1st_costume)	c	3385
final_fantasy_v	s	3384
baseball	g	3383
cyberpunk	g	3382
kochou_shinobu	c	3382
roman_numeral	g	3381
dialogue_box	g	3379
footprints	g	3379
koihime_musou	s	3379
steam_censor	g	3379
:i	g	3378
dimitri_alexandre_blaiddyd	c	3378
utaite	g	3378
disembodied_head	g	3377
disgust	g	3377
whale	g	3377
bucket_hat	g	3375
kabedon	g	3375
tennis_uniform	g	3375
hiroi_kikuri	c	3374
loose_clothes	g	3374
older_man_and_younger_girl	g	3374
go!_princess_precure	s	3372
holding_spear	g	3372
swim_briefs	g	3372
horn_bow	g	3370
holding_game_controller	g	3368
akashi_(kancolle)	c	3367
turnaround	g	3367
american_flag_dress	g	3366
;3	g	3363
@inoino	a	3363
blue-tinted_eyewear	g	3363
yellow_pants	g	3360
@ojipon	a	3359
pokemon_tcg	s	3358
utsugi_noriyuki	c	3358
raihan_(pokemon)	c	3357
amber_(genshin_impact)	c	3356
bondage_outfit	g	3356
nicole_demara	c	3356
dragon_quest_iv	s	3353
uneven_horns	g	3353
pink_vest	g	3352
tate_no_yuusha_no_nariagari	s	3351
purple_capelet	g	3350
toho	s	3350
multicolored_coat	g	3349
alolan_form	g	3348
pink_blood	g	3347
multicolored_gloves	g	3346
mallet	g	3345
bandai	s	3344
pastry	g	3344
yamanaka_ino	c	3344
giant_monster	g	3343
bloodborne	s	3341
from_software	s	3341
izuna_(blue_archive)	c	3338
super_mario_land	s	3336
drone	g	3335
arch_bishop_(ragnarok_online)	c	3334
keroro_gunsou	s	3334
leotard_pull	g	3334
watashi_ni_tenshi_ga_maiorita!	s	3333
hand_on_another's_stomach	g	3332
hilbert_(pokemon)	c	3332
ibuki_(blue_archive)	c	3332
blur_censor	g	3331
wreath	g	3330
hidamari_sketch	s	3328
negligee	g	3326
starry_sky_print	g	3326
rod_of_remorse	g	3324
gym	g	3323
kugisaki_nobara	c	3323
ethan_(pokemon)	c	3322
porkpie_hat	g	3321
@naga_u	a	3320
makinami_mari_illustrious	c	3320
sheryl_nome	c	3320
purple_horns	g	3319
banpresto	s	3317
tokiwadai_school_uniform	g	3317
multiple_braids	g	3316
pink_pajamas	g	3316
pc98	s	3315
cube	g	3312
shadowverse	s	3312
bird_legs	g	3308
jougasaki_rika	c	3308
adjusting_gloves	g	3306
agumon	c	3306
bamboo_forest	g	3306
shinosawa_hiro	c	3306
ushanka	g	3305
walk-in	g	3305
thigh_ribbon	g	3304
working!!	s	3304
collared_cape	g	3303
sparks	g	3301
striped_sweater	g	3300
shiranui_(kancolle)	c	3299
butler	g	3297
m.u.g.e.n	s	3297
yellow_wings	g	3296
deer_antlers	g	3295
cropped_hoodie	g	3293
scar_on_stomach	g	3293
tight_shirt	g	3293
clothes_hanger	g	3292
diluc_(genshin_impact)	c	3289
food_request	m	3289
wrinkled_skin	g	3289
plantar_flexion	g	3288
free!	s	3287
looking_at_mirror	g	3286
watching	g	3286
nakano_yotsuba	c	3285
patch	g	3285
aubrey_(omori)	c	3284
mechanical_horns	g	3284
ram_(re:zero)	c	3282
iori_(blue_archive)	c	3281
potato_chips	g	3280
hagiwara_yukiho	c	3279
scar_on_neck	g	3279
hilda_valentine_goneril	c	3278
cum_on_floor	g	3277
hands_on_own_thighs	g	3277
closers	s	3276
chouzetsusaikawa_tenshi-chan	c	3275
vial	g	3275
pale_color	g	3273
sumino_takumi	c	3273
mega_man_legends_(series)	s	3272
piplup	c	3271
green_apron	g	3270
hair_tucking	g	3270
purple-tinted_eyewear	g	3270
saint_seiya	s	3268
knotted_penis	g	3266
flame_print	g	3265
kaburagi_t._kotetsu	c	3264
multiple_condoms	g	3264
tony_tony_chopper	c	3263
bento	g	3262
modao_zushi	s	3262
different_reflection	g	3261
sideless_outfit	g	3261
yagami_hayate	c	3261
spiked_armlet	g	3260
graf_zeppelin_(kancolle)	c	3258
trainer_(umamusume)	c	3257
counter	g	3255
toast	g	3254
egg_(food)	g	3253
lize_helesta	c	3251
dust	g	3248
red_hood	g	3247
takebe_saori	c	3246
eraser	g	3245
lube	g	3245
gold_hairband	g	3244
zuihou_(kancolle)	c	3244
cheek_bulge	g	3242
holding_shoes	g	3242
seiken_densetsu_3	s	3242
project_voltage	s	3241
in-franchise_crossover	g	3240
mercy_(overwatch)	c	3239
cousins	g	3238
multiple_scars	g	3238
bangboo_(zenless_zone_zero)	c	3236
hino_rei	c	3236
neon_lights	g	3236
illustrious_(azur_lane)	c	3235
rough_sex	g	3235
baldur's_gate	s	3234
polka_dot_dress	g	3234
butterfly_print	g	3233
ammunition	g	3232
arima_kana	c	3232
between_thighs	g	3231
muscular_arms	g	3230
blueberry	g	3229
g-string	g	3229
nagatoro_hayase	c	3229
shiroko_terror_(blue_archive)	c	3227
wide_ponytail	g	3225
artist_self-insert	g	3224
blue_robe	g	3224
sleep_mask	g	3224
street_fighter_zero_(series)	s	3220
arcana_heart	s	3219
lyn_(fire_emblem)	c	3219
houjou_satoko	c	3216
sailor_senshi_uniform	g	3216
ousaka_shizuku	c	3215
nippon_ichi	s	3213
bow_earrings	g	3212
kyoukaisenjou_no_horizon	s	3211
skirt_around_one_leg	g	3211
megami_tensei	s	3210
presenting_pussy	g	3209
verniy_(kancolle)	c	3209
baldur's_gate_3	s	3207
brown_necktie	g	3207
digimon_tamers	s	3207
shiroko_(swimsuit)_(blue_archive)	c	3204
hands_on_lap	g	3202
kitasan_black_(umamusume)	c	3202
louise_francoise_le_blanc_de_la_valliere	c	3202
gae_bolg_(fate)	g	3201
space_helmet	g	3201
tactical_clothes	g	3201
tree_shade	g	3201
against_tree	g	3200
tangzhuang	g	3200
vrchat	s	3200
pokemon_xy_(anime)	s	3198
split_ponytail	g	3198
jirai_kei	g	3197
hamster	g	3196
juliana_(pokemon)	c	3196
kagari_atsuko	c	3196
volleyball_uniform	g	3195
perpendicular_paizuri	g	3194
triple_penetration	g	3194
nice_nature_(umamusume)	c	3193
hand_on_eyewear	g	3191
biker_clothes	g	3190
holding_gohei	g	3189
blue_male_swimwear	g	3188
ichika_(blue_archive)	c	3188
tulip	g	3187
vending_machine	g	3187
doraemon	s	3186
kyon	c	3186
sazanami_(kancolle)	c	3186
bad_feet	g	3183
coral	g	3183
flower_tattoo	g	3183
used_tissue	g	3182
android_21	c	3181
jonathan_joestar	c	3181
shimada_arisu	c	3178
yamashiro_(kancolle)	c	3178
before_and_after	g	3177
zombie_pose	g	3177
curled_fingers	g	3175
komi_shouko	c	3175
mesugaki	g	3175
subtitled	g	3174
avatar_legends	s	3172
world_war_ii	g	3172
carrying_over_shoulder	g	3171
calendar	g	3169
chocolate_on_body	g	3169
mage_staff	g	3169
overcast	g	3166
armored_gloves	g	3165
darker_than_black	s	3165
pink_one-piece_swimsuit	g	3164
anyoji_hime	c	3163
grey_necktie	g	3162
hair_twirling	g	3162
hakama_pants	g	3162
against_railing	g	3161
leaning_on_object	g	3160
pink_collar	g	3160
aotsuki_eito	c	3159
beam_rifle	g	3159
kirlia	c	3159
ooi_(kancolle)	c	3159
palmon	c	3159
penises_touching	g	3158
yellow_bra	g	3157
leg_belt	g	3154
striped_shorts	g	3154
@onikobe_rin	a	3153
cum_inflation	g	3153
cropped_vest	g	3152
kara_no_kyoukai	s	3149
gorget	g	3148
oversized_animal	g	3147
plaid_pants	g	3146
same-sex_bathing	g	3144
shower_(place)	g	3142
two-handed	g	3142
tang_keke	c	3141
decensored	m	3140
cum_on_self	g	3138
tokyo_ghoul	s	3138
@bow_(bhp)	a	3137
argyle_clothes	g	3137
breast_expansion	g	3137
heel_up	g	3137
energy_ball	g	3135
claw_(weapon)	g	3134
school_hat	g	3133
sleeping_on_person	g	3133
white_mask	g	3133
alternate_skin_color	g	3131
orange_thighhighs	g	3131
dusk_(arknights)	c	3129
shoulder_carry	g	3129
blue_tongue	g	3128
holstered	g	3128
tricorne	g	3128
white_leg_warmers	g	3128
fubuki_(one-punch_man)	c	3127
pyrokinesis	g	3127
armored_core	s	3126
katsuragi_misato	c	3126
chemise	g	3124
koshimizu_sachiko	c	3124
maria-sama_ga_miteru	s	3123
nia_teppelin	c	3121
traditional_nun	g	3120
isabelle_(animal_crossing)	c	3119
medicine_melancholy	c	3118
22/7	s	3117
white_sports_bra	g	3116
harukawa_maki	c	3112
orange_hoodie	g	3112
chibi_usa	c	3111
strappy_heels	g	3111
blue_sclera	g	3110
holding_balloon	g	3110
kirima_syaro	c	3110
holding_pillow	g	3109
nitta_minami	c	3106
wooden_wall	g	3106
choppy_bangs	g	3105
hanekawa_tsubasa	c	3105
goatee_stubble	g	3103
open-chest_sweater	g	3103
plaid_bikini	g	3103
happinesscharge_precure!	s	3101
juice_box	g	3101
sayonara_zetsubou_sensei	s	3101
scepter	g	3101
burning	g	3097
doremy_sweet	c	3097
torch	g	3097
sideburns_stubble	g	3092
skirt_tug	g	3091
mother_(game)	s	3090
orange_skin	g	3090
teen_titans	s	3090
no_eyewear	g	3089
senjougahara_hitagi	c	3089
cat_ear_panties	g	3088
chandelier	g	3088
public_use	g	3088
window_blinds	g	3088
cow	g	3087
2012	g	3086
jessie_(pokemon)	c	3086
open_pants	g	3085
after_ejaculation	g	3083
horseback_riding	g	3081
stone_ocean	s	3080
brown_corset	g	3079
heanna_sumire	c	3079
sketchbook	g	3079
daisy	g	3078
kotomine_kirei	c	3075
naked_cape	g	3074
satchel	g	3074
untied_panties	g	3074
ange_katrina	c	3073
ayanami_(azur_lane)	c	3071
whisk	g	3071
anis_(nikke)	c	3070
brown_kimono	g	3068
shinrabanshou	s	3068
azumanga_daiou	s	3067
beamed_eighth_notes	g	3066
mankanshoku_mako	c	3066
drinking_straw_in_mouth	g	3065
helm	g	3064
vector_trace	m	3064
bomb	g	3061
fake_antlers	g	3061
ishida_yamato	c	3061
nitocris_(fate)	c	3061
bomber_jacket	g	3060
imminent_anal	g	3060
single_gauntlet	g	3059
bayonetta_(series)	s	3058
lactation_through_clothes	g	3057
zenra	g	3057
black_veil	g	3056
feather-trimmed_sleeves	g	3056
potara_earrings	g	3056
blue_armband	g	3054
karakai_jouzu_no_takagi-san	s	3054
elizabeth_bathory_(fate)	c	3053
holding_helmet	g	3052
meiji_schoolgirl_uniform	g	3052
mari_(omori)	c	3051
blood_stain	g	3049
kachimachi_kosuzu	c	3048
super_sentai	s	3047
layered_kimono	g	3046
open_robe	g	3046
tenjouin_asuka	c	3046
pond	g	3045
makino_ruki	c	3044
traffic_light	g	3044
@blade_(galaxist)	a	3041
poker_chip	g	3041
birdcage	g	3039
black_lagoon	s	3039
milk_carton	g	3039
oni_mask	g	3039
saenai_heroine_no_sodatekata	s	3039
final_fantasy_tactics	s	3038
natsuki_subaru	c	3038
ass-to-ass	g	3037
cum_in_nose	g	3036
heart_pillow	g	3035
industrial_pipe	g	3035
drop_earrings	g	3034
straitjacket	g	3034
ojamajo_doremi	s	3033
jashin-chan_dropkick	s	3032
friends	g	3031
squeans	g	3030
starter_pokemon_trio	g	3030
asticassia_school_uniform	g	3028
ganguro	g	3028
grey_bra	g	3027
tales_of_xillia	s	3027
impossible_leotard	g	3026
lelouch_vi_britannia	c	3026
puffy_pants	g	3026
comb	g	3025
evangelion:_3.0+1.0_thrice_upon_a_time	s	3025
kanroji_mitsuri	c	3025
plaid_jacket	g	3024
street_fighter_iv_(series)	s	3024
herta_(honkai:_star_rail)	c	3023
ink	g	3023
deer_girl	g	3022
morning	g	3022
takamatsu_tomori	c	3022
insignia	g	3021
spilling	g	3021
baguette	g	3020
spring_(season)	g	3020
promare	s	3019
pink_shoes	g	3018
yoshida_yuuko_(machikado_mazoku)	c	3018
god_eater	s	3017
akizuki_ritsuko	c	3015
pool_ladder	g	3015
gengar	c	3014
implied_futanari	g	3014
yuri!!!_on_ice	s	3014
3others	g	3011
dan_heng_(honkai:_star_rail)	c	3011
anti-materiel_rifle	g	3010
higashikata_josuke	c	3010
fur-trimmed_skirt	g	3008
yuubari_(kancolle)	c	3008
higashiyama_kobeni	c	3006
video_camera	g	3006
dungeons_&_dragons	s	3004
holding_scissors	g	3004
object_namesake	g	3004
year_of_the_tiger	g	3004
anime_screenshot	m	3003
power_symbol	g	3003
ufo	g	3002
white_garter_straps	g	3002
year_of_the_rabbit	g	3001
spiked_choker	g	3000
cum_on_pussy	g	2999
rika_(pokemon)	c	2998
high_contrast	g	2995
rubble	g	2995
wise_(zenless_zone_zero)	c	2995
bow_(music)	g	2994
cloud_print	g	2994
qiqi_(genshin_impact)	c	2993
prehensile_hair	g	2992
spider-verse	s	2992
hawaiian_shirt	g	2991
plaid_background	g	2990
eyewear_strap	g	2989
lunasa_prismriver	c	2988
palm_leaf	g	2988
vaporeon	c	2986
alhaitham_(genshin_impact)	c	2985
arm_wrap	g	2984
dragon_ball_fighterz	s	2984
keyboard_(instrument)	g	2984
murasame_(kancolle)	c	2984
yukine_chris	c	2984
hiei_(kancolle)	c	2983
perona	c	2983
lilith_aensland	c	2982
anastasia_(idolmaster)	c	2979
creator_connection	g	2979
trick_or_treat	g	2979
basil_(faraway)_(omori)	c	2978
reze_(chainsaw_man)	c	2978
green_socks	g	2976
hooded_robe	g	2976
triforce	g	2976
two-tone_ribbon	g	2976
patterned_legwear	g	2975
age_progression	g	2974
rowlet	c	2974
yellow_sleeves	g	2974
strawberry_print	g	2973
new_game!	s	2972
fried_egg	g	2970
frilled_wrist_cuffs	g	2970
mustache_stubble	g	2970
platform_heels	g	2968
two-tone_bow	g	2968
blue_headband	g	2965
trumpet	g	2964
festival	g	2963
neck_fur	g	2963
summer_pockets	s	2962
tube	g	2962
chainmail	g	2960
butterfly_on_hand	g	2958
projectile_lactation	g	2957
@hiroki_(yyqw7151)	a	2956
brown_cloak	g	2956
long_tail	g	2955
purple_hoodie	g	2954
peril	g	2951
sweatband	g	2950
igawa_asagi	c	2948
mechanical_hands	g	2948
russian_text	g	2948
lyra_(pokemon)	c	2946
star_facial_mark	g	2946
raised_inner_eyebrows	g	2944
kikyou_(blue_archive)	c	2943
koseki_bijou	c	2943
purple_sailor_collar	g	2941
@neocoill	a	2940
arm_blade	g	2940
tensei_shitara_slime_datta_ken	s	2940
lipstick_tube	g	2939
videl	c	2939
yuzu_(blue_archive)	c	2939
nape	g	2938
poke_ball_symbol	g	2938
erect_clitoris	g	2937
delinquent	g	2936
catfight	g	2935
breast_focus	g	2934
dynamax_band	g	2934
leather_belt	g	2934
pink_pantyhose	g	2932
asakura_toru	c	2930
halloween_bucket	g	2930
ammunition_pouch	g	2929
tam_o'_shanter	g	2929
hachimiya_meguru	c	2927
look-alike	g	2926
open_bra	g	2926
tennis_racket	g	2926
breath_of_fire	s	2921
cum_in_clothes	g	2921
iris_(pokemon)	c	2921
iroha_(blue_archive)	c	2921
no_lineart	g	2920
twitching_penis	g	2920
cowboy_bebop	s	2917
hazbin_hotel	s	2916
short_sword	g	2916
orange_slice	g	2915
sailor_bikini	g	2915
kashiwazaki_sena	c	2914
rouge_the_bat	c	2914
naganami_(kancolle)	c	2913
shana	c	2913
animal_bag	g	2912
drill	g	2912
kise_yayoi	c	2911
hair_ears	g	2910
konami	s	2910
mole_on_cheek	g	2910
tail_bell	g	2910
tales_of_the_abyss	s	2907
blood_in_hair	g	2906
glowing_sword	g	2905
mysterious_heroine_x_(fate)	c	2904
satou_kazuma	c	2904
hexagram	g	2902
cropped_sweater	g	2900
thrusters	g	2899
title	g	2898
shadow_the_hedgehog	c	2895
iskandar_(fate)	c	2894
z3_max_schultz_(kancolle)	c	2894
hair_flowing_over	g	2892
elesa_(pokemon)	c	2891
lace-trimmed_sleeves	g	2890
brave_witches	s	2889
ace_(playing_card)	g	2888
gradient_dress	g	2888
shark_hood	g	2886
millennium_cheerleader_outfit_(blue_archive)	g	2885
pink_border	g	2884
sailor_mercury	c	2884
yamakaze_(kancolle)	c	2883
poncho	g	2881
thigh_cutout	g	2881
fff_threesome	g	2880
shoelaces	g	2880
bayonetta	c	2879
drawer	g	2879
crotch_cutout	g	2878
mostima_(arknights)	c	2877
shoulder_belt	g	2876
changli_(wuthering_waves)	c	2875
heart_facial_mark	g	2874
tomoe_gozen_(fate)	c	2874
gym_storeroom	g	2873
ado_(utaite)	s	2872
cumulonimbus_cloud	g	2872
prayer_beads	g	2872
star_sapphire	c	2872
hand_on_hilt	g	2870
@awa	a	2869
grey_neckerchief	g	2869
calendar_(object)	g	2867
heattech_leotard	g	2867
tail_wrap	g	2867
robin_(female)_(fire_emblem)	c	2866
fur-trimmed_legwear	g	2862
gloom_(expression)	g	2862
runny_makeup	g	2860
shokugeki_no_souma	s	2860
fishnet_gloves	g	2859
outie_navel	g	2859
centaur	g	2858
hanako_(swimsuit)_(blue_archive)	c	2858
squirrel_girl	g	2858
wei_wuxian	c	2858
crepe	g	2857
multicolored_bodysuit	g	2857
saten_ruiko	c	2857
heart_tail	g	2856
male_playboy_bunny	g	2855
kujikawa_rise	c	2854
serika_(blue_archive)	c	2854
bowser	c	2853
claw_ring	g	2853
magi_the_labyrinth_of_magic	s	2853
kokona_(blue_archive)	c	2852
park	g	2852
mecha_pilot_suit	g	2850
omaru_polka	c	2849
throwing	g	2849
shared_scarf	g	2848
mydei_(honkai:_star_rail)	c	2847
shoulder_strap	g	2847
leg_armor	g	2846
durarara!!	s	2845
mummy_costume	g	2845
pink_bodysuit	g	2845
seamed_legwear	g	2845
yuffie_kisaragi	c	2843
final_fantasy_vii_ever_crisis	s	2842
dark_souls_i	s	2840
holding_water_gun	g	2840
spoken_character	g	2840
gundam_zz	s	2839
scar_on_leg	g	2839
magnifying_glass	g	2838
makoto_nanaya	c	2838
multiple_bracelets	g	2837
micro_panties	g	2834
black_hood	g	2833
utility_belt	g	2833
diving_suit	g	2832
poster_(medium)	g	2832
tsukinomori_school_uniform	g	2831
traditional_youkai	g	2830
beatrice_(umineko)	c	2829
two-sided_coat	g	2829
kisume	c	2828
tanuki	g	2828
tsunomaki_watame	c	2828
dragon_quest_xi	s	2827
i-19_(kancolle)	c	2827
gatling_gun	g	2825
peace_symbol	g	2825
blue_cloak	g	2824
mouse_(computer)	g	2824
miyafuji_yoshika	c	2823
brendan_(pokemon)	c	2822
polka_dot_swimsuit	g	2820
sakura_futaba	c	2820
waver_velvet	c	2820
mega_gardevoir	c	2818
jealous	g	2815
shinomiya_kaguya	c	2815
tribal	g	2814
torn_leotard	g	2813
cum_in_container	g	2811
ai-assisted	m	2810
goth_fashion	g	2810
kanon	s	2810
eyewear_on_headwear	g	2809
kiyohime_(fate)	c	2806
upshorts	g	2805
hairdressing	g	2804
wa2000_(girls'_frontline)	c	2803
warship	g	2803
ass_shake	g	2801
missile	g	2801
muv-luv_alternative	s	2801
yellow_choker	g	2801
male_penetrated	g	2800
beckoning	g	2799
kasugano_sakura	c	2799
yellow_sweater_vest	g	2799
blake_belladonna	c	2798
shinjou_akane	c	2797
sword_of_hisou	g	2797
aria_(manga)	s	2796
licking_foot	g	2795
light_bulb	g	2795
striped_gloves	g	2795
x	g	2794
key_necklace	g	2793
braixen	c	2792
doctor	g	2792
@tukiwani	a	2791
angelina_(arknights)	c	2791
harem_pants	g	2791
single_pantsleg	g	2791
@abubu	a	2790
castlevania_(series)	s	2790
chart	g	2790
octoling_player_character	c	2790
prosthetic_leg	g	2790
wispy_bangs	g	2790
potion	g	2788
final_fantasy_xv	s	2787
open_skirt	g	2787
uchiha_sarada	c	2787
green_fur	g	2786
deer	g	2785
purple_socks	g	2785
resident_evil_4	s	2783
caustics	g	2782
inverted_cross	g	2782
tendou_akane	c	2782
nian_(arknights)	c	2781
shading_eyes	g	2780
yorigami_shion	c	2780
loose_bowtie	g	2779
caution_tape	g	2778
colored_nipples	g	2778
creepy	g	2778
skyline	g	2778
yu-gi-oh!_arc-v	s	2777
hedgehog	g	2775
special_week_(umamusume)	c	2775
midorikawa_nao	c	2772
soulcalibur	s	2772
stain	g	2772
inset	g	2770
watering_can	g	2769
oberon_(fate)	c	2768
clothed_male_nude_male	g	2767
tiki_(fire_emblem)	c	2766
viera	g	2766
castorice_(honkai:_star_rail)	c	2765
frilled_cuffs	g	2765
nengajou	g	2765
palms	g	2764
blue_border	g	2763
brushing_hair	g	2763
flower_print	g	2763
wakamo_(blue_archive)	c	2762
hibiki_(blue_archive)	c	2761
oguri_cap_(umamusume)	c	2759
@konpeto	a	2758
futami_mami	c	2758
azusa_(blue_archive)	c	2757
arm_armor	g	2756
screen	g	2756
goblin_slayer!	s	2755
seele_vollerei	c	2755
fujiwara_chika	c	2754
striped_kimono	g	2754
tsukishiro_yanagi	c	2754
holding_brush	g	2753
6+others	g	2752
ryuuou_no_oshigoto!	s	2751
lysithea_von_ordelia	c	2749
squid	g	2747
mars_symbol	g	2746
naked_bandage	g	2746
omurice	g	2746
akagi_miria	c	2745
beamed_quavers	g	2745
railroad_tracks	g	2745
drop-shaped_pupils	g	2744
hiryuu_(kancolle)	c	2744
red_tattoo	g	2744
yellow_socks	g	2743
untucked_shirt	g	2742
cowboy_western	g	2741
filia_(skullgirls)	c	2741
wo-class_aircraft_carrier	c	2740
omori_(omori)	c	2739
kirishima_(kancolle)	c	2738
muscular_legs	g	2738
pastel_colors	g	2738
spreader_bar	g	2738
@thor_(deep_rising)	a	2737
melusine_(fate)	c	2737
z1_leberecht_maass_(kancolle)	c	2737
giving	g	2735
ryoumen_sukuna_(jujutsu_kaisen)	c	2735
sanshoku_dango	g	2735
shinryaku!_ikamusume	s	2735
@nyamota	a	2734
black_armband	g	2734
nipple_penetration	g	2734
maekawa_miku	c	2733
ribbon_bondage	g	2733
aliasing	m	2732
dragon_ball_(classic)	s	2732
lettuce	g	2731
scan_artifacts	m	2729
pacifier	g	2728
angel_(kof)	c	2727
dolphin	g	2727
gradient_skin	g	2727
lace-trimmed_thighhighs	g	2727
red_mask	g	2725
vibrator_under_panties	g	2725
frilled_shorts	g	2723
boo_tao_(genshin_impact)	c	2722
niijima_makoto	c	2722
espeon	c	2721
inkling_boy	c	2720
video_game	g	2718
danganronpa_3_(anime)	s	2717
sailor_venus	c	2717
tharja_(fire_emblem)	c	2717
mole_on_ass	g	2716
faucet	g	2715
dress_flower	g	2714
senjou_no_valkyria_(series)	s	2714
eye_focus	g	2713
heels	g	2713
yoru_(chainsaw_man)	c	2713
no_sclera	g	2712
sitting_on_stairs	g	2712
tsumiki_mikan	c	2709
happy_tears	g	2706
ultra_series	s	2706
three-quarter_sleeves	g	2705
atlanta_(kancolle)	c	2704
feet_together	g	2703
diamond_wa_kudakenai	s	2702
takagi-san	c	2702
kalashnikov_rifle	g	2700
baseball_glove	g	2699
panda_ears	g	2699
mascot	g	2698
pink_wings	g	2698
solid_eyes	g	2698
wooden_fence	g	2698
raora_panthera	c	2697
kido_jo	c	2696
ryu_(street_fighter)	c	2695
evelyn_chevalier	c	2694
battery_indicator	g	2693
redesign	g	2693
@dd_(ijigendd)	a	2692
bruise_on_face	g	2692
senran_kagura_new_link	s	2692
sports_bikini	g	2692
darkstalkers	s	2691
lizard_tail	g	2691
rebecca_(cyberpunk)	c	2691
spirit	g	2691
yellow_cape	g	2691
long_beard	g	2690
pit_(kid_icarus)	c	2690
sun_symbol	g	2690
teenage_girl_and_younger_boy	g	2690
citlali_(genshin_impact)	c	2689
pulling	g	2689
amagi_brilliant_park	s	2688
akai_haato	c	2687
taiyaki	g	2687
cheek_pinching	g	2685
katyusha_(girls_und_panzer)	c	2685
ribbed_legwear	g	2685
@hungry_clicker	a	2684
battle_axe	g	2684
hyur	g	2683
shared_food	g	2683
saberfish	s	2682
bat_girl	g	2681
carrot_necklace	g	2680
saiyan	g	2680
project_diva_(series)	s	2679
mace	g	2676
@tsukishiro_saika	a	2675
fangs_out	g	2675
health_bar	g	2675
cherry_blossom_print	g	2673
menu	g	2673
taihou_(kancolle)	c	2673
brown-framed_eyewear	g	2672
refrigerator	g	2672
pegging	g	2670
hanging	g	2669
lion_boy	g	2669
electrokinesis	g	2666
arcane:_league_of_legends	s	2665
drawing_tablet	g	2665
erica_hartmann	c	2665
urakaze_(kancolle)	c	2665
wizarding_world	s	2665
fur-trimmed_cloak	g	2664
galaxy_angel	s	2664
industrial_piercing	g	2664
mihoyo	s	2664
nishizumi_shiho	c	2664
zhu_yuan	c	2664
@kani_biimu	a	2663
cheek_poking	g	2663
elite_four	g	2662
stole	g	2662
fur-trimmed_kimono	g	2661
chitanda_eru	c	2659
goat_girl	g	2659
taut_dress	g	2659
@tsukudani_(coke-buta)	a	2658
holding_leaf	g	2657
green_choker	g	2655
hayami_kanade	c	2655
super_robot	g	2655
red_tank_top	g	2653
stone_floor	g	2653
todoroki_shouto	c	2653
o3o	g	2652
two-tone_leotard	g	2652
green_flower	g	2650
jill_valentine	c	2650
gem_uniform_(houseki_no_kuni)	g	2649
fujita_kotone	c	2648
partly_fingerless_gloves	g	2648
yugake	g	2648
n_(pokemon)	c	2646
crosswalk	g	2645
guitar_case	g	2645
m/	g	2645
yunomi	g	2644
choko_(cup)	g	2643
star_choker	g	2643
wheel	g	2643
japanese_(nationality)	g	2642
kuroko_no_basuke	s	2642
sakura_miku	c	2642
shin_subarashiki_kono_sekai	s	2642
taimanin_suit	g	2642
trunks_(dragon_ball)	c	2642
rice_bowl	g	2641
wrist_bow	g	2641
katsushika_hokusai_(fate)	c	2640
monokuma	c	2640
multiple_piercings	g	2640
grey_bikini	g	2639
i-401_(kancolle)	c	2639
berserk	s	2638
akiyama_rinko	c	2637
impossible_dress	g	2635
mizuki_yukikaze	c	2635
blue_oak	c	2634
belt_bra	g	2633
deviantart_username	g	2633
diving_mask	g	2633
harvin	g	2632
banknote	g	2631
makaino_ririmu	c	2630
monsterification	g	2628
don-chan_(usada_pekora)	c	2627
momosuzu_nene	c	2625
overall_shorts	g	2625
breasts_on_head	g	2624
9s_(nier:automata)	c	2622
cactus	g	2622
park_bench	g	2622
skateboard	g	2622
mabinogi	s	2621
side-tie_leotard	g	2621
undone_necktie	g	2621
green_capelet	g	2620
death_note	s	2619
ilulu_(maidragon)	c	2619
bandaid_on_hand	g	2618
air_conditioner	g	2617
patamon	c	2616
pikmin_(series)	s	2615
striker_unit	g	2615
twincest	g	2614
brown_wings	g	2612
heart_button	g	2612
finger_heart	g	2610
leaf_(pokemon)	c	2609
leopard_ears	g	2607
sasaki_chie	c	2607
sidepec	g	2607
natsu_(blue_archive)	c	2606
show_by_rock!!	s	2606
kuririn	c	2603
nisemonogatari	s	2603
takane_lui	c	2603
madou_monogatari	s	2602
torn_jeans	g	2602
black_theme	g	2601
kirigaya_suguha	c	2601
monika_(doki_doki_literature_club)	c	2601
cabinet	g	2600
stone_wall	g	2598
junketsu	c	2596
marker	g	2596
final_fantasy_vii_advent_children	s	2595
horseshoe_ornament	g	2595
takodachi_(ninomae_ina'nis)	c	2595
wind_chime	g	2595
loose_belt	g	2594
white_shrug	g	2594
white_tube_top	g	2594
girls'_frontline_neural_cloud	s	2593
skull_earrings	g	2593
casual_nudity	g	2592
seigaiha	g	2592
black_survival	s	2591
noel_vermillion	c	2590
wrist_guards	g	2590
@m-da_s-tarou	a	2589
cardfight!!_vanguard	s	2589
mechanical_pencil	g	2589
sua_(alien_stage)	c	2589
theresa_apocalypse	c	2588
blue_tunic	g	2586
overgrown	g	2586
multiple_insertions	g	2583
sessyoin_kiara	c	2583
ghost_in_the_shell	s	2582
dwarf	g	2581
bear_girl	g	2579
cross_print	g	2577
panther_ears	g	2577
@slugbox	a	2576
partially_shaded_face	g	2576
mika_(girls_und_panzer)	c	2575
vertical-striped_jacket	g	2575
pink_tail	g	2573
black_garter_belt	g	2572
frog_girl	g	2570
white_hood	g	2570
kel_(omori)	c	2569
priest	g	2569
trial_captain	g	2569
sengoku_basara	s	2567
zero_(mega_man)	c	2566
bird_on_shoulder	g	2565
identity_censor	g	2565
yume_nikki	s	2563
condom_belt	g	2561
unworn_sandals	g	2560
@homare_(fool's_art)	a	2559
single_strap	g	2559
hong_lu_(project_moon)	c	2557
haro	c	2556
sitting_on_object	g	2556
symboli_rudolf_(umamusume)	c	2556
wooden_sword	g	2556
dildo_riding	g	2555
aq_interactive	s	2554
ohtsuki_yui	c	2554
mahjong	g	2553
takao_(azur_lane)	c	2553
bb_(fate/extra)	c	2552
toshinou_kyouko	c	2552
mob_psycho_100	s	2551
two-tone_footwear	g	2551
faust_(project_moon)	c	2550
stellive	s	2549
purple_neckerchief	g	2547
berry	g	2545
@carnelian	a	2544
pixiv_id	g	2544
amagi_yukiko	c	2542
black_swan_(honkai:_star_rail)	c	2542
fur-trimmed_shorts	g	2541
living_clothes	g	2541
testicle_sucking	g	2541
werewolf	g	2540
green_bodysuit	g	2539
nagisa_(blue_archive)	c	2539
onmyoji	s	2539
neckwear_grab	g	2538
phonograph	g	2538
himejima_akeno	c	2537
spread_wings	g	2537
column	g	2536
frisk_(undertale)	c	2535
laffey_(azur_lane)	c	2535
carmine_(pokemon)	c	2534
pocky_day	g	2534
sakata_gintoki	c	2534
tentacles_on_male	g	2534
aoki_reika	c	2533
side_ahoge	g	2533
utawarerumono:_itsuwari_no_kamen	s	2533
ryougi_shiki	c	2531
@kirisawa_juuzou	a	2530
alarm_clock	g	2530
sailor_jupiter	c	2530
spread_pussy_under_clothes	g	2530
waist_grab	g	2530
crescent_print	g	2529
headwear_request	m	2529
kaeya_(genshin_impact)	c	2529
curry	g	2527
under_night_in-birth	s	2527
purple_heart_(neptunia)	c	2526
train_station	g	2526
atelier_ryza_1	s	2525
harry_potter_(series)	s	2525
atelier_kaguya	s	2524
hair_through_headwear	g	2524
futami_ami	c	2522
hair_brush	g	2522
clothed_masturbation	g	2521
warrior	g	2521
gokkun	g	2520
specter_(arknights)	c	2519
symmetry	g	2519
20s	g	2518
kimi_no_koto_ga_dai_dai_dai_dai_daisuki_na_100-nin_no_kanojo	s	2518
chocolate_bar	g	2517
red_cross	g	2517
combat_helmet	g	2516
laevatein	g	2516
messy	g	2516
brown_apron	g	2514
examu	s	2514
gensou_suikoden	s	2512
sleeveless_hoodie	g	2511
club	g	2509
multicolored_legwear	g	2509
@kantoku	a	2508
shiver_(splatoon)	c	2508
sweet_potato	g	2508
year_of_the_ox	g	2508
elysia_(miss_pink_elf)_(honkai_impact)	c	2507
white_snake	g	2507
red_hands	g	2506
painting_(action)	g	2505
user_interface	g	2505
lapel_pin	g	2504
luna_child	c	2503
@born-to-die	a	2502
@ko~cha	a	2502
pink_sailor_collar	g	2502
mash_kyrielight_(dangerous_beast)	c	2501
rabbit-shaped_pupils	g	2501
tokitsukaze_(kancolle)	c	2501
cupping_hands	g	2500
godzilla	c	2500
ofuda_on_clothes	g	2500
perrine_h._clostermann	c	2500
tohru_(maidragon)	c	2500
warcraft	s	2500
barghest_(fate)	c	2499
diamond_(gemstone)	g	2499
walkie-talkie	g	2499
animal_hug	g	2498
fanbox_username	g	2497
ibaraki_douji_(fate)	c	2497
oral_invitation	g	2497
ano_hi_mita_hana_no_namae_wo_bokutachi_wa_mada_shiranai.	s	2496
gold_ring	g	2496
pixiv_username	g	2496
uzumaki_boruto	c	2496
fishing	g	2495
hand_on_another's_leg	g	2495
tokisaki_kurumi	c	2495
@nyantcha	a	2494
2011	g	2494
purple_one-piece_swimsuit	g	2494
sleeveless_coat	g	2493
thick_mustache	g	2493
mahou_shoujo_ni_akogarete	s	2492
ass_press	g	2491
hairjob	g	2489
pan_(dragon_ball)	c	2487
ningguang_(genshin_impact)	c	2486
kicchou_yachie	c	2485
star_tattoo	g	2483
side_cape	g	2481
broken_halo	g	2480
voicevox	s	2480
zack_fair	c	2480
aroused	g	2479
incoming_food	g	2479
bad_deviantart_id	m	2478
squigly_(skullgirls)	c	2478
mimikyu	c	2477
@hana_kazari	a	2475
grey_ribbon	g	2475
rotom_phone	c	2475
arms_around_waist	g	2474
runes	g	2474
stuffed_shark	g	2474
@konoshige_(ryuun)	a	2473
pie	g	2473
sinclair_(project_moon)	c	2473
ump9_(girls'_frontline)	c	2472
grey_bodysuit	g	2471
popsicle_in_mouth	g	2471
purple_fire	g	2470
simon_(ttgl)	c	2470
tippy_(gochiusa)	c	2470
nippleless_clothes	g	2468
treasure_chest	g	2468
dante_(devil_may_cry)	c	2467
hoshino_(swimsuit)_(blue_archive)	c	2467
morpeko	c	2466
striped_headwear	g	2466
maya_(kancolle)	c	2465
stepped_on	g	2463
eris_greyrat	c	2462
patchwork_skin	g	2461
dreaming	g	2459
ankle_strap	g	2458
frogtie	g	2458
@agawa_ryou	a	2457
bloody_knife	g	2457
aegis_(persona)	c	2456
crossbow	g	2455
daidouji_tomoyo	c	2455
toon_(style)	g	2455
flower_(symbol)	g	2454
sailor_mars	c	2454
lio_fotia	c	2453
@bb_(baalbuddy)	a	2452
@nanashi_(nlo)	a	2450
elegg_(nikke)	c	2450
@haganef	a	2449
@houtengeki	a	2449
kin-iro_mosaic	s	2448
nose_bubble	g	2448
sitting_in_tree	g	2448
star_twinkle_precure	s	2448
sunny_milk	c	2448
garden	g	2447
oonusa	g	2447
alternate_headwear	g	2446
half_mask	g	2446
pokemon_lgpe	s	2446
mechanical_ears	g	2445
millipen_(medium)	m	2445
azki_(hololive)	c	2444
digimon_adventure_02	s	2443
shermie_(kof)	c	2443
testicle_grab	g	2443
saki_(blue_archive)	c	2442
ammunition_belt	g	2440
konohagakure_symbol	g	2440
pokemon_dppt_(anime)	s	2440
reizei_mako	c	2440
sleeping_upright	g	2440
charlotte_e._yeager	c	2439
intravenous_drip	g	2439
split_screen	g	2439
ikamusume	c	2438
bulbasaur	c	2436
holding_another's_hair	g	2436
white_umbrella	g	2436
head_down	g	2435
\||/	g	2434
charlotte_(madoka_magica)	c	2434
caterpillar_tracks	g	2433
kurumi_erika	c	2433
shuuchiin_academy_school_uniform	g	2433
@haruhisky	a	2432
lisa_(genshin_impact)	c	2432
hair_in_own_mouth	g	2431
union_jack	g	2431
@mizumizuni	a	2430
danganronpa_another_episode:_ultra_despair_girls	s	2430
misumi_nagisa	c	2428
green-framed_eyewear	g	2427
inui_toko	c	2427
protected_link	m	2427
christmas_lights	g	2426
kita_high_school_uniform	g	2426
ia_(vocaloid)	c	2425
tokkuri	g	2425
asakura_ryouko	c	2423
off-shoulder_bikini	g	2423
lycoris_uniform	g	2422
unworn_bikini_top	g	2422
gertrud_barkhorn	c	2421
motoori_kosuzu	c	2421
pokemon_on_head	g	2421
akuma_homura	c	2420
very_long_fingernails	g	2420
blood_on_arm	g	2419
tentomon	c	2419
yellow-tinted_eyewear	g	2419
higuchi_kaede	c	2418
open_belt	g	2418
orange_scrunchie	g	2418
peroro_(blue_archive)	c	2418
takeba_yukari	c	2418
tropical-rouge!_precure	s	2418
evangelion:_2.0_you_can_(not)_advance	s	2417
looking_at_food	g	2416
roxy_migurdia	c	2416
sunflower_hair_ornament	g	2416
tales_of_zestiria	s	2416
fingering_through_clothes	g	2415
kris_(deltarune)	c	2414
black_buruma	g	2413
impaled	g	2413
black_shrug	g	2412
screentones	g	2412
toilet_paper	g	2412
benghuai_xueyuan	s	2411
mitakihara_school_uniform	g	2411
shigure_ui_(vtuber)	c	2411
sora_harewataru	c	2411
tooth_necklace	g	2411
@sincos	a	2410
luo_xiaohei_zhanji	s	2410
orange_belt	g	2410
marianne_von_edmund	c	2409
oumae_kumiko	c	2409
standing_on_liquid	g	2409
streamers	g	2409
@minaba_hideo	a	2408
usopp	c	2408
@tsunako	a	2407
aika_(series)	s	2407
common_raccoon_(kemono_friends)	c	2407
head_only	g	2407
lynette_bishop	c	2407
falin_touden	c	2406
hishikawa_rikka	c	2405
spoken_interrobang	g	2405
grabbing_another's_chin	g	2404
leafeon	c	2404
plate_armor	g	2404
digimon_frontier	s	2403
wheelchair	g	2403
pectoral_grab	g	2401
admire_vega_(umamusume)	c	2400
breast_cutout	g	2400
presenting_anus	g	2400
shun_(blue_archive)	c	2399
ketchup	g	2398
naka_(kancolle)	c	2398
sparkler	g	2398
tankini	g	2397
nakano_ichika	c	2396
emiya_kiritsugu	c	2395
final_fantasy_xiii	s	2394
spine	g	2394
mimikaki	g	2393
st._louis_(azur_lane)	c	2392
tighnari_(genshin_impact)	c	2392
levi_(shingeki_no_kyojin)	c	2391
polo_shirt	g	2391
sabrina_(pokemon)	c	2391
leather_gloves	g	2390
macross_delta	s	2390
flower_necklace	g	2389
black_tiara	g	2388
hayakawa_aki	c	2388
39	g	2387
brown_bikini	g	2387
colored_shadow	g	2387
@greco_roman_(spiral_brain)	a	2386
lace_choker	g	2386
wonderful_precure!	s	2386
blanc_(neptunia)	c	2385
flat_ass	g	2384
flip_phone	g	2384
naked_sheet	g	2384
power_suit	g	2384
sora_(kingdom_hearts)	c	2384
enterprise_(azur_lane)	c	2383
mmm_threesome	g	2383
tina_branford	c	2383
black_tube_top	g	2382
double_dildo	g	2382
tri_tails	g	2382
crotch_plate	g	2380
cheering	g	2379
inset_border	g	2379
snake_hair	g	2379
clorinde_(genshin_impact)	c	2378
yumi_(senran_kagura)	c	2378
holy_ring	g	2377
natori_sana	c	2377
mother_2	s	2375
burnice_white	c	2374
rabbit_hole_(vocaloid)	s	2374
white_corset	g	2374
phosphophyllite	c	2373
latex_legwear	g	2372
hiro_(darling_in_the_franxx)	c	2371
red_apron	g	2371
highschool_of_the_dead	s	2370
@kloah	a	2369
checkered_necktie	g	2367
collared_vest	g	2367
mayano_top_gun_(umamusume)	c	2367
dyed_bangs	g	2365
wild_arms	s	2365
asamiya_athena	c	2364
german_clothes	g	2364
dark_areolae	g	2363
fake_facial_hair	g	2363
powerpuff_girls	s	2363
sana_channel	s	2363
voice_actor	g	2363
yi_sang_(project_moon)	c	2363
donkey_kong_(series)	s	2362
hoshikawa_sara	c	2362
tent	g	2362
livestream	g	2361
eye_trail	g	2360
mizi_(alien_stage)	c	2360
curren_chan_(umamusume)	c	2359
ramlethal_valentine	c	2359
hooded_sweater	g	2358
lana's_mother_(pokemon)	c	2358
stab	g	2358
nipple_clamps	g	2357
@takafumi	a	2356
kumano_(kancolle)	c	2356
ranka_lee	c	2356
skadi_the_corrupting_heart_(arknights)	c	2356
thumb_ring	g	2356
forced_orgasm	g	2355
houjou_hibiki	c	2355
isokaze_(kancolle)	c	2355
exhausted	g	2354
unworn_bag	g	2354
gundam_tekketsu_no_orphans	s	2353
pinstripe_shirt	g	2353
star_sticker	g	2353
tachibana_hibiki_(symphogear)	c	2353
group_picture	g	2352
notepad	g	2352
cow_print_gloves	g	2350
hatsuzuki_(kancolle)	c	2350
uzuki_(kancolle)	c	2350
excessive_pubic_hair	g	2349
hands_on_feet	g	2349
harusame_(kancolle)	c	2348
single_vertical_stripe	g	2348
sparkle_print	g	2348
sword_girls	s	2348
takanashi_rikka	c	2348
green_tunic	g	2347
@iesupa	a	2345
patreon	s	2345
gran_(granblue_fantasy)	c	2343
hands_on_own_ass	g	2343
irida_(pokemon)	c	2341
konjiki_no_yami	c	2341
mega_man_battle_network	s	2341
yellow_tank_top	g	2341
belt_skirt	g	2340
kissing_forehead	g	2340
yellow_trim	g	2340
undressing_another	g	2339
unryuu_(kancolle)	c	2339
yahagi_(kancolle)	c	2339
chef	g	2338
bad_end	g	2337
fish_(food)	g	2337
projected_inset	g	2337
american_flag_print	g	2336
aqua_panties	g	2336
print_jacket	g	2336
vibrator_on_nipple	g	2336
kudamaki_tsukasa	c	2334
tight_dress	g	2334
neuvillette_(genshin_impact)	c	2333
palette_(object)	g	2333
multiple_drawing_challenge	g	2332
sunscreen	g	2332
tree_stump	g	2332
yorigami_jo'on	c	2332
florian_(pokemon)	c	2331
oda_nobunaga_(koha-ace)	c	2331
green_bag	g	2330
legs_over_head	g	2330
persona_3_portable	s	2330
stitched_mouth	g	2330
in_food	g	2329
print_bow	g	2329
slayers	s	2329
guilty_crown	s	2328
love_letter	g	2328
picnic_basket	g	2327
stadium	g	2327
taigei_(kancolle)	c	2327
elphelt_valentine	c	2326
talking_on_phone	g	2326
extra_mouth	g	2325
mask_around_neck	g	2325
blue_trim	g	2324
false_smile	g	2324
clover_print	g	2323
igawa_sakura	c	2323
tablecloth	g	2323
inugami_korone_(1st_costume)	c	2322
drying	g	2320
portgas_d._ace	c	2320
see-through_jacket	g	2320
kanojo_okarishimasu	s	2318
sleeve_garter	g	2318
@sano_toshihide	a	2317
tanabata	g	2317
boko_(girls_und_panzer)	c	2316
grimms_notes	s	2316
tape_bondage	g	2316
albedo_(genshin_impact)	c	2315
bb_(swimsuit_mooncancer)_(fate)	c	2315
blonde_pubic_hair	g	2315
kirakira_precure_a_la_mode	s	2315
toji_no_miko	s	2314
@shiratama	a	2313
yu_mei-ren_(fate)	c	2313
foot_worship	g	2312
kuromorimine_military_uniform	g	2312
matara_okina	c	2312
frilled_headwear	g	2311
brown_sleeves	g	2310
full-body_tattoo	g	2309
graveyard	g	2309
naginata	g	2309
bikesuit	g	2307
fukumaru_koito	c	2307
juice	g	2306
panther_girl	g	2306
shiomi_kotone	c	2306
blue_tail	g	2305
brown_hoodie	g	2305
aile_(mega_man_zx)	c	2304
america_(hetalia)	c	2304
kamijou_touma	c	2304
no_testicles	g	2304
struggling	g	2304
tenshi_(angel_beats!)	c	2304
mihono_bourbon_(umamusume)	c	2303
twin_turbo_(umamusume)	c	2303
di_gi_charat	s	2302
haruna_(blue_archive)	c	2302
staff_(music)	g	2302
product_placement	g	2301
licking_another's_face	g	2300
etna_(disgaea)	c	2299
desk_lamp	g	2298
navia_(genshin_impact)	c	2298
polka_dot_bra	g	2298
rope_belt	g	2298
severed_head	g	2298
alchemy_stars	s	2297
looking_at_breasts	g	2297
yuzuki_choco	c	2297
hand_on_own_shoulder	g	2296
jeanne_d'arc_alter_(swimsuit_berserker)_(fate)	c	2293
pee_stain	g	2293
topless_frame	g	2293
foliage	g	2292
jakuzure_nonon	c	2292
mismatched_sleeves	g	2292
xenosaga	s	2292
yellow_apron	g	2292
cameo	g	2291
gekkoukan_high_school_uniform	g	2291
leona_heidern	c	2291
alternate_legwear	g	2290
anastasia_(fate)	c	2289
hugtto!_precure	s	2289
saratoga_(kancolle)	c	2289
sonozaki_mion	c	2289
ushiwakamaru_(fate)	c	2289
yuigaoka_school_uniform	g	2289
cheek_squash	g	2288
holding_jacket	g	2288
tail_grab	g	2288
uzaki_hana	c	2287
make_heroine_ga_oo_sugiru!	s	2286
hypno	c	2285
unworn_gloves	g	2284
broken_heart	g	2283
manga_(object)	g	2283
wizard	g	2283
doughnut_hair_bun	g	2282
hands_on_headwear	g	2282
open_window	g	2282
tegaki	g	2282
blaze_the_cat	c	2281
chacha	c	2281
drugs	g	2281
kissing_penis	g	2280
shinku	c	2280
himemori_luna	c	2279
keychain	g	2279
cockpit	g	2278
gauze	g	2278
hair_extensions	g	2278
holding_fishing_rod	g	2278
unitard	g	2278
@jmg	a	2277
thick_beard	g	2277
akaza_akari	c	2276
endeavor_(boku_no_hero_academia)	c	2276
fire_emblem_cipher	s	2276
hino_akane_(smile_precure!)	c	2276
yukinoshita_yukino	c	2276
dagashi_kashi	s	2275
lace_gloves	g	2275
boobplate	g	2274
fighter_jet	g	2274
grey_nails	g	2274
kigurumi	g	2274
kimono_skirt	g	2274
fate/samurai_remnant	s	2273
metal_hairband	g	2273
x_x	g	2273
cotton_candy	g	2271
raphtalia	c	2271
hands_on_another's_cheeks	g	2270
moon_(ornament)	g	2270
purple_ascot	g	2270
purple_umbrella	g	2270
hand_on_breast	g	2269
shirase_sakuya	c	2269
jirou_kyouka	c	2268
elira_pendora	c	2267
masturbation_through_clothes	g	2267
winding_key	g	2267
exoskeleton	g	2266
index_fingers_together	g	2266
getou_suguru	c	2265
smegma	g	2265
coif	g	2264
hataraku_saibou	s	2264
fennec_(kemono_friends)	c	2263
iroha_(samurai_spirits)	c	2263
content_rating	g	2262
furrification	g	2262
love_plus	s	2262
@chihuri	a	2261
uta_(one_piece)	c	2261
volleyball_(object)	g	2261
countdown	g	2260
kotonoha_akane	c	2260
aegyo_sal	g	2258
2010	g	2257
boxer_briefs	g	2257
pinstripe_jacket	g	2257
print_bra	g	2257
mysterious_heroine_xx_(fate)	c	2256
pin	g	2256
holding_violin	g	2255
vertical-striped_pantyhose	g	2254
icing	g	2253
chocolate_on_breasts	g	2251
constellation_print	g	2251
flower_brooch	g	2251
gabumon	c	2251
multiple_hairpins	g	2251
groin_tendon	g	2250
holding_ladle	g	2250
squat_toilet	g	2250
avatar:_the_last_airbender	s	2249
blue_boots	g	2248
kiyoshimo_(kancolle)	c	2248
sheet_music	g	2248
tedeza_rize	c	2248
the_legend_of_zelda:_skyward_sword	s	2248
xenoblade_chronicles_1	s	2248
bear_boy	g	2247
demon_slayer_uniform	g	2247
ike_(fire_emblem)	c	2247
bad_hands	g	2246
breathing_fire	g	2246
amano_nene_(digimon_xros_wars)	c	2245
@kouno_(masao)	a	2244
ankh	g	2244
belly_grab	g	2244
halberd	g	2242
takakura_ken_(dandadan)	c	2242
pink_horns	g	2241
rainbow_order	g	2241
reference_sheet	g	2241
shima_rin	c	2241
@ixy	a	2240
bodice	g	2240
nail_art	g	2240
adventure_time	s	2239
frontal_wedgie	g	2239
shin_guards	g	2239
group_name	g	2238
key_visual	m	2238
radio	g	2238
yuusha_de_aru	s	2238
headscarf	g	2237
pointer	g	2237
female_admiral_(kancolle)	c	2236
heart_collar	g	2236
frilled_leotard	g	2235
pine_tree	g	2235
rotational_symmetry	g	2235
production_art	g	2234
pink_camisole	g	2232
ballerina	g	2231
kirijou_mitsuru	c	2230
ribbon-trimmed_clothes	g	2230
holostars_english	s	2229
bianca_(pokemon)	c	2228
column_lineup	g	2228
forehead-to-forehead	g	2228
nakano_itsuki	c	2228
arched_bangs	g	2227
hanasakigawa_school_uniform	g	2227
kettle	g	2227
@hamu_koutarou	a	2225
cucumber	g	2225
usami_sumireko	c	2225
cetacean_tail	g	2224
high_priest_(ragnarok_online)	c	2224
raven_(dc)	c	2224
seaport_princess	c	2223
akatsuki_kirika	c	2222
upscaled	m	2221
holding_hose	g	2220
little_red_riding_hood	s	2220
drum_set	g	2219
diaper	g	2218
xiao_guan_(headdress)	g	2218
diagonal-striped_bowtie	g	2217
merlin_prismriver	c	2217
necktie_grab	g	2217
nemona_(pokemon)	c	2217
rapi_(nikke)	c	2217
visor_(armor)	g	2217
penis_peek	g	2215
ranni_the_witch	c	2215
gabriel_dropout	s	2214
truck	g	2214
hand_puppet	g	2213
licking_armpit	g	2213
mahou_girls_precure!	s	2212
undead	g	2212
curly_eyebrows	g	2211
mari_(track)_(blue_archive)	c	2211
shirt_in_mouth	g	2211
oversized_food	g	2210
soda	g	2210
nepgear	c	2208
@wanta_(futoshi)	a	2207
kuwayama_chiyuki	c	2207
kanojo_ga_ore_ni_kureta_mono._ore_ga_kanojo_ni_ageru_mono.	s	2206
ashley_(warioware)	c	2205
lotion_bottle	g	2205
pearl_(splatoon)	c	2205
shin_sangoku_musou	s	2205
strawberry_hair_ornament	g	2205
food-themed_earrings	g	2204
nero_claudius_(swimsuit_caster)_(fate)	c	2204
windmill	g	2204
colored_inner_animal_ears	g	2203
silver_(pokemon)	c	2203
dungeon	g	2202
tamamo_cat_(fate)	c	2201
live_a_hero	s	2199
lounge_chair	g	2199
redrawn	m	2198
spoken_sweatdrop	g	2198
@kimishima_ao	a	2197
cardigan_around_waist	g	2197
fou_(fate)	c	2197
izayoi_aki	c	2197
holding_notebook	g	2196
incoming_gift	g	2196
big_nose	g	2195
concert	g	2195
yordle	g	2195
helicopter	g	2193
shiina_yuika	c	2193
hatsune_miku_(cosplay)	g	2192
morino_rinze	c	2192
pink_capelet	g	2192
three-dimensional_maneuver_gear	g	2192
veranda	g	2192
@zol	a	2191
@rariatto_(ganguri)	a	2190
halo_behind_head	g	2189
medium_penis	g	2189
satsuki_(kancolle)	c	2189
strongman_waist	g	2189
@gonzarez	a	2188
@milkpanda	a	2188
kaveh_(genshin_impact)	c	2188
saga	s	2188
yukishiro_honoka	c	2188
floating_cape	g	2187
upshirt	g	2187
warspite_(kancolle)	c	2187
multicolored_bow	g	2186
yae_sakura	c	2184
high_kick	g	2183
just_the_tip	g	2183
reindeer_costume	g	2183
centauroid	g	2182
i-58_(kancolle)	c	2182
tamamo_no_mae_(swimsuit_lancer)_(fate)	c	2182
island_fox_(kemono_friends)	c	2181
ferris_wheel	g	2180
street_fighter_iii_(series)	s	2180
takoyaki	g	2180
tokyo-3_middle_school_uniform	g	2180
elysia_(herrscher_of_human:_ego)_(honkai_impact)	c	2179
santa_bikini	g	2179
steering_wheel	g	2178
hoshizora_miyuki	c	2177
kousaka_tamaki	c	2177
cow_boy	g	2176
crescent_facial_mark	g	2175
pink_cape	g	2175
professor_niyaniya_(blue_archive)	c	2175
witch's_garden	s	2175
blue_feathers	g	2174
elio_(pokemon)	c	2174
gangbang	g	2173
laser	g	2171
naegi_makoto	c	2171
sorceress_(dragon's_crown)	c	2171
koyanskaya_(fate)	c	2170
typo	g	2170
autobot	g	2169
brushing_teeth	g	2169
dixie_cup_hat	g	2169
kamado_tanjirou	c	2168
priest_(dq3)	c	2168
rance_(series)	s	2168
sekaiju_no_meikyuu	s	2168
braided_sidelock	g	2167
shiratsuyu_(kancolle)	c	2167
@hikage_eiji	a	2166
asahina_mafuyu	c	2166
nekomata_okayu_(1st_costume)	c	2164
akagi_(azur_lane)	c	2163
pink_sky	g	2162
sunflower_field	g	2162
cephalopod_eyes	g	2161
chewing	g	2161
denim_jacket	g	2161
noumi_kudryavka	c	2161
ultra_beast	g	2161
unicorn	g	2161
female_rover_(wuthering_waves)	c	2160
mitaka_asa	c	2160
two-footed_footjob	g	2160
dark_halo	g	2159
viewer_holding_leash	g	2159
curtsey	g	2158
osaki_amana	c	2158
pillbox_hat	g	2158
shallow_water	g	2158
bb_(fate)_(all)	c	2157
diamond_cutout	g	2157
tamaki_iroha	c	2157
tail_censor	g	2156
bolo_tie	g	2155
diarmuid_ua_duibhne_(lancer)_(fate)	c	2155
foam	g	2155
holding_tablet_pc	g	2155
haru_urara_(umamusume)	c	2154
orange_pantyhose	g	2154
basketball_uniform	g	2153
crime_prevention_buzzer	g	2153
holding_megaphone	g	2153
liko_(pokemon)	c	2153
onomatope	s	2153
saw	g	2153
world_of_warcraft	s	2153
blue_tank_top	g	2152
fate/prototype:_fragments_of_blue_and_silver	s	2152
ame-chan_(needy_girl_overdose)	c	2151
dairoku_ryouhei	s	2151
jigglypuff	c	2151
polka_dot_skirt	g	2149
ankle_lace-up	g	2148
haruka_(blue_archive)	c	2148
madotsuki	c	2148
sinon	c	2148
two-tone_headwear	g	2148
lalafell	g	2146
my-hime	s	2146
mini-hakkero	g	2145
object_head	g	2145
single_hair_tube	g	2145
chara_(undertale)	c	2144
ginkgo_leaf	g	2144
morikubo_nono	c	2144
chando_(ado)	c	2143
holding_chocolate	g	2143
spiked_tail	g	2143
delicious_party_precure	s	2142
leash_pull	g	2142
orange_panties	g	2142
springfield_(girls'_frontline)	c	2142
two-tone_cape	g	2142
yellow_sky	g	2142
bishop_(company)	s	2141
fireplace	g	2141
frilled_sailor_collar	g	2141
if_they_mated	g	2141
pointing_at_another	g	2141
wrestling_ring	g	2141
grey_tank_top	g	2138
purple_scrunchie	g	2138
the_king_of_fighters_xv	s	2138
yurigaoka_girls_academy_school_uniform	g	2138
ring_gag	g	2136
snivy	c	2136
@hews	a	2135
carrying_under_arm	g	2135
implied_yaoi	g	2135
ribbon-trimmed_collar	g	2135
circle_cut	g	2134
purple_rope	g	2134
@ginhaha	a	2133
agent_aika	s	2133
camouflage_jacket	g	2133
audience	g	2132
penis_under_another's_clothes	g	2131
yanfei_(genshin_impact)	c	2131
ak-12_(girls'_frontline)	c	2129
yellow_bodysuit	g	2129
hakama_shorts	g	2128
king_halo_(umamusume)	c	2128
mistletoe	g	2127
noose	g	2127
wetsuit	g	2127
awa_subaru	c	2126
brazilian_miku	c	2125
wisteria	g	2123
green_pupils	g	2122
has_censored_revision	m	2122
holding_innertube	g	2122
large_hands	g	2122
real_world_location	g	2122
nonna_(girls_und_panzer)	c	2121
orange_bodysuit	g	2119
drugged	g	2118
gate	g	2118
guiding_hand	g	2118
penis_out	g	2118
ribbed_sleeves	g	2118
tsukihime_(remake)	s	2118
piyomon	c	2117
vertin_(reverse:1999)	c	2117
wiping_face	g	2117
arthropod_limbs	g	2116
ozora_yujin	c	2116
orange_sweater	g	2114
akiyama_mizuki	c	2113
red_border	g	2113
sausage	g	2113
back_focus	g	2112
orange_vest	g	2112
to_heart	s	2112
determined	g	2109
dumbbell	g	2109
flareon	c	2109
nose_ring	g	2109
sharp_toenails	g	2109
weighing_scale	g	2109
chaldea_uniform	g	2108
d.gray-man	s	2108
nanatsu_no_taizai	s	2108
wrist_wrap	g	2108
red_petals	g	2107
bear_print	g	2105
goldenglow_(arknights)	c	2103
napoleon_bonaparte_(fate)	c	2103
deerstalker	g	2102
hanamura_yousuke	c	2102
noelle_(genshin_impact)	c	2102
shinonome_ena	c	2102
shorts_under_dress	g	2102
venus_symbol	g	2102
artoria_pendragon_(lancer_alter)_(fate)	c	2101
blunt_tresses	g	2101
cookie_run:_kingdom	s	2100
nekomusume	c	2100
cleaning	g	2099
nikki_(nikki)	c	2099
holding_beachball	g	2098
index_(toaru_majutsu_no_index)	c	2098
shell_bikini	g	2098
akame_ga_kill!	s	2097
comparison	g	2097
lighter	g	2097
red_robe	g	2097
ribbon-trimmed_dress	g	2097
united_kingdom_(hetalia)	c	2097
@ueyama_michirou	a	2096
@suzui_narumi	a	2095
cat_day	g	2094
kusanagi_motoko	c	2094
party_popper	g	2094
sleeve_ribbon	g	2094
cleave_gag	g	2093
color_connection	g	2093
robin_(male)_(fire_emblem)	c	2093
@izumi_tsubasu	a	2092
dragalia_lost	s	2092
two-tone_hairband	g	2092
fur_cape	g	2091
handkerchief	g	2091
head_on_hand	g	2091
persona_5_the_royal	s	2090
@dagashi_(daga2626)	a	2089
fire_emblem_warriors:_three_hopes	s	2089
mei_(overwatch)	c	2089
prototype_design	g	2089
ujimatsu_chiya	c	2089
@camel_(dansen)	a	2088
kiso_(kancolle)	c	2088
no_jacket	g	2088
old_woman	g	2088
@ino_(magloid)	a	2087
akigumo_(kancolle)	c	2087
kusazuri	g	2087
photo_inset	g	2087
platform_boots	g	2087
oshawott	c	2086
mario_kart	s	2085
toe_ring	g	2085
cheek_press	g	2084
@yuuji_(and)	a	2083
blue_pajamas	g	2082
cross-laced_sleeves	g	2082
arm_between_breasts	g	2081
log	g	2081
nanachi_(made_in_abyss)	c	2081
no-hands_paizuri	g	2081
asymmetrical_sidelocks	g	2079
magical_musket	g	2079
stream	g	2079
buster_sword	g	2078
gomamon	c	2078
kaga_(azur_lane)	c	2078
james_(pokemon)	c	2077
@dmm	a	2076
@yohane	a	2076
red_boots	g	2076
torn_panties	g	2076
oboro_(kancolle)	c	2075
shining_nikki	s	2075
blade_(honkai:_star_rail)	c	2074
yes-no_pillow	g	2074
flashlight	g	2073
japanese_flag	g	2073
fur-trimmed_footwear	g	2072
no_wings	g	2072
smoke_trail	g	2072
camouflage_pants	g	2071
dorohedoro	s	2071
senran_kagura_new_wave	s	2071
ushiromiya_battler	c	2071
dolphin_wave	s	2070
eishin_flash_(umamusume)	c	2070
captured	g	2069
crown_of_thorns	g	2069
idolmaster_2	s	2069
the_legend_of_zelda:_the_wind_waker	s	2066
doyagao	g	2065
mogami_(kancolle)	c	2065
skull_mask	g	2065
tsukiyono_ruli	c	2065
hazuki_ren	c	2064
kujou_sara	c	2064
rainbow_gradient	g	2063
fountain	g	2062
core_crystal_(xenoblade)	g	2061
kitauji_high_school_uniform	g	2061
naked_hoodie	g	2061
tail_piercing	g	2061
counter:side	s	2060
final_fight	s	2059
monster_energy	s	2059
scissor_blade_(kill_la_kill)	g	2059
yellow_feathers	g	2059
kotonoha_aoi	c	2058
prehensile_tail	g	2058
sinoalice	s	2058
@belko	a	2057
saria_(arknights)	c	2057
pants_rolled_up	g	2056
reindeer	g	2056
fake_mustache	g	2055
fumo_(doll)	g	2055
possessed	g	2055
vibrator_in_thighhighs	g	2055
cocktail_dress	g	2054
double_w	g	2054
irisviel_von_einzbern	c	2054
chikan	g	2053
@avogado6	a	2052
grisaia_(series)	s	2051
hero_(omori)	c	2051
matsuno_karamatsu	c	2051
buttjob_over_clothes	g	2049
meltryllis_(swimsuit_lancer)_(fate)	c	2049
halter_shirt	g	2048
holographic_interface	g	2048
lace-trimmed_skirt	g	2048
scar_on_mouth	g	2048
holding_bucket	g	2047
tails_(sonic)	c	2047
red_tail	g	2046
aida_mana	c	2045
meltryllis	c	2045
ramune	g	2045
ribbon_in_mouth	g	2045
saitama_(one-punch_man)	c	2045
sword_over_shoulder	g	2045
beatmania_iidx	s	2044
cyrene_(honkai:_star_rail)	c	2044
ears	g	2044
qr_code	g	2044
spear_the_gungnir	g	2044
ashigara_(kancolle)	c	2042
ball_busting	g	2042
katekyo_hitman_reborn!	s	2042
ghost_costume	g	2041
green_belt	g	2041
simple_bird	g	2041
breast_curtain	g	2040
lyrica_prismriver	c	2040
takara_miyuki	c	2040
bad_drawr_id	m	2039
gundam_unicorn	s	2039
pekomama	c	2039
usekh_collar	g	2039
senshi_(dungeon_meshi)	c	2038
telekinesis	g	2038
trigun	s	2038
ubel_(sousou_no_frieren)	c	2038
@shiseki_hirame	a	2037
ballet_slippers	g	2037
bombergirl	s	2037
hagoita	g	2037
suiseiseki	c	2037
no_eyebrows	g	2036
used_condom_on_penis	g	2036
checkerboard_cookie	g	2035
timestamp	g	2035
when_you_see_it	g	2034
@fumihiko_(fu_mihi_ko)	a	2033
wing_ornament	g	2032
sidewalk	g	2031
acrylic_paint_(medium)	m	2029
fairy_(kancolle)	c	2029
hammer_and_sickle	g	2029
kappougi	g	2028
crt	g	2027
mind_break	g	2027
selen_tatsuki	c	2027
hanasaki_tsubomi	c	2026
lupin_iii	s	2026
octarian	c	2026
shinsengumi	g	2026
broken_chain	g	2024
holding_drumsticks	g	2024
saren_(princess_connect!)	c	2024
cheval_grand_(umamusume)	c	2023
jewel_under_eye	g	2023
vivio	c	2022
@namori	a	2021
akizuki_(kancolle)	c	2021
bored	g	2021
edward_elric	c	2021
@fujima_takuya	a	2020
arrancar	g	2020
spiked_shell	g	2020
between_toes	g	2019
d-pad_hair_ornament	g	2019
onesie	g	2019
round_image	g	2019
eyelid_pull	g	2018
kaenbyou_rin_(cat)	c	2018
artoria_pendragon_(swimsuit_ruler)_(fate)	c	2017
beidou_(genshin_impact)	c	2017
bible_black	s	2017
respirator	g	2017
summon_night	s	2017
tripping	g	2017
head_chain	g	2016
komiya_kaho	c	2016
multiple_heads	g	2016
origami	g	2016
shikinami_(kancolle)	c	2016
johnny_joestar	c	2015
whale_tail_(clothing)	g	2015
thread	g	2014
boned_meat	g	2013
@lm_(legoman)	a	2012
black_eyeshadow	g	2012
island	g	2012
mechanization	g	2012
pyonta	c	2012
holding_swim_ring	g	2011
futaba_channel	s	2010
gun_sling	g	2010
lord_el-melloi_ii_case_files	s	2010
smaller_dominant	g	2010
blank_censor	g	2009
commissioner_name	g	2009
grey_hairband	g	2009
hellsing	s	2009
sponge	g	2009
sussurro_(arknights)	c	2009
triangle_facial_mark	g	2009
hand_on_own_neck	g	2008
isuzu_hana	c	2008
star_ornament	g	2008
convenient_arm	g	2007
cyno_(genshin_impact)	c	2007
heart_(symbol)	g	2007
bunny_day	g	2006
air_(visual_novel)	s	2005
kris_(pokemon)	c	2005
irene_(arknights)	c	2004
accelerator_(toaru_majutsu_no_index)	c	2003
load_bearing_vest	g	2003
ritual_baton	g	2003
tracer_(overwatch)	c	2003
box_of_chocolates	g	2002
drawing_bow	g	2002
green-tinted_eyewear	g	2002
orange_hat	g	2002
star_brooch	g	2002
pokedex_number	g	2001
sprigatito	c	2001
crate	g	2000
killua_zoldyck	c	2000
artificial_eye	g	1999
coffin	g	1999
eagle	g	1999
holly	g	1997
unzan	c	1997
@anti_(untea9)	a	1996
kagerou_(kancolle)	c	1996
lilimon	c	1996
meowscarada	c	1996
aubrey_(faraway)_(omori)	c	1995
brown_bowtie	g	1995
globe	g	1995
tales_of_graces	s	1995
biting_own_lip	g	1994
momota_kaito	c	1993
nanasaki_ai	c	1993
ness_(mother_2)	c	1993
stroking_own_chin	g	1992
tentacles_under_clothes	g	1992
terriermon	c	1992
vodka_(umamusume)	c	1991
accidental_exposure	g	1990
hoshino_ai_(oshi_no_ko)	c	1990
suzutsuki_(kancolle)	c	1990
pocky_kiss	g	1989
team_rocket_uniform	g	1989
two-tone_hoodie	g	1989
va-11_hall-a	s	1989
tempura	g	1988
fireflies	g	1987
suou_momoko	c	1987
dotted_line	g	1986
forehead_tattoo	g	1986
grey_wings	g	1986
yuzuriha_inori	c	1986
two-tone_coat	g	1985
cup_ramen	g	1984
leopard_tail	g	1984
setsubun	g	1984
@sayori_(neko_works)	a	1983
houshou_marine_(summer)	c	1983
aqua_theme	g	1982
dragon_quest_viii	s	1982
happi	g	1982
scorbunny	c	1982
arms_between_legs	g	1980
eyewear_hang	g	1980
seiran_(touhou)	c	1980
atou_haruki	c	1979
grey_theme	g	1979
kaname_raana	c	1979
long_nose	g	1979
@wa_(genryusui)	a	1978
dress_shoes	g	1978
yuuki_makoto_(persona_3)	c	1978
akeome	g	1977
spaceship_hair_ornament	g	1977
sugar_lyric	s	1977
light_censor	g	1976
lily_of_the_valley	g	1975
hachikuji_mayoi	c	1973
novel_cover	g	1973
shinkai_haru	c	1973
@iwao178	a	1972
charlotte_dunois	c	1972
@otohime_(youngest_princess)	a	1971
animal_ear_hood	g	1971
frozen_(disney)	s	1971
gotland_(kancolle)	c	1971
pokemon_go	s	1971
yura_(kancolle)	c	1971
linear_hatching	g	1970
whip_marks	g	1970
kinugasa_(kancolle)	c	1969
leonardo_da_vinci_(fate)	c	1969
rainbow_mika	c	1969
@toosaka_asagi	a	1968
ryoshu_(project_moon)	c	1968
hoshimachi_suisei_(1st_costume)	c	1967
romper	g	1967
vocaloid_append	s	1967
@kotorai	a	1965
c:	g	1963
wiping_tears	g	1963
yuuki_bakuhatsu_bang_bravern	s	1963
3-nin_iru!	s	1962
purple_tail	g	1962
star_fox	s	1962
checkered_kimono	g	1961
miyamoto_frederica	c	1961
moogle	c	1961
palms_together	g	1961
partially_underwater_shot	g	1961
bandaged_wrist	g	1960
fallen_down	g	1960
gills	g	1960
mega_man_battle_network_(series)	s	1960
bandaged_chest	g	1959
infinity_nikki	s	1959
lynette_(genshin_impact)	c	1959
@takeuchi_takashi	a	1958
purple_pupils	g	1958
wooden_bucket	g	1958
assault_visor	g	1957
snap-fit_buckle	g	1957
yuu-gi-ou_zexal	s	1957
hoodie_lift	g	1955
mouth_pull	g	1955
budget_sarashi	g	1953
grey_capelet	g	1953
squall_leonhart	c	1953
torn_scarf	g	1953
aoba_(kancolle)	c	1951
flaming_eye	g	1951
hatake_kakashi	c	1951
mahou_tsukai_no_yoru	s	1951
japan_(hetalia)	c	1950
pangya	s	1949
yama_no_susume	s	1949
kureiji_ollie	c	1948
tokino_sora	c	1948
nudist	g	1947
puppet_strings	g	1947
candy_hair_ornament	g	1946
duster	g	1946
green_wings	g	1946
horns_through_headwear	g	1946
kino_no_tabi	s	1946
sailor_senshi	g	1946
sigh	g	1946
clawed_gauntlets	g	1945
fusou_(kancolle)	c	1945
game	g	1945
sunday_(honkai:_star_rail)	c	1945
ai-generated	m	1944
coca-cola	s	1944
iori_rinko	c	1944
large_wings	g	1944
torn	g	1944
portrait_(object)	g	1942
serizawa_asahi	c	1942
wiping_sweat	g	1942
blue_lock	s	1941
chalk	g	1941
hydrokinesis	g	1941
kisaragi_(kancolle)	c	1941
naked_kimono	g	1941
yuigahama_yui	c	1941
crest	g	1940
fold-over_boots	g	1940
thighhighs_pull	g	1940
kagura_(gintama)	c	1939
pavement	g	1939
world_trigger	s	1939
action	g	1937
black_wrist_cuffs	g	1937
melonbooks	s	1936
@afrobull	a	1935
@sumiyao_(amam)	a	1935
nier	s	1935
pizza_slice	g	1935
holding_vegetable	g	1934
polka_dot_headwear	g	1934
animal_ear_legwear	g	1933
kill_me_baby	s	1933
reptile_girl	g	1933
single_wrist_cuff	g	1933
tales_of_berseria	s	1933
cooler	g	1932
eternal_return:_black_survival	s	1932
mutual_masturbation	g	1932
cursor	g	1931
en'en_no_shouboutai	s	1930
hot_dog	g	1930
torn_jacket	g	1930
cat_on_head	g	1929
christmas_present	g	1929
toned_stomach	g	1929
@horosuke	a	1928
lilithmon	c	1927
spider-man	c	1927
himari_(blue_archive)	c	1926
multicolored_kimono	g	1926
ninomae_ina'nis_(1st_costume)	c	1926
sidecut	g	1926
emil_chronicle_online	s	1925
holding_ribbon	g	1924
year_of_the_dragon	g	1924
hand_on_lap	g	1923
raising_heart	c	1923
cat_ear_hairband	g	1922
champagne	g	1922
torn_gloves	g	1922
akane_(blue_archive)	c	1921
blue_helmet	g	1921
jester	g	1921
motorcycle_helmet	g	1921
nero_claudius_(bride)_(fate)	c	1920
short_jumpsuit	g	1920
dirndl	g	1919
himeno_(chainsaw_man)	c	1919
@gweda	a	1918
carrot_(one_piece)	c	1918
@mogudan	a	1917
jintsuu_(kancolle)	c	1917
squirtle	c	1916
dust_cloud	g	1915
purple_butterfly	g	1915
beatmania	s	1913
dress_tug	g	1913
tied_jacket	g	1913
@yuuhagi_(amaretto-no-natsu)	a	1912
kino_(kino_no_tabi)	c	1912
@echo_(circa)	a	1911
animal_on_lap	g	1911
haguro_(kancolle)	c	1911
tenka_hyakken	s	1911
v-shaped_eyes	g	1911
wig	g	1911
@kaamin_(mariarose753)	a	1910
@merunyaa	a	1910
holding_saucer	g	1910
kimono_pull	g	1910
lucifer_(helltaker)	c	1910
master_sword	g	1910
holomyth	s	1909
mavuika_(genshin_impact)	c	1909
kamikaze_(kancolle)	c	1908
pink_gemstone	g	1908
bound_torso	g	1907
heart-shaped_food	g	1907
shoebill_(kemono_friends)	c	1907
armpit_sex	g	1906
grey_cape	g	1906
guilty_gear_xx	s	1906
idolmaster_dearly_stars	s	1906
jaguar_ears	g	1906
multiple_swords	g	1906
nefertari_vivi	c	1906
tokimeki_memorial	s	1906
black_sandals	g	1904
cowboy_boots	g	1904
dodoco_(genshin_impact)	c	1904
reins	g	1904
green_(pokemon)	c	1903
aa_megami-sama	s	1902
aqua_gloves	g	1902
black_sky	g	1902
chat_log	g	1902
shun_(small)_(blue_archive)	c	1902
yagasuri	g	1902
parka	g	1901
paw_print_background	g	1901
@tomose_shunsaku	a	1900
elezen	g	1900
green_cloak	g	1900
paper_mario	s	1900
bar_stool	g	1899
chastity_cage	g	1899
mega_man_(character)	c	1899
ornate_border	g	1899
picnic	g	1899
yellow_border	g	1899
@null_(nyanpyoun)	a	1898
busou_renkin	s	1898
whispering	g	1898
zundamon	c	1898
star_pasties	g	1897
sunazuka_akira	c	1897
tail_ring	g	1897
javelin_(azur_lane)	c	1896
ciel_(tsukihime)	c	1895
holding_sex_toy	g	1895
honey	g	1895
magatama_earrings	g	1895
quadruple_amputee	g	1895
soup	g	1894
the_amazing_digital_circus	s	1894
harp	g	1892
baggy_clothes	g	1891
easter_egg	g	1891
@sofra	a	1890
fur-trimmed_collar	g	1890
leather_boots	g	1890
o-ring_belt	g	1889
food-themed_clothes	g	1888
full-length_zipper	g	1887
mithrun	c	1887
albedo_(overlord)	c	1886
slam_dunk_(series)	s	1886
superman_(series)	s	1886
yo-yo	g	1885
matsuno_osomatsu	c	1884
princess_king_boo	c	1884
hands_on_another's_hips	g	1883
uchuu_senkan_yamato	s	1882
ankle_grab	g	1881
glasses_on_head	g	1881
rydia_(ff4)	c	1881
seishun_buta_yarou	s	1881
toga	g	1881
arashi_chisato	c	1880
shorts_around_one_leg	g	1880
guided_breast_grab	g	1879
hadanugi_dousa	g	1879
morpeko_(full)	c	1879
yuuki_mikan	c	1879
bianca_(dq5)	c	1878
hikawa_sayo	c	1878
matsuno_ichimatsu	c	1878
hassan_of_serenity_(fate)	c	1877
watermelon_slice	g	1877
lord_of_the_mysteries	s	1876
adversarial_noise	m	1875
scott_pilgrim_(series)	s	1875
fish_print	g	1874
@tsuda_nanafushi	a	1873
mahou_shoujo_lyrical_nanoha_vivid	s	1873
tarot_(medium)	g	1873
digitigrade	g	1872
liquid_hair	g	1872
squinting	g	1872
goat	g	1871
higashi_setsuna	c	1871
shinki_(touhou)	c	1871
sirius_symboli_(umamusume)	c	1871
yuu_yuu_hakusho	s	1871
astra_yao	c	1870
identity_v	s	1870
rex_(xenoblade)	c	1870
dog_days	s	1868
shark_costume	g	1868
arle_nadja	c	1866
armpit_cutout	g	1866
green_headband	g	1866
tsukioka_kogane	c	1866
two-tone_scarf	g	1866
@gaden	a	1865
hanbok	g	1865
pinup_(style)	g	1865
mutsuki_(kancolle)	c	1864
pendulum	g	1864
cinderella_series	s	1863
deadpool	c	1863
red_helmet	g	1863
urinal	g	1863
wheat	g	1863
azura_(fire_emblem)	c	1862
cartoon_network	s	1862
snail	g	1862
x_(mega_man)	c	1862
kanna_(swimsuit)_(blue_archive)	c	1861
marie_antoinette_(fate)	c	1861
soccer	g	1861
valentine_(skullgirls)	c	1861
chimney	g	1860
clown	g	1860
honolulu_(azur_lane)	c	1860
arm_above_head	g	1859
long_shirt	g	1859
pola_(kancolle)	c	1859
seiun_sky_(umamusume)	c	1859
bad_proportions	g	1858
nu_carnival	s	1858
earth_(ornament)	g	1857
hand_on_ground	g	1857
headless	g	1856
little_red_riding_hood_(grimm)	c	1856
single_epaulette	g	1856
maka_albarn	c	1855
holding_another's_leg	g	1854
kayoko_(dress)_(blue_archive)	c	1854
asuka_(senran_kagura)	c	1853
single_stripe	g	1853
campfire	g	1852
latex_suit	g	1852
matikane_tannhauser_(umamusume)	c	1852
summer_festival	g	1852
yellow_leotard	g	1852
@mattaku_mousuke	a	1851
boku_no_kokoro_no_yabai_yatsu	s	1851
holding_stylus	g	1851
aquarium	g	1850
monster_hunter_rise	s	1850
honda_mio	c	1849
may_(guilty_gear)	c	1849
neckwear_request	m	1849
unamused	g	1849
native_american	g	1848
ninja_mask	g	1848
purple_serafuku	g	1848
ladydevimon	c	1847
nanami_kento	c	1847
nipple_pull	g	1847
emilie_de_rochefort	c	1846
green_sclera	g	1846
hina_(swimsuit)_(blue_archive)	c	1846
pepperoni_(girls_und_panzer)	c	1846
playing_sports	g	1846
uzaki_tsuki	c	1846
white_butterfly	g	1846
@kitsunerider	a	1845
birthmark	g	1845
dark_aura	g	1845
frog_print	g	1845
sakuragi_mano	c	1845
holding_envelope	g	1844
hoshiguma_(arknights)	c	1844
jirachi	c	1844
reisa_(blue_archive)	c	1844
hisakawa_hayate	c	1843
nijigasaki_school_uniform	g	1843
off-shoulder	g	1843
@kanikama	a	1841
cutout_above_navel	g	1841
hatsuyuki_(kancolle)	c	1841
no_naku_koro_ni_(series)	s	1841
single_thigh_boot	g	1841
the_ring	s	1841
hachigatsu_no_cinderella_nine	s	1840
large_ears	g	1840
sauna	g	1840
sundae	g	1840
@g_kilo-byte	a	1839
moth	g	1839
pouring_onto_self	g	1839
gradient_legwear	g	1838
re:stage!	s	1838
hands_on_another's_thighs	g	1837
houshou_marine_(1st_costume)	c	1837
phantom_of_the_kill	s	1837
leg_wrap	g	1836
shiba_inu	g	1836
transparent_wings	g	1836
chicken_(food)	g	1835
slime_(genshin_impact)	c	1835
holding_behind_back	g	1834
sonoda_chiyoko	c	1834
flaming_weapon	g	1833
object_through_head	g	1833
shiomi_syuko	c	1833
male_rover_(wuthering_waves)	c	1832
pearl_hair_ornament	g	1832
shinguuji_sakura	c	1832
an-94_(girls'_frontline)	c	1831
blazblue:_continuum_shift	s	1831
blue_swim_trunks	g	1831
g11_(girls'_frontline)	c	1831
rider_belt	g	1831
@samneco	a	1830
akitsu_maru_(kancolle)	c	1830
minato_aqua_(1st_costume)	c	1829
skirt_around_belly	g	1829
aldnoah.zero	s	1828
low_neckline	g	1828
luigi's_mansion	s	1828
santa_boots	g	1828
@enkyo_yuuichirou	a	1827
@jcm2	a	1827
homurahara_academy_school_uniform	g	1827
kazama_asuka	c	1827
tamamo_cross_(umamusume)	c	1827
green_one-piece_swimsuit	g	1826
hourglass	g	1825
rabbit_house_uniform	g	1825
calem_(pokemon)	c	1824
round-bottom_flask	g	1824
saki_achiga-hen	s	1824
hat_over_one_eye	g	1823
tamako_market	s	1823
tiered_tray	g	1823
aqua_footwear	g	1822
ashiya_douman_(fate)	c	1822
cooking_pot	g	1822
kuma_(kancolle)	c	1822
polka_dot_shirt	g	1822
toutetsu_yuuma	c	1822
inoue_miyako	c	1821
instagram_logo	g	1821
magical_mirai_(vocaloid)	s	1821
noshiro_(kancolle)	c	1821
ootori_emu	c	1821
u-511_(kancolle)	c	1821
crocs	g	1820
kitazawa_shiho	c	1820
tube_dress	g	1820
le_malin_(azur_lane)	c	1819
pocky_in_mouth	g	1819
call_of_duty	s	1818
akanbe	g	1817
hanami_ume	c	1817
shirt_grab	g	1817
teardrop_tattoo	g	1817
@yukie_(kusaka_shi)	a	1815
computer_keyboard	g	1815
diana_cavendish	c	1815
stove	g	1815
applying_makeup	g	1814
pochita_(chainsaw_man)	c	1814
washing_machine	g	1814
laios_touden	c	1813
i-8_(kancolle)	c	1812
hoshi_syoko	c	1811
raised_fist	g	1811
rook_(chess)	g	1811
scooter	g	1811
humping	g	1810
ivan_(alien_stage)	c	1810
mummy	g	1810
finger_to_face	g	1809
shinano_(azur_lane)	c	1809
till_(alien_stage)	c	1809
@rokugou_daisuke	a	1808
chiyoda_momo	c	1808
healin'_good_precure	s	1808
sengoku_nadeko	c	1808
single_garter_strap	g	1808
v_over_mouth	g	1808
elizabeth_bathory_(fate/extra_ccc)	c	1807
jolly_roger	g	1807
ruler	g	1807
trash_bag	g	1807
cross_pasties	g	1806
iphone	g	1806
martha_(fate)	c	1806
tail_between_legs	g	1806
holding_fireworks	g	1804
melony_(pokemon)	c	1804
hatoba_tsugu	c	1803
yarn	g	1803
@happoubi_jin	a	1802
p-head_producer	c	1802
son_goten	c	1802
yamamura_sadako	c	1802
chalice	g	1801
drill_ponytail	g	1801
leon_s._kennedy	c	1801
mole_on_stomach	g	1801
snorkel	g	1801
boxing	g	1800
steampunk	g	1800
yoisaki_kanade	c	1800
yoshimi_(blue_archive)	c	1800
hibiki_(cheer_squad)_(blue_archive)	c	1799
kanabou	g	1799
purah	c	1799
camcorder	g	1797
consensual_tentacles	g	1797
spreading_own_pussy	g	1797
traffic_cone	g	1797
samson_(skullgirls)	c	1796
wriothesley_(genshin_impact)	c	1796
commander_(azur_lane)	c	1795
double_fox_shadow_puppet	g	1795
flower_bracelet	g	1795
hand_rest	g	1795
meowth	c	1795
prison_clothes	g	1795
wooden_chair	g	1795
.live	s	1794
boudica_(fate)	c	1794
the_herta_(honkai:_star_rail)	c	1794
crisis_core_final_fantasy_vii	s	1793
justice_task_force_member_(blue_archive)	c	1792
kamisato_ayato	c	1792
matoba_risa	c	1792
stark_(sousou_no_frieren)	c	1792
@diva_(hyxpk)	a	1791
magical_mirai_miku	c	1790
metal_slug	s	1790
xingqiu_(genshin_impact)	c	1790
@mizuki_makoto	a	1789
anchor_print	g	1789
holed_coin	g	1789
tsubaki_(blue_archive)	c	1789
viktor_nikiforov	c	1789
sakamoto_mio	c	1788
hacka_doll	s	1787
frilled_thigh_strap	g	1786
purple_shoes	g	1786
toilet_stall	g	1786
winged_footwear	g	1786
world_flipper	s	1786
@miyo_(ranthath)	a	1785
light_areolae	g	1785
michishio_(kancolle)	c	1785
square_pupils	g	1785
erika_(pokemon)	c	1784
kissing_hand	g	1784
funami_yui	c	1783
square	g	1783
charmander	c	1782
hanyuu	c	1782
horikawa_raiko	c	1782
riding_pokemon	g	1782
youjo_senki	s	1782
bowl_hat	g	1781
chinese_new_year	g	1781
elsa_(frozen)	c	1781
dr._ratio_(honkai:_star_rail)	c	1780
year_of_the_snake	g	1779
layered_shirt	g	1778
oridigi	g	1778
queen_(chess)	g	1778
shirt_under_shirt	g	1778
azarashi_soft	s	1777
bendy_straw	g	1777
fletcher_(kancolle)	c	1777
leg_between_thighs	g	1777
purple_cardigan	g	1777
sangvis_ferri	g	1776
enema	g	1775
loose_shirt	g	1775
training_bra	g	1775
@aaaa_(quad-a)	a	1774
panther_tail	g	1774
basil_(headspace)_(omori)	c	1773
blood_on_ground	g	1773
popcorn	g	1773
@hizaka	a	1772
camellya_(wuthering_waves)	c	1772
egg_laying	g	1772
frye_(splatoon)	c	1772
kitchen_knife	g	1772
st._gloriana's_school_uniform	g	1772
dowsing_rod	g	1771
the_legend_of_zelda:_a_link_between_worlds	s	1771
cross-laced_top	g	1770
holox	s	1770
lawson	s	1770
oikawa_shizuku	c	1770
older_woman_and_younger_man	g	1770
raccoon	g	1770
pink_ascot	g	1769
shikigami	g	1769
@cougar_(cougar1404)	a	1768
2009	g	1768
adapted_turret	g	1768
lace-trimmed_gloves	g	1768
sucy_manbavaran	c	1768
arm_between_legs	g	1767
garchomp	c	1767
german_text	g	1767
pasta	g	1767
rainbow_hair	g	1767
bookmark	g	1766
mother_3	s	1766
phoebe_(wuthering_waves)	c	1766
magical_princess	c	1765
mixed_media	m	1765
playing	g	1765
black_umbrella	g	1764
fine_fabric_emphasis	g	1764
lala_satalin_deviluke	c	1764
makizushi	g	1764
queen's_blade_rebellion	s	1764
grass_wonder_(umamusume)	c	1763
pancake_stack	g	1763
untying	g	1763
leather_pants	g	1762
teruzuki_(kancolle)	c	1762
@yamamoto_souichirou	a	1761
cross_tie	g	1761
frilled_jacket	g	1761
kashino_(azur_lane)	c	1761
mixing_bowl	g	1761
psyduck	c	1761
too_many_watermarks	g	1761
celestia_ludenberg	c	1760
club_(shape)	g	1760
frilled_camisole	g	1760
francesca_lucchini	c	1759
heathcliff_(project_moon)	c	1759
matsuno_jyushimatsu	c	1759
role_reversal	g	1759
utensil_in_mouth	g	1759
gaping_anus	g	1758
yuyushiki	s	1758
gold_coin	g	1757
katsuki_yuuri	c	1757
otonashi_kotori	c	1757
gift_bag	g	1756
hat_tip	g	1756
kenzaki_makoto	c	1756
tennis_ball	g	1756
@asakuraf	a	1755
lace-trimmed_choker	g	1755
ootachi	g	1755
touhou_lostword	s	1755
cyndaquil	c	1754
detective	g	1754
k-pop	g	1754
makigumo_(kancolle)	c	1754
pet_bowl	g	1754
stone_lantern	g	1754
baltimore_(azur_lane)	c	1752
holding_letter	g	1752
lizard	g	1752
western_dragon	g	1752
black_outline	g	1751
dumpling	g	1751
hair_wings	g	1751
object_focus	g	1751
brown_bodysuit	g	1750
kizuna_ai	c	1750
riesz	c	1750
tanaka_mamimi	c	1750
@kinkymation	a	1749
baiken	c	1749
buruma_pull	g	1749
hoshino_fumina	c	1749
moona_hoshinova	c	1749
sakuyamon	c	1749
button_eyes	g	1748
dakimakura_(object)	g	1748
holding_creature	g	1748
yuuki_haru	c	1748
final_fantasy_xvi	s	1747
majo_no_tabitabi	s	1747
science_adventure	s	1747
k/da_(league_of_legends)	c	1746
mahjong_tile	g	1746
prison	g	1746
bremerton_(scorching-hot_training)_(azur_lane)	c	1745
canvas_(object)	g	1745
jockstrap	g	1745
striped_coat	g	1745
tenma_tsukasa	c	1744
wooden_horse	g	1744
watermelon_bar	g	1743
@murakami_suigun	a	1742
kirin_(armor)	g	1741
muscular_uke	g	1741
vampire_costume	g	1741
brown_leotard	g	1740
shards	g	1740
tanya_degurechaff	c	1740
triangle_print	g	1740
gentildonna_(umamusume)	c	1739
kuroshitsuji	s	1739
single_shoulder_pad	g	1739
monochrome_background	g	1738
see-through_veil	g	1738
ayane_(doa)	c	1737
cherry_hair_ornament	g	1737
glowing_hair	g	1737
mechanical_eye	g	1737
pinned	g	1737
scarf_over_mouth	g	1737
tier_harribel	c	1737
brown_choker	g	1736
hexagon	g	1736
miyamoto_musashi_(swimsuit_berserker)_(fate)	c	1735
ruan_mei_(honkai:_star_rail)	c	1735
young_link	c	1735
alisa_ilinichina_amiella	c	1734
diamond_hairband	g	1734
kousaka_reina	c	1734
latias	c	1734
mouse_(animal)	g	1734
nisekoi	s	1734
two-tone_thighhighs	g	1734
widowmaker_(overwatch)	c	1734
arrow_through_heart	g	1733
atsuko_(blue_archive)	c	1733
red_outline	g	1733
sento_isuzu	c	1733
signum	c	1733
gambier_bay_(kancolle)	c	1732
unworn_dress	g	1732
vita_(nanoha)	c	1732
high_side_ponytail	g	1731
male_maid	g	1731
daruma_doll	g	1730
gaming_chair	g	1729
legs_folded	g	1729
onmyouji	g	1729
grusha_(pokemon)	c	1728
minamino_kanade	c	1728
saber_lily	c	1728
absol	c	1727
mithra_(ff11)	c	1727
paint_splatter_on_face	g	1726
shoulder_sash	g	1726
embellished_costume	g	1725
gigi_murin	c	1725
i-168_(kancolle)	c	1724
monkey_ears	g	1724
handprint	g	1723
hatsuboshi_gakuen_school_uniform	g	1723
okumura_haru	c	1723
priest_(ragnarok_online)	c	1723
red_brooch	g	1723
aviator_sunglasses	g	1722
bishop_(chess)	g	1722
manga_cover	g	1721
miyamoto_musashi_(fate/grand_order)	c	1721
wattson_(apex_legends)	c	1721
yowane_haku	c	1721
@as109	a	1720
looking_over_glasses	g	1720
no_game_no_life	s	1719
diamond_hair_ornament	g	1718
ichihara_nina	c	1718
key_earrings	g	1718
nails	g	1718
holding_jewelry	g	1717
souseiseki	c	1717
spray_can	g	1717
araragi_koyomi	c	1716
cocktail	g	1716
intelligent_systems	s	1716
oven_mitts	g	1716
zeon	g	1716
maplestory	s	1715
perfect_cherry_blossom	s	1715
pursed_lips	g	1715
calico	g	1714
g_gundam	s	1714
pixie_cut	g	1714
south_park	s	1714
alt_text	m	1713
bow_skirt	g	1713
paper_airplane	g	1712
rolling_suitcase	g	1712
unworn_coat	g	1712
jolteon	c	1711
passionlip_(fate)	c	1711
spoken_object	g	1711
amazon_position	g	1710
between_buttocks	g	1710
blind	g	1710
green_horns	g	1710
hasumi_(track)_(blue_archive)	c	1710
spider-man:_into_the_spider-verse	s	1710
arms_(game)	s	1709
brown_panties	g	1709
orange_socks	g	1709
scathach_skadi_(fate)	c	1709
street_fighter_ii_(series)	s	1709
@yukito_(dreamrider)	a	1708
dehya_(genshin_impact)	c	1708
pokemon_on_shoulder	g	1708
red_feathers	g	1708
yuri_sakazaki	c	1708
side_drill	g	1707
._.	g	1706
blue_hood	g	1706
dorothea_arnault	c	1706
galarian_form	g	1706
ingrid_(taimanin_asagi)	c	1706
zyx	s	1706
cross_choker	g	1705
hoshino_ruby	c	1705
mima_(touhou)	c	1705
rita_rossweisse	c	1705
star_guardian_(league_of_legends)	c	1705
dark_souls_iii	s	1704
shell_necklace	g	1704
cbt	g	1703
cygames	s	1703
final_fantasy_xii	s	1703
villager_(animal_crossing)	c	1703
quiz_magic_academy	s	1702
blue_tabard	g	1701
cat_teaser	g	1701
hooded_cardigan	g	1701
hospital_bed	g	1701
jojolion	s	1701
kazano_hiori	c	1701
orange_sleeves	g	1701
st._gloriana's_military_uniform	g	1701
yin_(darker_than_black)	c	1701
kurokoma_saki	c	1699
birth	g	1698
sideless_dress	g	1698
burnt_clothes	g	1697
digimon_story:_cyber_sleuth	s	1697
puffy_cheeks	g	1697
yang_guifei_(fate)	c	1697
brick_floor	g	1696
flower_hair_ornament	g	1696
lightsaber	g	1696
converse	s	1695
freediving	g	1695
glowing_butterfly	g	1695
m4a1_(girls'_frontline)	c	1695
non_non_biyori	s	1695
school_briefcase	g	1693
@aestheticc-meme	a	1692
@rom_(20)	a	1692
asta_(black_clover)	c	1692
grey_tail	g	1692
pokemon_legends:_z-a	s	1692
yellow_one-piece_swimsuit	g	1692
request_inset	g	1691
shoulder_holster	g	1691
victor_(pokemon)	c	1691
love_and_deepspace	s	1690
orimoto_izumi	c	1690
chasing	g	1689
green_tank_top	g	1689
kannagi	s	1689
obese	g	1689
purple_collar	g	1689
kirino_ranmaru	c	1688
mioda_ibuki	c	1688
yuugumo_(kancolle)	c	1688
.hack//	s	1687
@nikorashi-ka	a	1687
flower_choker	g	1687
mismatched_pubic_hair	g	1687
modeus_(helltaker)	c	1687
mr._c.b._(umamusume)	c	1687
slime_(dragon_quest)	c	1687
blue_sweater_vest	g	1686
enkidu_(fate)	c	1686
minato_aqua_(sailor)	c	1686
blending	g	1685
pentacle	g	1685
on_vehicle	g	1684
spanish_commentary	g	1684
toon_link	c	1684
blue_poison_(arknights)	c	1683
dice_hair_ornament	g	1683
suzumiya_haruhi_no_shoushitsu	s	1683
tsurugi_(blue_archive)	c	1683
dissidia_final_fantasy	s	1682
wolverine_(x-men)	c	1682
kamiya_nao	c	1681
kizuna_ai_inc.	s	1681
phantom_blood	s	1681
comforting	g	1680
red_cardigan	g	1680
helena_blavatsky_(fate)	c	1679
acerola_(pokemon)	c	1678
hair_lift	g	1678
implied_fellatio	g	1678
middle_ring	g	1678
minecraft_youtube	s	1678
torpedo_tubes	g	1678
chongyun_(genshin_impact)	c	1677
natsuki_(doki_doki_literature_club)	c	1677
playstation_controller	g	1677
window_(computing)	g	1677
astronaut	g	1676
eyjafjalla_(arknights)	c	1676
red_apple	g	1676
sakuma_mayu	c	1676
arm_cutout	g	1675
cock_ring	g	1675
eimi_(blue_archive)	c	1675
green_sweater_vest	g	1675
pikmin_(creature)	g	1675
hawks_(boku_no_hero_academia)	c	1674
blue_camisole	g	1673
corded_phone	g	1673
duffel_coat	g	1673
han'eri	g	1673
schwarz_(arknights)	c	1673
shoulder_boards	g	1673
1970s_(style)	g	1672
eggplant	g	1672
haniyasushin_keiki	c	1672
sonozaki_shion	c	1672
huge_eyebrows	g	1671
sleeveless_turtleneck_leotard	g	1671
super_robot_wars_original_generation	s	1671
bloop_(gawr_gura)	c	1670
andou_(girls_und_panzer)	c	1669
face_in_ass	g	1669
fleeing	g	1669
napkin	g	1669
ragna_the_bloodedge	c	1669
matsuno_choromatsu	c	1668
chest_of_drawers	g	1667
brown_dust_2	s	1666
hand_net	g	1666
vertical-striped_pants	g	1666
balancing	g	1665
boo_(mario)	c	1665
jigoku_shoujo	s	1665
on_motorcycle	g	1665
sukoya_kana	c	1665
uiharu_kazari	c	1665
yuutenji_nyamu	c	1665
@cle_masahiro	a	1664
ice_skates	g	1664
luma_(mario)	c	1664
topaz_(honkai:_star_rail)	c	1664
torchic	c	1664
fake_nails	g	1662
kan'u_unchou	c	1662
ao_no_exorcist	s	1661
crane_(machine)	g	1661
footwear_ribbon	g	1661
ho'olheyak_(arknights)	c	1661
official_alternate_color	g	1661
phallic_symbol	g	1661
green_hakama	g	1660
shining_(series)	s	1659
snake_earrings	g	1659
tomoe_hotaru	c	1659
ring_hair_ornament	g	1658
barbed_wire	g	1657
eureka_seven_(series)	s	1657
mortis_(bang_dream!)	c	1657
neck_tassel	g	1657
@choco_chip	a	1656
plume	g	1656
rimuru_tempest	c	1656
sona_(league_of_legends)	c	1656
sports_car	g	1656
yuuki_yuuna_wa_yuusha_de_aru	s	1656
bandolier	g	1655
shironeko_project	s	1655
frilled_bikini_top	g	1654
osaki_tenka	c	1653
tengu	g	1653
harada_minoru	c	1652
hands_on_own_stomach	g	1651
chin_strap	g	1650
frilled_ascot	g	1650
open_bodysuit	g	1650
crumbs	g	1649
fate/extella	s	1649
goh_(pokemon)	c	1649
ikusaba_mukuro	c	1649
spiked_hairband	g	1649
yumeno_himiko	c	1649
arm_on_knee	g	1648
lovely_labrynth_of_the_silver_castle	c	1648
pencil_dress	g	1648
pennant	g	1648
jack-o'_valentine	c	1647
mountain_(arknights)	c	1647
chemical_structure	g	1646
huge_bow	g	1646
kyojiri_loli	g	1646
legband	g	1646
oshiete!_galko-chan	s	1646
t.m._opera_o_(umamusume)	c	1646
jeanne_d'arc_alter_santa_lily_(fate)	c	1645
lan_wangji	c	1645
momo_velia_deviluke	c	1645
anus_only	g	1644
ass_support	g	1644
condom_box	g	1644
eternity_larva	c	1644
homicipher	s	1644
camellia	g	1643
fu_hua_(herrscher_of_sentience)	c	1643
bernadetta_von_varley	c	1642
bishamonten's_pagoda	g	1642
blazblue:_calamity_trigger	s	1642
caenis_(fate)	c	1642
looking_outside	g	1642
lucy_(cyberpunk)	c	1642
revy_(black_lagoon)	c	1642
rune_factory	s	1642
char_aznable	c	1641
face_piercing	g	1641
panties_on_head	g	1641
parallel_hairclips	g	1641
pinwheel	g	1641
kamio_misuzu	c	1640
light_blue_background	g	1640
mitsudomoe	s	1640
randal's_friends	s	1640
yunyun_(konosuba)	c	1640
blank_speech_bubble	g	1638
chrono_trigger	s	1638
cinderace	c	1638
garnet_til_alexandros_xvii	c	1638
school_emblem	g	1638
@sei_shoujo	a	1637
bartender	g	1637
komano_aunn	c	1637
brown_nails	g	1636
cure_peace	c	1636
holding_ice_cream_cone	g	1636
kangoku_senkan	s	1636
senran_kagura_shinovi_versus	s	1636
view_between_legs	g	1636
tepig	c	1635
turtleneck_jacket	g	1634
von_lycaon	c	1634
bamboo_broom	g	1633
cut_bangs	g	1633
orange_pekoe_(girls_und_panzer)	c	1633
grey_suit	g	1632
hand_on_wall	g	1632
lightning_farron	c	1632
yuno_(hidamari_sketch)	c	1632
@kasumi_(skchkko)	a	1631
print_headwear	g	1630
sand_sculpture	g	1630
katawa_shoujo	s	1629
penis_in_panties	g	1629
floating_scarf	g	1628
yoshikawa_chinatsu	c	1628
body_armor	g	1627
crotchless_pantyhose	g	1627
holding_microphone_stand	g	1627
on_stool	g	1627
torpedo_launcher	g	1627
bandaid_on_forehead	g	1626
@kso	a	1625
@lime_(purple_haze)	a	1625
gust	s	1625
shidare_hotaru	c	1625
white_leggings	g	1625
glowing_tattoo	g	1624
tracen_training_uniform	g	1624
gladion_(pokemon)	c	1623
hirasawa_ui	c	1623
idolmaster_cinderella_girls_u149	s	1623
lucas_(pokemon)	c	1623
senren_banka	s	1623
white_mittens	g	1623
dilation_tape	g	1622
elaina_(majo_no_tabitabi)	c	1622
opening_door	g	1622
plaid_panties	g	1622
robot_animal	g	1622
sailor_moon_redraw_challenge_(meme)	g	1622
brand_new_animal	s	1621
gyee	s	1621
male_underwear_pull	g	1621
priestess	g	1621
blue_veil	g	1620
metal_skin	g	1620
official_alternate_hair_color	g	1620
telescope	g	1620
ao_isami	c	1619
manaka_laala	c	1619
recorder	g	1619
soda_bottle	g	1619
@ohisashiburi	a	1618
copyright_logo	g	1618
iruma_miu	c	1618
angel_and_devil	g	1617
cropped_arms	g	1617
cross_halo	g	1617
honeycomb_(pattern)	g	1617
koharu_(swimsuit)_(blue_archive)	c	1617
black_arm_warmers	g	1616
epic_seven	s	1616
fiery_horns	g	1616
alear_(female)_(fire_emblem)	c	1615
hat_on_back	g	1615
multiple_anal	g	1615
mystic_square	s	1615
penis_over_eyes	g	1615
coke-bottle_glasses	g	1614
crystal_hair	g	1614
mimura_kanako	c	1614
miyako_(swimsuit)_(blue_archive)	c	1614
ringo_(touhou)	c	1614
sukajan	g	1614
multicolored_leotard	g	1613
niwatari_kutaka	c	1613
temari_(naruto)	c	1613
@clearite	a	1612
circled_9	g	1612
covering_one_eye	g	1612
ryuuko_no_ken	s	1612
torn_swimsuit	g	1612
armin_arlert	c	1611
handstand	g	1611
iizunamaru_megumu	c	1611
ribbed_leotard	g	1611
@bubukka	a	1610
heart-shaped_lock	g	1610
screw	g	1610
@makino_tomoyasu	a	1609
@ayu_(mog)	a	1608
heckler_&_koch	s	1608
hedgehog_ears	g	1608
hilichurl_(genshin_impact)	c	1608
kuzuha_(nijisanji)	c	1608
m4_carbine	g	1608
print_swimsuit	g	1607
shell_hair_ornament	g	1607
shuji_ito	c	1607
siege_(arknights)	c	1607
blank_stare	g	1606
brown_border	g	1606
daitaku_helios_(umamusume)	c	1606
high_school_fleet	s	1606
in-universe_location	g	1606
silver_fox_(kemono_friends)	c	1606
@sumeragi_kohaku	a	1605
hina_(dress)_(blue_archive)	c	1605
hisakawa_nagi	c	1605
furukawa_nagisa	c	1604
lying_on_lap	g	1604
box_tie	g	1603
screwdriver	g	1603
ling_(arknights)	c	1602
metal_gear_solid	s	1602
spanish_text	g	1602
@sakimichan	a	1601
tera_online	s	1601
assisted_rape	g	1600
fubuki_(blue_archive)	c	1600
maizono_sayaka	c	1600
black_helmet	g	1599
nekopara	s	1599
clear_sky	g	1598
devil_may_cry	s	1598
jessica_albert	c	1598
kyonko	c	1598
nyantype	s	1598
outstretched_leg	g	1598
pokemon_rse_(anime)	s	1598
anzio_school_uniform	g	1597
bus	g	1597
choukai_(kancolle)	c	1597
new_school_swimsuit	g	1597
piers_(pokemon)	c	1597
shoulder_cannon	g	1597
blend_s	s	1596
nanamori_school_uniform	g	1596
pig_ears	g	1595
yuri_lowell	c	1595
amami_rantaro	c	1594
arm_cuffs	g	1594
inuyama_aoi	c	1594
playstation_portable	g	1594
seia_(swimsuit)_(blue_archive)	c	1594
topfreedom	g	1594
@oouso	a	1593
mawile	c	1593
nate_(pokemon)	c	1593
fourth_east_high_school_uniform	g	1592
kamui_gakupo	c	1592
neru_(bunny)_(blue_archive)	c	1592
queen	g	1592
shin_jigen_game_neptune_vii	s	1592
@moisture_(chichi)	a	1591
@yabuki_kentarou	a	1591
dido_(azur_lane)	c	1591
holding_suitcase	g	1591
lenna_charlotte_tycoon	c	1591
restroom	g	1591
circle_skirt	g	1590
grey_serafuku	g	1590
haramura_nodoka	c	1590
kami_nomi_zo_shiru_sekai	s	1590
multiple_necklaces	g	1590
narita_brian_(umamusume)	c	1590
broken_weapon	g	1589
hanami_saki	c	1589
hanged	g	1589
onegai_my_melody	s	1589
super_saiyan_4	g	1589
tokyo_7th_sisters	s	1589
choujigen_game_neptune	s	1588
ichikawa_hinana	c	1588
galaxy	g	1587
green_pantyhose	g	1587
green_tail	g	1587
sword_behind_back	g	1587
zidane_tribal	c	1587
aotu_world	s	1586
avengers_(series)	s	1586
holding_plectrum	g	1586
cum_on_eyewear	g	1585
dynamic_pose	g	1585
haruka_(senran_kagura)	c	1585
holding_cake	g	1585
ambience_synesthesia	s	1584
psylocke	c	1584
yusa_kozue	c	1584
drawing_sword	g	1583
energy_drink	g	1583
folding_chair	g	1583
gravity_daze	s	1583
majin_android_21	c	1583
my_little_pony:_equestria_girls	s	1583
pet	g	1583
dandelion	g	1582
sparse_chest_hair	g	1582
ushiromiya_ange	c	1582
easter	g	1581
jersey_maid	g	1581
micaiah_(fire_emblem)	c	1581
tohno_akiha	c	1581
clock_tower	g	1580
haiyore!_nyaruko-san	s	1580
mega_man_x_dive	s	1580
the_legend_of_zelda:_majora's_mask	s	1580
bus_stop	g	1579
fujibayashi_kyou	c	1579
poke_ball_theme	g	1579
swim_cap	g	1578
combat_boots	g	1577
dog_penis	g	1577
yellow_tail	g	1577
pixelated	g	1576
@buzzlyears	a	1575
dead_or_alive_5	s	1575
donut	g	1575
loungewear	g	1575
tanzaku	g	1575
fur-trimmed_shirt	g	1574
no_gloves	g	1574
sleeveless_bodysuit	g	1574
@torotei	a	1572
amulet	g	1572
azure_striker_gunvolt	s	1572
crocodilian_tail	g	1572
high_tops	g	1572
kishibe_rohan	c	1572
motomiya_daisuke	c	1572
rosmontis_(arknights)	c	1572
two-sided_dress	g	1571
aurora	g	1570
homura_(senran_kagura)	c	1570
legendary_pictures	s	1570
mysterious_heroine_x_alter_(fate)	c	1570
hayasaka_ai	c	1569
marvel_vs._capcom	s	1569
multiple_monochrome	g	1569
nonomi_(swimsuit)_(blue_archive)	c	1569
vaulting_horse	g	1569
@kamille_(vcx68)	a	1568
jiangshi_costume	g	1568
katsuragi_ace_(umamusume)	c	1568
corrin_(male)_(fire_emblem)	c	1567
rabbit_costume	g	1567
butter	g	1566
grey_sports_bra	g	1566
mio_(xenoblade)	c	1566
penny_(pokemon)	c	1566
race_vehicle	g	1566
two-handed_handjob	g	1566
@geafcart	a	1565
bun_with_braided_base	g	1565
partially_visible_anus	g	1565
petals_on_liquid	g	1565
gamepad	g	1564
mismatched_sclera	g	1564
soap_censor	g	1564
worktool	g	1564
brick	g	1563
holding_teapot	g	1563
striped_hairband	g	1563
bird_boy	g	1562
climbing	g	1562
hyakumantenbara_salome	c	1562
linked_piercing	g	1562
little_nuns_(diva)	s	1562
minotaur	g	1562
raimon	g	1562
claude_von_riegan	c	1561
floating_headgear	g	1561
holding_wrench	g	1561
orange_halo	g	1561
stocks	g	1561
tron_bonne_(mega_man)	c	1561
tsurumaki_maki	c	1561
ymir_(shingeki_no_kyojin)	c	1561
@j7w	a	1560
glass_bottle	g	1560
hands_on_ground	g	1560
multiple_expressions	g	1560
ryuu_ga_gotoku_(series)	s	1560
uchuu_senkan_yamato_2199	s	1560
hikawa_hina	c	1559
male_ass	g	1559
moe_(blue_archive)	c	1559
team_fortress_2	s	1559
yayoi_(kancolle)	c	1559
amanogawa_kirara	c	1558
hoshimiya_ichigo	c	1558
looping_animation	m	1558
luciana_de_montefio	c	1558
musical_note_print	g	1558
russia_(hetalia)	c	1558
ben_10	s	1557
black_bandeau	g	1557
gauze_on_cheek	g	1557
pixiv	s	1557
sobble	c	1557
wading_pool	g	1557
yamada_anna	c	1557
aozaki_aoko	c	1556
hand_on_glass	g	1556
bicorne	g	1555
chuablesoft	s	1555
pov_doorway	g	1555
purple_tongue	g	1555
rhea_(fire_emblem)	c	1555
weightlifting	g	1555
@dokomon	a	1554
ribbed_bodysuit	g	1554
tone_(kancolle)	c	1554
dragon_ears	g	1553
murasaki_shikibu_(fate)	c	1553
naked_overalls	g	1553
potato	g	1553
tears_of_themis	s	1553
@shexyo	a	1552
anila_(granblue_fantasy)	c	1552
archery	g	1552
hoshino_aquamarine	c	1552
moroboshi_kirari	c	1552
ema	g	1551
messenger_bag	g	1551
weasel_ears	g	1551
crayon	g	1550
kagamihara_nadeshiko	c	1550
character_censor	g	1549
implied_yuri	g	1549
monomi_(danganronpa)	c	1548
yuri_(doki_doki_literature_club)	c	1548
long_nipples	g	1547
reiner_braun	c	1547
skull_necklace	g	1547
wing_brooch	g	1547
backbeard	c	1546
ms._fortune_(skullgirls)	c	1546
pavolia_reine	c	1546
@chicago-x	a	1545
eunie_(xenoblade)	c	1545
fanning_self	g	1545
measuring	g	1545
vividred_operation	s	1545
amanokawa_hiro	c	1544
chained_wrists	g	1544
gladiator_sandals	g	1544
sakura_miko_(1st_costume)	c	1544
sui-feng	c	1544
tucked_penis	g	1544
fake_cover	g	1543
kemomimi-chan_(naga_u)	c	1543
pigeon	g	1543
yarn_ball	g	1543
saddle	g	1542
unworn_backpack	g	1542
@karukan_(monjya)	a	1541
pichu	c	1541
soldier_(dq3)	c	1541
tsukumo_sana	c	1541
delmo	c	1540
matikanefukukitaru_(umamusume)	c	1540
crazy	g	1539
yoshizawa_kasumi	c	1539
@sugimori_ken	a	1538
kimono_lift	g	1538
kouhaku_nawa	g	1538
kusanagi_nene	c	1538
@ito_noizi	a	1537
a2_(nier:automata)	c	1537
tekken_8	s	1537
pinching_sleeves	g	1536
unzipping	g	1536
@matsuryuu	a	1535
bayonet	g	1535
hand_on_another's_hand	g	1535
kel_(faraway)_(omori)	c	1535
cutting_board	g	1534
kerchief	g	1534
leviathan_(skullgirls)	c	1534
molten_rock	g	1534
musashi_kai_ni_(kancolle)	c	1534
candy_wrapper	g	1533
gravity_falls	s	1533
mazaki_anzu	c	1533
reverse_spitroast	g	1533
holding_branch	g	1532
kiryu_coco_(1st_costume)	c	1532
lyney_(genshin_impact)	c	1532
marie_(girls_und_panzer)	c	1532
pink_sash	g	1532
silent_hill_(series)	s	1532
@iizuki_tasuku	a	1531
blue_suit	g	1531
easel	g	1531
hakurei_reimu_(cosplay)	g	1531
minamoto_shizuka	c	1531
sorcerer's_sutra_scroll	g	1531
virtuosa_(arknights)	c	1531
hacka_doll_3	c	1530
ikaruga_(senran_kagura)	c	1530
momozono_love	c	1530
natsume_rin	c	1530
hand_under_shirt	g	1529
metaphor:_refantazio	s	1529
rabbit_hat	g	1529
round_window	g	1529
@creayus	a	1528
@drantyno	a	1528
baka_to_test_to_shoukanjuu	s	1528
bandai_namco	s	1528
gundam_build_divers	s	1528
hop_(pokemon)	c	1528
m16a1_(girls'_frontline)	c	1528
ryuzaki_kaoru	c	1528
ajirogasa	g	1527
drying_hair	g	1527
kiwi_(fruit)	g	1527
@mazjojo	a	1526
gammamon	c	1526
hooded_dress	g	1526
vignetting	g	1526
adjusting_legwear	g	1525
compound_eyes	g	1525
jujutsu_tech_uniform	g	1525
ofuda_on_head	g	1525
age_regression	g	1524
frederica_bernkastel	c	1524
inazuma_eleven_go_chrono_stone	s	1524
koizumi_itsuki	c	1524
mew_(pokemon)	c	1524
pod_(nier:automata)	c	1524
has_downscaled_revision	m	1523
pokemon_card	g	1523
sylphiette_(mushoku_tensei)	c	1523
unusual_pupils	g	1523
wet_dress	g	1523
@gomashio_(goma_feet)	a	1522
ar_tonelico	s	1522
berry_(pokemon)	g	1522
corn	g	1522
seaweed	g	1522
american_flag_shirt	g	1521
bamboo_steamer	g	1521
dante_(limbus_company)	c	1521
gon_freecss	c	1521
nia_(blade)_(xenoblade)	c	1521
off-shoulder_one-piece_swimsuit	g	1521
@fumio_(rsqkr)	a	1520
@megadeko	a	1520
arashio_(kancolle)	c	1520
ojou-sama_pose	g	1520
penis_to_breast	g	1520
tenchi_muyou!	s	1520
m200_(girls'_frontline)	c	1519
single_horizontal_stripe	g	1519
@musouzuki	a	1518
agnes_digital_(umamusume)	c	1518
brown_collar	g	1518
tapir_tail	g	1518
bibi_(tokoyami_towa)	c	1517
covered_penis	g	1517
decepticon	g	1517
jervis_(kancolle)	c	1517
@chanta_(ayatakaoisii)	a	1516
annotated	m	1516
bloody_marie_(skullgirls)	c	1516
chikorita	c	1516
ganondorf	c	1516
@horn/wood	a	1515
grey_leotard	g	1515
mizuki_shiranui	c	1515
print_hoodie	g	1515
red_mittens	g	1515
vinsmoke_reiju	c	1515
horn_hairband	g	1513
kepi	g	1513
zun_(style)	g	1513
butterfly_net	g	1512
cat_ear_legwear	g	1512
oomuro_sakurako	c	1512
ten'ou_haruka	c	1512
toranoana	s	1512
grocery_bag	g	1511
z23_(azur_lane)	c	1511
black_hands	g	1510
fur_jacket	g	1510
alice_(alice_in_wonderland)_(cosplay)	g	1509
blowing_bubbles	g	1509
elbows_on_table	g	1509
eureka_seven	s	1509
isoi_reiji	c	1509
@yd_(orange_maru)	a	1508
checkered_flag	g	1508
colored_shoe_soles	g	1508
diona_(genshin_impact)	c	1508
in_bucket	g	1508
oyama_mihari	c	1508
food_on_breasts	g	1507
grimoire	g	1507
slashing	g	1507
hadou_nejire	c	1506
@kaigen_1025	a	1505
animal_skull	g	1505
collared_capelet	g	1505
anby_demara	c	1504
bee	g	1504
@oryo_(oryo04)	a	1503
libeccio_(kancolle)	c	1503
weapon_focus	g	1503
@ebi_193	a	1502
new_jersey_(azur_lane)	c	1502
rosaria_(genshin_impact)	c	1502
scaramouche_(kabukimono)_(genshin_impact)	c	1502
sendai_kai_ni_(kancolle)	c	1502
traditional_halo	g	1502
ace_of_hearts	g	1501
blood_on_leg	g	1501
haniwa_(statue)	g	1501
heart_pendant	g	1501
kamina_(ttgl)	c	1501
marth_(fire_emblem)	c	1501
sonetto_(reverse:1999)	c	1501
@ichikawa_feesu	a	1500
bisexual_male	g	1500
fushigi_no_umi_no_nadia	s	1500
kageyama_shigeo	c	1500
shoulder_blush	g	1500
square_neckline	g	1500
theodore_riddle	c	1500
@shimada_fumikane	a	1499
holding_burger	g	1499
fairimon	c	1498
kirara_(blue_archive)	c	1498
zeta_(granblue_fantasy)	c	1498
ladybug	g	1497
xiangling_(genshin_impact)	c	1497
dragonite	c	1496
@yuichirou	a	1495
aoki_hagane_no_arpeggio	s	1495
knees_out_of_frame	g	1495
konan_(naruto)	c	1495
senjou_no_valkyria_1	s	1495
tsukikage_yuri	c	1495
italian_flag	g	1494
jiggle	g	1494
tachibana_makoto	c	1494
wraith_(apex_legends)	c	1494
@kame_(kamepan44231)	a	1493
covering_ass	g	1493
ninomiya_asuka	c	1493
rocket	g	1493
st_ar-15_(girls'_frontline)	c	1493
ooarai_military_uniform	g	1492
vertical-striped_shorts	g	1492
@suzuhira_hiro	a	1491
abukuma_(kancolle)	c	1491
dream_c_club_(series)	s	1491
ezo_red_fox_(kemono_friends)	c	1491
flaming_sword	g	1491
kodomo_doushi	g	1491
kuki_shinobu	c	1491
drawr	g	1490
hatsune_miku_(append)	c	1490
malenia_blade_of_miquella	c	1490
manya_(dq4)	c	1490
objectification	g	1490
paid_reward	m	1490
polka_dot_legwear	g	1490
fujisaki_chihiro	c	1489
holding_heart	g	1489
kurapika	c	1489
pencil_case	g	1489
pomu_rainpuff	c	1489
shishiro_botan_(1st_costume)	c	1489
yotsubato!	s	1489
@sheya	a	1488
blue_bandana	g	1488
hologram	g	1488
@yaomai	a	1487
chocobo	c	1487
medallion	g	1487
battle_rifle	g	1486
joutouguu_mayumi	c	1486
muelsyse_(arknights)	c	1486
sakurako_(blue_archive)	c	1486
ako_(dress)_(blue_archive)	c	1485
myoudouin_itsuki	c	1485
outis_(project_moon)	c	1485
scar_on_hand	g	1485
thermometer	g	1485
@shirosato	a	1484
agano_(kancolle)	c	1484
@mk_(mod0)	a	1483
alternate_weapon	g	1483
ass_tattoo	g	1483
back-seamed_legwear	g	1483
buruma_aside	g	1483
mizunashi_akari	c	1482
platform_sandals	g	1482
purple_robe	g	1482
chris_redfield	c	1481
cracked_wall	g	1481
mikazuki_munechika	c	1481
overcoat	g	1481
puff_and_slash_sleeves	g	1481
@usashiro_mani	a	1480
breast_conscious	g	1480
cure_marine	c	1479
dantsu_flame_(umamusume)	c	1479
koyuki_(blue_archive)	c	1479
rensouhou-kun	c	1479
@seraziel	a	1478
energy_beam	g	1478
kidou_senkan_nadesico	s	1478
m4_sopmod_ii_(girls'_frontline)	c	1478
tools	g	1478
tumblr_username	g	1478
orange_cape	g	1477
uruha_rushia_(1st_costume)	c	1477
window_shade	g	1477
lucky_beast_(kemono_friends)	c	1476
mejiro_ardan_(umamusume)	c	1476
red_suit	g	1476
sasaki_saku	c	1476
kos-mos	c	1475
last_order_(toaru_majutsu_no_index)	c	1475
wendy_marvell	c	1475
@katahira_masashi	a	1474
@menma_(enaic31)	a	1474
arisugawa_natsuha	c	1474
bindi	g	1474
jungle_pocket_(umamusume)	c	1474
kula_diamond	c	1474
spiked_club	g	1474
nib_pen_(medium)	m	1473
shiguang_dailiren	s	1472
vanillaware	s	1472
carlotta_(wuthering_waves)	c	1471
holding_money	g	1471
mega_man_zx_advent	s	1471
shoujo_kakumei_utena	s	1471
naoetsu_high_school_uniform	g	1470
tail_around_own_leg	g	1470
totoki_airi	c	1470
@kurotama	a	1469
cinnamoroll	c	1469
dream_c_club	s	1469
martial_arts_belt	g	1469
clueless	g	1468
green_armband	g	1468
ingrid_brandl_galatea	c	1468
kotegawa_yui	c	1468
no_halo	g	1468
sajo_yukimi	c	1468
cd	g	1467
mark_of_evil	g	1467
kiss-shot_acerola-orion_heart-under-blade	c	1466
teruterubouzu	g	1466
flock	g	1465
mewtwo	c	1465
spider-gwen	c	1465
@beni_shake	a	1464
king_(chess)	g	1464
monkey_girl	g	1464
pilot	g	1464
police_badge	g	1464
star_ocean_anamnesis	s	1464
@niliu_chahui	a	1463
@tonee	a	1463
eastern_dragon_horns	g	1463
hanging_plant	g	1463
jungle	g	1463
mirai_nikki	s	1463
warning_sign	g	1463
@ajitarou_(setsu)	a	1462
@ini_(inunabe00)	a	1462
self-harm	g	1462
tonfa	g	1462
tsukimura_temari	c	1462
twitter_sample	m	1462
white_stripes	g	1462
ankha_(animal_crossing)	c	1461
hard_hat	g	1461
shiny_legwear	g	1461
circle_name	g	1460
silica	c	1460
7th_dragon_(series)	s	1459
asashimo_(kancolle)	c	1459
matou_kariya	c	1459
onizaki_kirara	c	1459
serial_experiments_lain	s	1459
shirobako	s	1459
cattleya_(queen's_blade)	c	1458
multicolored_cape	g	1458
personal_defense_weapon	g	1458
plastic_bottle	g	1458
popplio	c	1458
@dr_rex	a	1457
@mery_(yangmalgage)	a	1457
blue_outline	g	1457
adjusting_necktie	g	1456
deer_tail	g	1456
nige_jouzu_no_wakagimi	s	1456
pickaxe	g	1456
@alexi_(tits!)	a	1455
arc_the_lad	s	1455
chimera	g	1455
karna_(fate)	c	1455
sitting_on_table	g	1455
vi_(league_of_legends)	c	1455
@ilya_kuvshinov	a	1454
@vahn_yourdoom	a	1454
kyouka_(princess_connect!)	c	1454
tokisadame_school_uniform	g	1454
bruno_bucciarati	c	1453
dragon_quest_x	s	1453
snowball	g	1453
tateyama_ayano	c	1453
uzumaki_kushina	c	1453
vert_(neptunia)	c	1453
@lets0020	a	1452
karan_eri	c	1452
kishinami_hakuno_(female)	c	1452
shopping	g	1452
suzuhara_lulu	c	1452
cosplay_photo	m	1451
blood_bag	g	1450
cecilia_alcott	c	1450
cream_the_rabbit	c	1450
food_themed_earrings	g	1450
stitched_arm	g	1450
track_uniform	g	1450
watatsuki_no_yorihime	c	1450
call_of_duty:_modern_warfare_2	s	1449
gundam_wing	s	1449
mari_(faraway)_(omori)	c	1449
pomni_(the_amazing_digital_circus)	c	1449
white_shawl	g	1449
@fusu_(a95101221)	a	1448
elin	c	1448
fourth_wall	g	1448
tokyo_revengers	s	1448
bullet_hole	g	1447
faux_figurine	g	1447
lowleg_pants	g	1447
pool_of_blood	g	1447
taneshima_popura	c	1447
two-tone_one-piece_swimsuit	g	1447
@misaki_kurehito	a	1446
checkered_shirt	g	1446
grenade_launcher	g	1446
matsuno_todomatsu	c	1446
yoneme_mei	c	1446
akali	c	1445
char's_counterattack	s	1445
hair_vines	g	1445
hand_focus	g	1445
letter_hair_ornament	g	1445
playing_guitar	g	1445
ready_to_draw	g	1445
short_sidetail	g	1445
caulifla	c	1444
celes_chere	c	1444
coconut	g	1444
pants_tucked_in	g	1444
resident_evil_2	s	1444
romaji_commentary	g	1444
ruffling_hair	g	1444
@e.o.	a	1443
@watanabe_akio	a	1443
@yopparai_oni	a	1443
ayanami_(kancolle)	c	1443
energy_cannon	g	1443
rosehip_(girls_und_panzer)	c	1443
cellphone_photo	g	1442
ears_visible_through_hair	g	1442
ichigo_mashimaro	s	1442
lei_lei	c	1442
majo_no_takkyuubin	s	1442
pokemon_platinum	s	1442
donquixote_doflamingo	c	1441
exposed_pocket	g	1441
japanese_crested_ibis_(kemono_friends)	c	1441
lina_inverse	c	1441
meisho_doto_(umamusume)	c	1441
uchi_no_hime-sama_ga_ichiban_kawaii	s	1441
net	g	1440
bound_together	g	1439
finger_frame	g	1439
guided_penetration	g	1439
lighthouse	g	1439
mudkip	c	1439
powerpuff_girls_z	s	1439
shiine	c	1439
slapping	g	1439
sweaty_clothes	g	1439
@otokuyou	a	1438
holding_skull	g	1438
nagi_no_asukara	s	1438
side_slit_shorts	g	1438
beatrice_(re:zero)	c	1437
eirika_(fire_emblem)	c	1437
karate_gi	g	1437
ribbed_socks	g	1437
cure_black	c	1436
da_capo	s	1436
h&k_hk416	g	1436
qingyi_(zenless_zone_zero)	c	1436
yin_yang_orb	g	1436
no_tail	g	1435
ssss.dynazenon	s	1435
white_bandeau	g	1435
athletic_leotard	g	1434
cargo_pants	g	1434
gwen_(league_of_legends)	c	1434
lone_nape_hair	g	1434
mash_kyrielight_(dangerous_beast)_(cosplay)	g	1434
senpai_ga_uzai_kouhai_no_hanashi	s	1434
crease	g	1433
failure	g	1433
girthy_penis	g	1433
glory_hole	g	1433
intestines	g	1433
tengu_mask	g	1433
@joy_ride	a	1432
antique_firearm	g	1432
kine	g	1432
seal_(animal)	g	1432
uzumaki_himawari	c	1432
vash_the_stampede	c	1432
@kuromiya	a	1431
akizuki_ryo	c	1431
dirt	g	1431
gloved_handjob	g	1431
height_chart	g	1431
su-san	c	1431
beelzebumon	c	1430
goat_boy	g	1430
patchwork_clothes	g	1430
yatsu_murasaki	c	1430
boater_hat	g	1429
iwakura_lain	c	1429
kuro_no_kiseki_(series)	s	1429
prince	g	1429
hamaya	g	1428
white_romper	g	1428
@ooyari_ashito	a	1427
hat_with_ears	g	1427
hooded_bodysuit	g	1427
kidnapped	g	1427
@agahari	a	1426
@lost_one_zero	a	1426
@meito_(maze)	a	1426
animal_slippers	g	1426
tsukuyomi_shirabe	c	1426
waiter	g	1426
airi_(blue_archive)	c	1425
cagliostro_(granblue_fantasy)	c	1425
creature_and_personification	g	1425
isekai_joucho	c	1425
kudou_taiki	c	1425
vertical-striped_bikini	g	1425
alpha_transparency	m	1424
kuroinu_~kedakaki_seijo_wa_hakudaku_ni_somaru~	s	1424
@ogami_kazuki	a	1423
@zheng	a	1423
kaf_(kamitsubaki_studio)	c	1423
makai_senki_disgaea	s	1423
oreki_houtarou	c	1423
waist_sash	g	1423
anaxa_(honkai:_star_rail)	c	1422
@mizuhara_aki	a	1421
alolan_vulpix	c	1421
duel_disk	g	1421
embroidery	g	1421
group_hug	g	1421
split_theme	g	1421
very_wide_shot	g	1421
virgin_destroyer_sweater	g	1421
@magukappu	a	1420
@phantom_ix_row	a	1420
@sekina	a	1420
arezu_(pokemon)	c	1420
cartoon_bone	g	1420
glowing_horns	g	1420
kaiji	s	1420
magician	g	1420
taimanin_murasaki	s	1420
elizabeth_rose_bloodflame	c	1419
spoiler_(automobile)	g	1419
the_great_ace_attorney	s	1419
hammock	g	1418
meta_knight	c	1418
shoulder_peek	g	1418
small_horns	g	1418
gamagoori_ira	c	1417
jingliu_(honkai:_star_rail)	c	1417
cinderella_(nikke)	c	1416
ashley_graham	c	1415
dithering	g	1415
doukyuusei_another_world	s	1415
pants_under_skirt	g	1415
racecar	g	1415
laundry	g	1414
masked	g	1414
melon	g	1414
pornography	g	1414
sen_to_chihiro_no_kamikakushi	s	1414
ys	s	1414
@daram_(shappydude)	a	1413
alternate_body_size	g	1413
furutaka_(kancolle)	c	1413
dengeki_moeou	s	1412
kuroshio_(kancolle)	c	1412
lopmon	c	1411
oshida_(girls_und_panzer)	c	1411
aqua_kimono	g	1410
crew_neck	g	1410
gusset	g	1410
holding_toy	g	1410
kuma_(persona_4)	c	1410
kuro_no_kiseki	s	1410
@chigusa_minori	a	1409
amplifier	g	1409
confession	g	1409
eous_(zenless_zone_zero)	c	1409
roll_caskett_(mega_man)	c	1409
@mikozin	a	1408
allister_(pokemon)	c	1408
konno_junko	c	1408
oda_uri	g	1408
platform_clogs	g	1408
racing_miku	c	1408
@kilye_kairi	a	1407
foot_on_head	g	1407
wakizashi	g	1407
@jjune	a	1406
@sky-freedom	a	1406
cecilia_immergreen	c	1406
gallade	c	1406
himmel_(sousou_no_frieren)	c	1406
print_sleeves	g	1406
super_real_mahjong	s	1406
tenkyuu_chimata	c	1406
@ebora	a	1405
ipod	g	1405
taimanin_asagi_battle_arena_all_card_gallery	m	1405
test_plugsuit	g	1405
yellow_shoes	g	1405
zora	g	1405
@ikeuchi_tanuma	a	1404
boar	g	1404
check_artist	m	1404
fishnet_socks	g	1404
naizuri	g	1404
tag	g	1404
angela_(project_moon)	c	1403
bandana_around_neck	g	1403
double_anal	g	1403
furutani_himawari	c	1402
hooded_vest	g	1402
hoop	g	1402
hyuuga_(kancolle)	c	1402
nijigaoka_mashiro	c	1402
tsukumo_benben	c	1402
@dishwasher1910	a	1401
family_crest	g	1401
hollow_eyes	g	1401
post-apocalypse	g	1401
two-finger_salute	g	1401
white_undershirt	g	1401
aqua_gemstone	g	1400
floating_island	g	1400
french_text	g	1400
one_piece_film:_red	s	1400
rebecca_(one_piece)	c	1400
@isshiki_(ffmania7)	a	1399
studded_bracelet	g	1399
yellow_butterfly	g	1399
@nironiro	a	1398
above_clouds	g	1398
atalanta_(fate)	c	1398
decapitation	g	1398
izumi_mei	c	1398
mineta_minoru	c	1398
oshino_ougi	c	1398
porch	g	1398
white_sky	g	1398
@minakami_(flyingman555)	a	1397
cleaver	g	1397
dragon_ball_heroes	s	1397
tomioka_giyuu	c	1397
@rotte_(1109)	a	1396
mark_under_eye	g	1396
the_moon_studio	s	1396
blue_jumpsuit	g	1395
chilchuck_tims	c	1395
holding_mop	g	1395
ju_fufu	c	1395
neo_politan	c	1395
two-sided_headwear	g	1395
bowing	g	1394
kadotani_anzu	c	1394
kururugi_suzaku	c	1394
@norman_maggot	a	1393
arjuna_(fate)	c	1393
braces	g	1393
fate/unlimited_codes	s	1393
humboldt_penguin_(kemono_friends)	c	1393
kohaku_(tsukihime)	c	1392
ada_wong	c	1391
ark_order	s	1391
height	g	1391
reines_el-melloi_archisorte	c	1391
@taisa_(kari)	a	1390
bloody_bandages	g	1390
female_goblin	g	1390
fictional_persona	g	1390
glass_shards	g	1390
nihonga	g	1390
youkoso_jitsuryoku_shijou_shugi_no_kyoushitsu_e	s	1390
@swd3e2	a	1389
bokutachi_wa_benkyou_ga_dekinai	s	1389
galko	c	1389
osaka_shizuku	c	1389
stalk_in_mouth	g	1389
star_ocean_the_second_story	s	1389
aglaea_(honkai:_star_rail)	c	1388
heart_(organ)	g	1388
zara_(azur_lane)	c	1388
@meow_(nekodenki)	a	1387
@nobushito_kuro	a	1387
cipher_(honkai:_star_rail)	c	1387
pimp	g	1387
hospital	g	1386
star_of_david	g	1386
under_kotatsu	g	1386
german_flag	g	1385
oyashio_(kancolle)	c	1385
sakurajima_mai	c	1385
commander_(nikke)	c	1384
crystal_earrings	g	1384
franky_(one_piece)	c	1384
kawakami_sadayo	c	1384
utage_(arknights)	c	1384
isshiki_iroha	c	1383
vincent_valentine	c	1383
@asahi	a	1382
aranara_(genshin_impact)	c	1382
beige_sweater	g	1382
grey_sweater_vest	g	1382
polar_bear	g	1382
detached_ahoge	g	1381
in_cup	g	1381
leather_armor	g	1381
millia_rage	c	1381
roxie_(pokemon)	c	1381
himeko_(honkai:_star_rail)	c	1380
lucas_(mother_3)	c	1380
skirt_under_dress	g	1380
steven_stone	c	1380
@akairiot	a	1379
@ririko_(zhuoyandesailaer)	a	1379
spike_spiegel	c	1379
tape_measure	g	1379
@fujigaya_arctia	a	1378
@ishikei	a	1378
ballet	g	1378
bungou_stray_dogs	s	1378
purple_veil	g	1378
sakuraba_neku	c	1378
u.a._school_uniform	g	1378
uchiha_obito	c	1378
butterfly_sitting	g	1377
kagemori_michiru	c	1377
maid_day	g	1377
nintendo_ds	g	1377
nipple_cutout	g	1377
tutu	g	1377
white_sleeve_cuffs	g	1377
caren_hortensia	c	1376
donation_box	g	1376
fennekin	c	1376
liz_to_aoi_tori	s	1376
merman	g	1376
multi-strapped_bikini_top	g	1376
@kyabakurabakufu	a	1375
@nonohara_miki	a	1375
holding_bow_(music)	g	1375
inside_creature	g	1375
melia_antiqua	c	1375
sucrose_(genshin_impact)	c	1375
chrom_(fire_emblem)	c	1374
faris_scherwiz	c	1374
gymnastics	g	1374
mobius_(honkai_impact)	c	1374
phoenix_wright	c	1374
super_saiyan_1	g	1374
princess_principal	s	1373
teeth_hold	g	1373
war	g	1373
buttoned_cuffs	g	1372
hello_kitty	s	1372
kashuu_kiyomitsu	c	1372
portal_(object)	g	1372
seductive_gaze	g	1372
short-sleeved_jacket	g	1372
violence	g	1372
@oekakizuki	a	1371
pop'n_music	s	1371
two-tone_hat	g	1371
mark_under_both_eyes	g	1370
shuffle!	s	1370
sono_hanabira_ni_kuchizuke_wo	s	1370
grey_bowtie	g	1369
hexagon_print	g	1369
jacket_pull	g	1369
spell_card	g	1369
team_shanghai_alice	s	1369
@urushihara_satoshi	a	1368
compass_rose_halo	g	1368
deadpool_(series)	s	1368
shuumatsu_no_valkyrie	s	1368
@higegepon	a	1367
ro635_(girls'_frontline)	c	1367
@asanagi	a	1366
gwen_stacy	c	1366
hole_on_body	g	1366
medea_(fate)	c	1366
minna-dietlinde_wilcke	c	1366
stellar_blade	s	1366
isuzu_(kancolle)	c	1365
kaiou_michiru	c	1365
maria_cadenzavna_eve	c	1365
roswaal_mansion_maid_uniform	g	1365
scylla	g	1365
sideways_hat	g	1365
floating_weapon	g	1364
holding_coin	g	1364
koi	g	1364
@ootsuki_wataru	a	1363
kingdom_hearts_ii	s	1363
pump_action	g	1363
shoujo_shuumatsu_ryokou	s	1363
aris_(maid)_(blue_archive)	c	1362
bald_male	g	1362
collei_(genshin_impact)	c	1362
curtain_grab	g	1362
harley_quinn	c	1362
omegamon	c	1362
super_creek_(umamusume)	c	1362
two-tone_legwear	g	1362
y'shtola_rhul	c	1362
@asteroid_ill	a	1361
@mauve	a	1361
blaziken	c	1361
hogtie	g	1361
miia_(monster_musume)	c	1361
naked_scarf	g	1361
watson_amelia_(1st_costume)	c	1361
@hinghoi	a	1360
barefoot_sandals	g	1360
blaze_(arknights)	c	1360
boxcutter	g	1360
bunching_hair	g	1360
duel_academy_uniform_(yu-gi-oh!_gx)	g	1360
teamwork_(sexual)	g	1360
@yoshi_tama	a	1359
drawn_ears	g	1359
nishi_kinuyo	c	1359
red_nose	g	1359
@optionaltypo	a	1358
bandaid_on_thigh	g	1358
impossible_swimsuit	g	1358
@b-ginga	a	1357
@tsukasawa_takamatsu	a	1357
character_charm	g	1357
enma_ai	c	1357
kirara_(genshin_impact)	c	1357
sanoba_witch	s	1357
shinmai_maou_no_testament	s	1357
storm	g	1357
@nori_tamago	a	1356
checkered_bow	g	1356
chest_bow	g	1356
hand_on_own_ear	g	1356
holding_test_tube	g	1356
hypnosis_mic	s	1356
miyuki_(kancolle)	c	1356
murasaki_shion_(1st_costume)	c	1356
perfume_bottle	g	1356
splatter	g	1356
yukoku_kiriko	c	1356
@nightmare_express	a	1355
@ramchi	a	1355
@yunamaro	a	1355
amazon_warrior	g	1355
diving_mask_on_head	g	1355
energy_weapon	g	1355
kabuto_(helmet)	g	1355
katou_megumi	c	1355
mole_above_mouth	g	1355
riiya	c	1355
the_king_of_fighters_xiv	s	1355
archived_source	m	1354
dragon_ball_super_broly	s	1354
kasumi_kai_ni_(kancolle)	c	1354
fisting	g	1353
holding_scroll	g	1353
lyrics	g	1353
vikala_(granblue_fantasy)	c	1353
animal_on_arm	g	1352
bath_yukata	g	1351
clothes_between_breasts	g	1351
cursive	g	1351
masochism	g	1351
nadia_la_arwall	c	1351
purple-framed_eyewear	g	1351
april_fools	g	1350
cartethyia_(wuthering_waves)	c	1350
cheekbones	g	1350
grey_shoes	g	1350
kimi_no_na_wa.	s	1350
pregnant_loli	g	1350
tianguan_cifu	s	1350
on_railing	g	1349
@mitya	a	1348
aikatsu_stars!	s	1348
cat_bag	g	1348
drowning	g	1348
uchikake	g	1348
flying_kick	g	1347
print_bowtie	g	1347
wiz_(konosuba)	c	1347
catsuit	g	1346
kneesocks_(psg)	c	1346
miyu_(swimsuit)_(blue_archive)	c	1346
nijiura_maids	s	1346
shrimp_tempura	g	1346
skull_ornament	g	1346
impmon	c	1345
@vogue	a	1344
drag-on_dragoon	s	1344
ouro_kronii_(1st_costume)	c	1344
ralts	c	1344
tekken_7	s	1344
tomoeda_elementary_school_uniform	g	1344
valkyrie	g	1344
shinai	g	1343
weight_conscious	g	1343
cervical_penetration	g	1342
kobayashi_(maidragon)	c	1342
lux_(league_of_legends)	c	1342
monster_hunter:_world	s	1342
pani_poni_dash!	s	1342
ranamon	c	1342
studded_choker	g	1342
yellow_headband	g	1342
@yamakaze_ran	a	1341
beelstarmon	c	1341
electrical_outlet	g	1341
greninja	c	1341
magnemite	c	1341
maki_(blue_archive)	c	1341
enna_alouette	c	1340
finana_ryugu	c	1340
fuuin_no_tsue	g	1340
holding_frying_pan	g	1340
presenting_foot	g	1340
tatsumi_kanji	c	1340
@cutesexyrobutts	a	1339
lewis_smith	c	1339
litwick	c	1339
aegir_(azur_lane)	c	1338
androgyne_symbol	g	1338
cure_sky	c	1338
kabru	c	1338
newsboy_cap	g	1338
aki_rosenthal	c	1337
face_between_breasts	g	1337
hayashimo_(kancolle)	c	1337
kazanari_tsubasa	c	1337
sexual_coaching	g	1337
blue_shawl	g	1336
expressive_hair	g	1336
hand_on_floor	g	1336
markings	g	1336
secelia_dote	c	1336
string_bra	g	1336
@youmu-kun	a	1335
fish_boy	g	1335
omniscient_reader's_viewpoint	s	1335
red_tabard	g	1335
sitting_on_shoulder	g	1335
@mashima_hiro	a	1334
gyro_zeppeli	c	1334
holding_own_tail	g	1334
no_mask	g	1334
propeller	g	1334
saber_(weapon)	g	1334
ink_tank_(splatoon)	g	1333
kiran_(fire_emblem)	c	1333
uneven_twintails	g	1333
crocodilian	g	1332
dropping	g	1332
ear_licking	g	1332
lace-trimmed_hairband	g	1332
rubber_gloves	g	1332
shared_umbrella	g	1332
sonya_(kill_me_baby)	c	1332
white_mouth	g	1332
@derauea	a	1331
doily	g	1331
hand_over_eye	g	1331
print_shorts	g	1331
prolapse	g	1331
sora_no_otoshimono	s	1331
@tf_cafe	a	1330
@tk8d32	a	1330
green_armor	g	1330
okkotsu_yuuta	c	1330
soukaku_(zenless_zone_zero)	c	1330
yumehara_nozomi	c	1330
arm_around_back	g	1329
armored_leotard	g	1329
cropped_head	g	1329
hyena_ears	g	1329
johnston_(kancolle)	c	1329
kamishiro_rui	c	1329
licking_breast	g	1329
snack	g	1329
dirty_feet	g	1328
long_ribbon	g	1328
mualani_(genshin_impact)	c	1328
pants_around_one_leg	g	1328
@mishima_kurone	a	1327
flower_over_eye	g	1327
jinhsi_(wuthering_waves)	c	1327
naruto:_the_last	s	1327
oberon_(third_ascension)_(fate)	c	1327
spaghetti	g	1327
white_tiger	g	1327
yamato-no-kami_yasusada	c	1327
yellow_outline	g	1327
cover_image	g	1326
kaguya_luna	c	1326
kamoi_(kancolle)	c	1326
levitation	g	1326
nanase_haruka_(free!)	c	1326
brown_sash	g	1325
celica_(fire_emblem)	c	1325
colorado_(kancolle)	c	1325
crystal_ball	g	1325
ichijouji_ken	c	1325
shuka_high_school_uniform	g	1325
soulworker	s	1325
\n/	g	1324
aqua_hairband	g	1324
gakkou_gurashi!	s	1324
housewife	g	1324
jaguar_tail	g	1324
kissing_neck	g	1324
prisma_illya	c	1324
sakuragaoka_high_school_uniform	g	1324
swimsuit_cover-up	g	1324
temple	g	1324
yu-gi-oh!_zexal	s	1324
alice_margatroid_(pc-98)	c	1323
black_eyeliner	g	1323
cheren_(pokemon)	c	1323
my-otome	s	1323
still_in_love_(umamusume)	c	1323
tokidoki_bosotto_roshia-go_de_dereru_tonari_no_alya-san	s	1323
feixiao_(honkai:_star_rail)	c	1322
grey_choker	g	1322
nanao_yuriko	c	1322
poring	c	1322
@e10	a	1321
douluo_dalu	s	1321
multicolored_hairband	g	1321
toast_in_mouth	g	1321
trapped	g	1321
vulpix	c	1321
blue_umbrella	g	1320
helmet_over_eyes	g	1320
infirmary	g	1320
izuna_(swimsuit)_(blue_archive)	c	1320
lute_(instrument)	g	1320
yamabuki_inori	c	1320
black_sleeve_cuffs	g	1319
etorofu_(kancolle)	c	1319
gekkan_shoujo_nozaki-kun	s	1319
holding_with_feet	g	1319
maneki-neko	g	1319
uchiha_madara	c	1319
@aster_crowley	a	1318
hikage_(senran_kagura)	c	1318
shigure_(blue_archive)	c	1318
@ikuchan_kaoru	a	1317
@kenkou_cross	a	1317
blood_drip	g	1317
cone_horns	g	1317
hiyori_(blue_archive)	c	1317
kourindou_tengu_costume	g	1317
belldandy	c	1316
grand_piano	g	1316
la_pluma_(arknights)	c	1316
mismatched_earrings	g	1316
smokestack_hair_ornament	g	1316
sprinkles	g	1316
@frapowa	a	1315
@yoshio_(55level)	a	1315
coin_on_string	g	1315
missile_pod	g	1315
rossweisse	c	1315
shueisha	s	1315
braiding_hair	g	1314
commander_(girls'_frontline)	c	1314
florence_nightingale_(trick_or_treatment)_(fate)	c	1314
green_cardigan	g	1314
hinata_(blue_archive)	c	1314
riding_bicycle	g	1314
dvd_cover	g	1313
nelliel_tu_odelschwanck	c	1313
green_shoes	g	1312
kuji-in	g	1312
lop_rabbit_ears	g	1312
pink_trim	g	1312
sora_no_kiseki	s	1312
adidas	s	1311
bag_of_chips	g	1311
excalibur_morgan_(fate)	g	1311
hair_dryer	g	1311
kasumi_(blue_archive)	c	1311
white_tabard	g	1311
amamiya_kokoro	c	1310
kanou_aogu	c	1310
nagato_(azur_lane)	c	1310
piccolo	c	1310
tashkent_(kancolle)	c	1310
@hisahiko	a	1309
elise_(fire_emblem)	c	1309
hololive_fantasy	s	1309
jeanne_d'arc_alter_(ver._shinjuku_1999)_(fate)	c	1309
missing_tooth	g	1309
striped_one-piece_swimsuit	g	1309
yonaga_angie	c	1309
zhong_lanzhu	c	1309
@rtil	a	1308
alice_zuberg	c	1308
medarot	s	1308
odin_sphere	s	1308
puckered_anus	g	1308
art_nouveau	g	1307
gibson_les_paul	g	1307
action_taimanin	s	1306
camera_phone	g	1306
bike_shorts_under_shorts	g	1305
brook_(one_piece)	c	1305
caracal_(kemono_friends)	c	1305
pussy_juice_drip_through_clothes	g	1305
blunt_sidelocks	g	1304
golf_club	g	1304
newtype	s	1304
pink_outline	g	1304
red_male_swimwear	g	1304
long_earlobes	g	1303
track_and_field	g	1303
fukawa_toko	c	1302
green_scrunchie	g	1302
ise_(kancolle)	c	1302
makabe_mizuki	c	1302
nejiri_hachimaki	g	1302
poison_(final_fight)	c	1302
yuuki_(sao)	c	1302
@yanyo_(ogino_atsuki)	a	1301
air_groove_(umamusume)	c	1301
green_eyeshadow	g	1301
shinonome_akito	c	1301
single_knee_pad	g	1301
syrup	g	1301
@asamura_hiori	a	1300
@gmkj	a	1300
artoria_pendragon_(alter_swimsuit_rider)_(fate)	c	1300
murakumo_kai_ni_(kancolle)	c	1300
pubic_stubble	g	1300
resident_evil_3:_nemesis	s	1300
sister_claire	c	1300
hand_mirror	g	1299
justice_gakuen	s	1299
okita_souji_alter_(fate)	c	1299
sword_art_online:_alicization	s	1299
@ban!_(bansankan)	a	1298
@yadokari_genpachirou	a	1298
cheshire_(azur_lane)	c	1298
chong_yue_(arknights)	c	1298
coat_dress	g	1298
creature_inside	g	1298
fur_cloak	g	1298
jean_pierre_polnareff	c	1298
multitasking	g	1298
sand_castle	g	1298
@goma_(gomasamune)	a	1297
bikini_bottom_pull	g	1297
bridal_legwear	g	1297
coyote_(kemono_friends)	c	1297
glowing_wings	g	1297
mira-cra_park!	g	1297
noh_mask	g	1297
rachel_alucard	c	1297
shugo_chara!	s	1297
acoustic_guitar	g	1296
cure_blossom	c	1296
dashed_eyes	g	1296
grey_wolf_(kemono_friends)	c	1296
head_on_chest	g	1296
hibiki_yuuta	c	1296
tsurumaru_kuninaga	c	1296
umikaze_(kancolle)	c	1296
unusually_open_eyes	g	1296
@mossacannibalis	a	1295
agent_8_(splatoon)	c	1295
aqua_halo	g	1295
blue_wristband	g	1295
cerebella_(skullgirls)	c	1295
fishnet_bodysuit	g	1295
index_fingers_raised	g	1295
natsu_dragneel	c	1295
orcsoft	s	1295
cantarella_(wuthering_waves)	c	1294
ceobe_(arknights)	c	1294
dissolving_clothes	g	1294
kawakaze_(kancolle)	c	1294
skeleton_print	g	1294
striped_vest	g	1294
anjou_naruko	c	1293
checkered_dress	g	1293
himesaki_rinami	c	1293
ken_masters	c	1293
meer_campbell	c	1293
wall_clock	g	1293
yoroizuka_mizore	c	1293
gogeta	c	1292
hojo_karen	c	1292
bear_tail	g	1291
fern	g	1291
gift_art	g	1291
holding_chain	g	1291
xenogears	s	1291
@mikkoukun	a	1290
bird_print	g	1290
caitlyn_(league_of_legends)	c	1290
smart_falcon_(umamusume)	c	1290
strap_lift	g	1290
battle_spirits	s	1289
elbow_sleeve	g	1289
grace_howard	c	1289
@yamashita_shun'ya	a	1288
apron_lift	g	1288
brown_bra	g	1288
honma_meiko	c	1288
kirishima_eijirou	c	1288
multicolored_halo	g	1288
red_hood_(nikke)	c	1288
valorant	s	1288
@kobuichi	a	1287
@spacezin	a	1287
cutting_hair	g	1287
high-low_skirt	g	1287
punk	g	1287
sparkle_hair_ornament	g	1287
unworn_shorts	g	1287
acorn	g	1286
primarina	c	1286
sekai_seifuku:_bouryaku_no_zvezda	s	1286
@nanase_nao	a	1285
floating_card	g	1285
single_bridal_gauntlet	g	1285
@a_re	a	1284
@dikko	a	1284
asahina_mirai	c	1284
cyber_connect_2	s	1284
kiki_(majo_no_takkyuubin)	c	1284
two-tone_sweater	g	1284
under_tree	g	1284
winry_rockbell	c	1284
yanami_anna	c	1284
altaria	c	1283
minamoto_no_raikou_(swimsuit_lancer)_(fate)	c	1283
surrounded	g	1283
black_trim	g	1282
cheek_pull	g	1282
cowboy	g	1282
laevatein_(touhou)	g	1282
red_wine	g	1282
rewrite	s	1282
tokiko_(touhou)	c	1282
christa_renz	c	1281
emperor_penguin_(kemono_friends)	c	1281
ingo_(pokemon)	c	1281
mannequin	g	1281
musaigen_no_phantom_world	s	1281
resident_evil_village	s	1281
@kaiga	a	1280
@koruri	a	1280
curry_rice	g	1280
pillory	g	1280
d4dj	s	1279
haramaki	g	1279
re-class_battleship	c	1279
bean_bag_chair	g	1278
guilmon	c	1278
hakozaki_serika	c	1278
shotgun_shell	g	1278
striped_hoodie	g	1278
bronya_zaychik_(silverwing:_n-ex)	c	1277
evillious_nendaiki	s	1277
hokko_tarumae_(umamusume)	c	1277
hospital_gown	g	1277
myoukou_(kancolle)	c	1277
togepi	c	1277
apartment	g	1276
candlelight	g	1276
devil_may_cry_5	s	1276
dorsal_fin	g	1276
tenochtitlan_(fate)	c	1276
zoroark	c	1276
hanetsuki	g	1275
holding_scepter	g	1275
kamukura_izuru	c	1275
belt_boots	g	1274
brain	g	1274
cosmic_break	s	1274
cuff_links	g	1274
dress_pants	g	1274
hand_on_headphones	g	1274
pineapple	g	1274
spiked_ear_piercing	g	1274
hagikaze_(kancolle)	c	1273
heart-shaped_pillow	g	1273
merlin_(fate/prototype)	c	1273
papakha	g	1273
striped_arm_warmers	g	1273
@ishiyumi	a	1272
convenience_store	g	1272
cure_sunshine	c	1272
multicolored_hoodie	g	1272
sadism	g	1272
suzukaze_(kancolle)	c	1272
matsuda_takato	c	1271
otomachi_una	c	1271
caesar_king_(zenless_zone_zero)	c	1270
narita_taishin_(umamusume)	c	1270
on_roof	g	1270
osakabehime_(fate)	c	1270
owari_no_seraph	s	1270
shinkai_no_valkyrie	s	1270
shiori_novella_(1st_costume)	c	1270
taokaka	c	1270
@mizuryu_kei	a	1269
casino	g	1269
kaine_(nier)	c	1269
kiriya_aoi	c	1269
long_neck	g	1269
@bosshi	a	1268
papers	g	1268
pom_pom_earrings	g	1268
sparkling_aura	g	1268
aqua_trim	g	1267
playground	g	1267
suomi_(girls'_frontline)	c	1267
toad_(mario)	c	1267
unworn_pants	g	1267
vehicle_request	m	1267
white_nightgown	g	1267
hibiki_ryouga	c	1266
implied_fingering	g	1266
single_boot	g	1266
@personal_ami	a	1265
bede_(pokemon)	c	1265
black_babydoll	g	1265
hidden_eyes	g	1265
lacus_clyne	c	1265
multicolored_tail	g	1265
multiple_futa	g	1265
nazi	g	1265
art_brush	g	1264
travel_attendant	g	1264
eden_academy_school_uniform	g	1263
hades_(series)	s	1263
katsura_hinagiku	c	1263
light_machine_gun	g	1263
red_streaks	g	1263
xenovia_quarta	c	1263
floating_earring	g	1262
fuuka_(blue_archive)	c	1262
galo_thymos	c	1262
hunched_over	g	1262
minami-ke	s	1262
oyakodon_(sex)	g	1262
tropical_fish	g	1262
aozora_stripe	s	1261
beam_saber	g	1261
eldritch_abomination	g	1261
gastly	c	1261
hugging_tail	g	1261
kono_lolicon_domome	g	1261
akita_neru	c	1260
arm_pouch	g	1260
chandelure	c	1260
bee_girl	g	1259
eva_02	c	1259
messy_room	g	1259
phoenix_crown	g	1259
yellow_pantyhose	g	1259
4others	g	1258
ayane_(blue_archive)	c	1258
ear_biting	g	1258
exercise_ball	g	1258
holding_remote_control	g	1258
nu-13	c	1258
pegasus	g	1258
trophy	g	1258
>o<	g	1257
blade_&_soul	s	1257
contrast_collar	g	1257
klara_(pokemon)	c	1257
wavy_eyes	g	1257
@ayase_hazuki	a	1256
@kashikaze	a	1256
@uccow	a	1256
among_us	s	1256
anchor_necklace	g	1256
chabashira_tenko	c	1256
chocolate_cake	g	1256
like_and_retweet	g	1256
nata_(tool)	g	1256
rider	c	1256
@hellandheaven	a	1255
cum_through_clothes	g	1255
cure_white	c	1255
dawn	g	1254
fine_motion_(umamusume)	c	1254
kamiyama_high_school_uniform_(hyouka)	g	1254
ribbon_braid	g	1254
stopwatch	g	1254
imperishable_night	s	1253
mejiro_dober_(umamusume)	c	1253
sabo_(one_piece)	c	1253
webbed_hands	g	1253
altera_(fate)	c	1252
in_heat	g	1252
bear_costume	g	1251
butterfly_tattoo	g	1251
sayori_(doki_doki_literature_club)	c	1251
vivlos_(umamusume)	c	1251
face_mask	g	1250
multiple_hands	g	1250
shuujin_academy_school_uniform	g	1250
sitting_on_rock	g	1250
whitney_(pokemon)	c	1250
@momoko_(momopoco)	a	1249
alice_(nikke)	c	1249
antique_phone	g	1249
cardigan_vest	g	1249
kaneki_ken	c	1249
mai_natsume	c	1249
orange_jumpsuit	g	1249
@kukie-nyan	a	1248
firearm	g	1248
juvia_lockser	c	1248
kusuriya_no_hitorigoto	s	1248
punishment	g	1248
@hella_p	a	1247
fate/strange_fake	s	1247
flower_in_mouth	g	1247
grookey	c	1247
gyaru_v	g	1247
@jokanhiyou	a	1246
bonnie_(pokemon)	c	1246
clumsy_nun_(diva)	c	1246
eve_(elsword)	c	1246
gorou_(genshin_impact)	c	1246
pink_umbrella	g	1246
silence_(arknights)	c	1246
cagalli_yula_athha	c	1245
clownfish	g	1245
minamoto_no_raikou_(fate/grand_order)	c	1245
ragnarok:_guild_masters	s	1245
sugar_cube	g	1245
windowsill	g	1245
doodle_inset	g	1244
fingering_from_behind	g	1244
mizuhara_chizuru	c	1244
momoe_nagisa	c	1244
rudeus_greyrat	c	1244
starbucks	s	1244
arthropod_boy	g	1243
batman	c	1243
reiuji_utsuho_(bird)	c	1243
sage_(dq3)	c	1243
translucent	g	1243
:x	g	1242
@asutora	a	1242
faruzan_(genshin_impact)	c	1242
how_to	g	1242
maebara_keiichi	c	1242
pointless_condom	g	1242
virgin	g	1242
yui_(princess_connect!)	c	1242
aqua_flower	g	1241
pinstripe_suit	g	1241
dao_gui_yi_xian	s	1240
down_jacket	g	1240
holding_lipstick_tube	g	1240
houjou_tokiyuki_(nige_jouzu_no_wakagimi)	c	1240
tribal_tattoo	g	1240
edogawa_conan	c	1239
himesaka_noa	c	1239
lapras	c	1239
satsuki_(blue_archive)	c	1239
sharingan	g	1239
white_jumpsuit	g	1239
@kase_daiki	a	1238
@mikoyan	a	1238
arataki_itto	c	1238
spider-man:_across_the_spider-verse	s	1238
@monaka_(gatinemiku)	a	1237
crane_game	g	1237
katori_(kancolle)	c	1237
quarter_note	g	1237
@kechin_(oreteki18kin)	a	1236
vertical-striped_kimono	g	1236
violet_evergarden_(series)	s	1236
araragi_karen	c	1235
green_sash	g	1235
gunblade	g	1235
haibara_ai	c	1235
hitodama_print	g	1235
holocouncil	s	1235
jumpy_dumpty	c	1235
sieg_(fate)	c	1235
zoids	s	1235
@maru_(marg0613)	a	1234
@maxi	a	1234
materia	g	1234
oblivionis_(bang_dream!)	c	1234
@eu03	a	1233
holding_quill	g	1233
luo_xiaohei	c	1233
mouth_piercing	g	1233
okabe_rintarou	c	1233
vergil_(devil_may_cry)	c	1233
zodiac	g	1233
@metal_owl_(aden12)	a	1232
front_slit	g	1232
hand_on_table	g	1232
kunoichi	g	1232
owl_ears	g	1232
pink_boots	g	1232
chrono_cross	s	1231
pachirisu	c	1231
serina_(blue_archive)	c	1231
symbolism	g	1231
zorua	c	1231
big_hero_6	s	1230
estellise_sidos_heurassein	c	1230
jetpack	g	1230
mat	g	1230
nipple_chain	g	1230
radiation_symbol	g	1230
white_babydoll	g	1230
yellow_gemstone	g	1230
@flowerxl	a	1229
@k-suwabe	a	1229
facebook_username	g	1229
jacket_over_swimsuit	g	1229
mitre	g	1229
starfish_hair_ornament	g	1229
@furaggu_(frag_0416)	a	1228
age_comparison	g	1228
green_brooch	g	1228
hinatsuru_ai	c	1228
reed_(arknights)	c	1228
xuangzang_sanzang_(fate)	c	1228
@gofu	a	1227
@pichipichi_garou_r	a	1227
doujima_nanako	c	1227
kitten_(gravity_daze)	c	1227
kyonyuu_fantasy	s	1227
morning_glory	g	1227
orange_pupils	g	1227
@kairunoburogu	a	1226
eye_of_horus	g	1226
gerudo	g	1226
gradient_wings	g	1226
jill_stingray	c	1226
massage	g	1226
rengoku_kyoujurou	c	1226
star_ocean_till_the_end_of_time	s	1226
yellow_raincoat	g	1226
@mikeou	a	1225
bikini_shorts	g	1225
no_feet	g	1225
sigewinne_(genshin_impact)	c	1225
viper_(nikke)	c	1225
@kishida_mel	a	1224
brock_(pokemon)	c	1224
mesmerizer_(vocaloid)	s	1224
necrophilia	g	1224
oil_painting_(medium)	m	1224
plap	g	1224
raichu	c	1224
violet_evergarden	c	1224
white_detached_collar	g	1224
exercising	g	1223
rhodes_island_logo_(arknights)	g	1223
two-tone_kimono	g	1223
v-mon	c	1223
@23_(real_xxiii)	a	1222
@muririn	a	1222
busou_shinki	s	1222
mamiya_(kancolle)	c	1222
ononoki_yotsugi	c	1222
roxas	c	1222
scouter	g	1222
snowflake_background	g	1222
bad_nijie_id	m	1221
hands_on_another's_chest	g	1221
hyrule_warriors	s	1221
nagatsuki_(kancolle)	c	1221
tarnished_(elden_ring)	c	1221
totodile	c	1221
wheat_field	g	1221
ziche_fuzhao	c	1221
>:3	g	1220
bullying	g	1220
food_bite	g	1220
@yoshizaki_mine	a	1219
litten	c	1219
mitake_ran	c	1219
mogami_shizuka	c	1219
scott_pilgrim_takes_off	s	1219
ultra_ball	g	1219
uni_(neptunia)	c	1219
utawarerumono:_lost_flag	s	1219
adjusting_panties	g	1218
mouri_ran	c	1218
nekomusume_(gegege_no_kitarou_6)	c	1218
pneuma_(xenoblade)	c	1218
richelieu_(kancolle)	c	1218
spinning	g	1218
@melon22	a	1217
@papepox2	a	1217
ivan_karelin	c	1217
jacket_lift	g	1217
multiple_legs	g	1217
nakiri_erina	c	1217
sameko_saba	c	1217
@jack_dempa	a	1216
@takato_kurosuke	a	1216
abe_nana	c	1216
deadpool_&_wolverine	s	1216
ear_protection	g	1216
grey_apron	g	1216
human_scabbard	g	1216
jojo_pose	g	1216
takasaki_yu	c	1216
tohno_shiki	c	1216
@reverse_(bluefencer)	a	1215
crayon_shin-chan	s	1215
evelynn_(league_of_legends)	c	1215
gun_to_head	g	1215
hair_flip	g	1215
mercedes_von_martritz	c	1215
shanks_(one_piece)	c	1215
tsumura_tokiko	c	1215
window_shadow	g	1215
2008	g	1214
bubble_tea_challenge	g	1214
chiori_(genshin_impact)	c	1214
double_horizontal_stripe	g	1214
four-leaf_clover_hair_ornament	g	1214
justice_(helltaker)	c	1214
natsuzora_no_perseus	s	1214
parasoul_(skullgirls)	c	1214
pyrrha_nikos	c	1214
ribbon-trimmed_thighhighs	g	1214
riddle_joker	s	1214
suzukaze_aoba	c	1214
dudou	g	1213
kiratto_pri_chan	s	1213
shorts_aside	g	1213
toriel	c	1213
bathhouse	g	1212
black_streaks	g	1212
dungeons_and_dragons	s	1212
furen_e_lustario	c	1212
horn_grab	g	1212
ibuki_tsubasa	c	1212
pixiv_logo	g	1212
pointing_forward	g	1212
hand_to_head	g	1211
marie_rose	c	1211
green_collar	g	1210
hoshino_ruri	c	1210
isonami_(kancolle)	c	1210
pink_hakama	g	1210
seliph_(fire_emblem)	c	1210
iori_(swimsuit)_(blue_archive)	c	1209
ornate_ring	g	1209
@bigdead	a	1208
faye_valentine	c	1208
green_border	g	1208
isabella_valentine	c	1208
overall_skirt	g	1208
pizza_box	g	1208
salaryman	g	1208
sazaki_kaoruko	c	1208
scarlet_devil_mansion	g	1208
aubrey_(headspace)_(omori)	c	1207
destiny_child	s	1207
kujou_karen	c	1207
pretty_rhythm	s	1207
waist_ribbon	g	1207
yoshi	c	1207
@momo_no_sukebe	a	1206
becky_blackbell	c	1206
black_bird	g	1206
narita_top_road_(umamusume)	c	1206
paper_crane	g	1206
puffy_chest	g	1206
super_mario_odyssey	s	1206
@m&m	a	1205
@pochincoff	a	1205
cum_in_cup	g	1205
doujin_cover	g	1205
glomp	g	1205
hana_hana_no_mi	g	1205
mast	g	1205
medb_(fate)	c	1205
miku_day	g	1205
polka_dot_ribbon	g	1205
sairenji_haruna	c	1205
white_armband	g	1205
fur-trimmed_thighhighs	g	1204
gathers	g	1204
holding_shovel	g	1204
milotic	c	1204
sol_badguy	c	1204
latex_leotard	g	1203
parrot	g	1203
zaku_ii	c	1203
bowler_hat	g	1202
houndstooth	g	1202
strawberry_panties	g	1202
sugiura_ayano	c	1202
worm	g	1202
yellow_armband	g	1202
yorumi_rena	c	1202
african_penguin_(kemono_friends)	c	1201
baby_bottle	g	1201
hiiragi_utena	c	1201
kamikita_komari	c	1201
ace_of_spades	g	1200
army	g	1200
gilles_de_rais_(caster)_(fate)	c	1200
holding_briefcase	g	1200
lime_(fruit)	g	1200
sakura_trick	s	1200
@kanduki_kamibukuro	a	1199
anis_(sparkling_summer)_(nikke)	c	1199
shigure_kai_san_(kancolle)	c	1199
fast_food	g	1198
five_nights_at_freddy's	s	1198
grill	g	1198
hair_on_horn	g	1198
hook	g	1198
murata_himeko	c	1198
namazuo_toushirou	c	1198
stats	g	1198
tropical_drink	g	1198
@tomu_(tomubobu)	a	1197
aoyagi_touya	c	1197
aqua_leotard	g	1197
funamusea	s	1197
monkey_boy	g	1197
orange_sailor_collar	g	1197
rising_sun_flag	g	1197
waktaverse	s	1197
wario	c	1197
@ama_mitsuki	a	1196
clapping	g	1196
fishnet_sleeves	g	1196
knife_sheath	g	1196
mari_(headspace)_(omori)	c	1196
nachi_(kancolle)	c	1196
steven_universe	s	1196
stone_stairs	g	1196
afterglow	g	1195
arven_(pokemon)	c	1195
bilingual	g	1195
child's_drawing	g	1195
fiery_tail	g	1195
fur_boots	g	1195
ishuzoku_reviewers	s	1195
roboco-san	c	1195
rosary	g	1195
tama_(kancolle)	c	1195
@oimanji	a	1194
aqua_thighhighs	g	1194
dotted_background	g	1194
red_oni	g	1194
@harada_takehito	a	1193
@kujou_karasuma	a	1193
@pentagon_(railgun_ky1206)	a	1193
left-handed	g	1193
nijisanji_kr	s	1193
paper_stack	g	1193
@kashiwamochi_yomogi	a	1192
@negom	a	1192
eve_(stellar_blade)	c	1192
minamoto_sakura	c	1192
nose_hook	g	1192
overwatch_2	s	1192
sweater_tucked_in	g	1192
wakana_shiki	c	1192
holding_pizza	g	1191
hyacine_(honkai:_star_rail)	c	1191
kozakura_marry	c	1191
mole_on_arm	g	1191
sex_slave	g	1191
swiss_roll	g	1191
you're_doing_it_wrong	g	1191
flygon	c	1190
green_ascot	g	1190
lovebrush_chronicles	s	1190
nearl_(arknights)	c	1190
rx-78-2	c	1190
sailor_saturn	c	1190
senjou_no_valkyria	s	1190
strike_the_blood	s	1190
vivian_(zenless_zone_zero)	c	1190
wu_zetian_(fate)	c	1190
@orphen_(pink_seito)	a	1189
bib	g	1189
borrowed_design	g	1189
character_signature	g	1189
food_stand	g	1189
nagi	c	1189
platinum_(arknights)	c	1189
red_hanfu	g	1189
stuffed_unicorn	g	1189
table_humping	g	1189
white_garter_belt	g	1189
@cottage	a	1188
analog_clock	g	1188
aquarion_(series)	s	1188
changpao	g	1188
china_(hetalia)	c	1188
crowbar	g	1188
miside	s	1188
wa_lolita	g	1188
ad	g	1187
art_tools_in_frame	g	1187
ferret	g	1187
fubuki_kai_ni_(kancolle)	c	1187
occultic;nine	s	1187
pelt	g	1187
rpk-16_(girls'_frontline)	c	1187
sticky_note	g	1187
yui_(angel_beats!)	c	1187
blake_bloom_(wuthering_waves)	g	1186
cat_costume	g	1186
horseshoe	g	1186
single_bare_leg	g	1186
two-tone_necktie	g	1186
unworn_bikini_bottom	g	1186
koishi_day	g	1185
tsuruya	c	1185
@abmayo	a	1184
@koto_inari	a	1184
a_(naruto)	c	1184
beaten	g	1184
bokken	g	1184
holding_drinking_glass	g	1184
key_(company)	s	1184
long_horns	g	1184
mawaru_penguindrum	s	1184
@kazuma_muramasa	a	1183
disposable_coffee_cup	g	1183
guts_(berserk)	c	1183
hau_(pokemon)	c	1183
lightning_bolt_print	g	1183
mole_on_collarbone	g	1183
strapless_one-piece_swimsuit	g	1183
milky_way	g	1182
muffin_top	g	1182
blue_wrist_cuffs	g	1181
finger_to_another's_mouth	g	1181
painttool_sai_(medium)	m	1181
band_uniform	g	1180
crossdressing_(mtf)	g	1180
inflatable_raft	g	1180
log_pose	g	1180
purple_armor	g	1180
sidesaddle	g	1180
text_messaging	g	1180
wrestle_angels	s	1180
@mota	a	1179
detached_hair	g	1179
dota_(series)	s	1179
frankenstein's_monster_(fate)	c	1179
ichijou_ririka	c	1179
panels	g	1179
sendai_hakurei_no_miko	c	1179
shiraishi_an	c	1179
@zanntetu	a	1178
fortnite	s	1178
lulu_(league_of_legends)	c	1178
merchandise	g	1178
@kazenokaze	a	1177
gangut_(kancolle)	c	1177
glock	g	1177
goblin_male	g	1177
lunamaria_hawke	c	1177
maya_fey	c	1177
midare_toushirou	c	1177
valkyrie_drive	s	1177
@bigrbear	a	1176
@pokemoa	a	1176
gigantic_penis	g	1176
license_plate	g	1176
mochizuki_anna	c	1176
nishida_satono	c	1176
watatsuki_no_toyohime	c	1176
weights	g	1176
wii_fit	s	1176
arcaea	s	1175
green_fire	g	1175
hozuki_momiji	c	1175
kasumigaoka_utaha	c	1175
nib_pen_(object)	g	1175
pixiv_fantasia_last_saga	s	1175
@fumio_(ura_fmo)	a	1174
alina_gray	c	1174
dog_nose	g	1174
hei_(darker_than_black)	c	1174
latios	c	1174
venusaur	c	1174
@gaston18	a	1173
bathrobe	g	1173
elephant	g	1173
kazagumo_(kancolle)	c	1173
noctis_lucis_caelum	c	1173
steak	g	1173
duckling	g	1172
@revolverwing	a	1171
clock_eyes	g	1171
hand_wraps	g	1171
master_detective_archives:_rain_code	s	1171
mukai_takumi	c	1171
nyaan_(gundam_gquuuuuux)	c	1171
yes!_precure_5_gogo!	s	1171
@elf_(stroll_in_the_woods)	a	1170
@emily_(pure_dream)	a	1170
@kaisen_chuui	a	1170
arashi_(kancolle)	c	1170
artist_collaboration	m	1170
gundam_seed_freedom	s	1170
pokemon_conquest	s	1170
puppy	g	1170
rodion_(project_moon)	c	1170
@yamane_masahiro	a	1169
blinking	g	1169
cola	g	1169
henshin	g	1169
holding_magnifying_glass	g	1169
berserker_(fate/zero)	c	1168
jouga_maya	c	1168
pokemon_bw_(anime)	s	1168
shirt_under_dress	g	1168
torn_coat	g	1168
airship	g	1167
corin_wickes	c	1167
katsuragi_lilja	c	1167
prisoner	g	1167
sick	g	1167
swire_(arknights)	c	1167
tingyun_(honkai:_star_rail)	c	1167
toyokawa_fuka	c	1167
@kankan33333	a	1166
akechi_gorou	c	1166
aqua_bra	g	1166
brown_long-eared_bat_(kemono_friends)	c	1166
mutual_hug	g	1166
otome_ga_tsumugu_koi_no_canvas	s	1166
@kawanuma_uotsuri	a	1165
hedgehog_girl	g	1165
selvaria_bles	c	1165
wii_fit_trainer	c	1165
@cato_(monocatienus)	a	1164
angora_rabbit	g	1164
cat_mask	g	1164
raiden_mei_(herrscher_of_thunder)	c	1164
youtube	s	1164
@loliconder	a	1163
magatsuchi_shouta	c	1163
penis_on_ass	g	1163
soulcalibur_iv	s	1163
tantei_opera_milky_holmes	s	1163
tokyo_ghoul:re	s	1163
@hotathino	a	1162
ibuki_(street_fighter)	c	1162
maoyuu_maou_yuusha	s	1162
miyako_(hidamari_sketch)	c	1162
bass_clef	g	1161
brown_sandals	g	1161
ghislaine_dedoldia	c	1161
kazusa_(band)_(blue_archive)	c	1161
koromon	c	1161
multicolored_scarf	g	1161
pier	g	1161
aisha_landar	c	1160
erect!	s	1160
floyd_leech	c	1160
paint_on_clothes	g	1160
tearing_clothes	g	1160
torn_wings	g	1160
abuse	g	1159
black_swim_trunks	g	1159
holding_cross	g	1159
melon_bread	g	1159
nipple_rub	g	1159
tantou	g	1159
character_age	g	1158
kanbaru_suruga	c	1158
onion	g	1158
pointy_breasts	g	1158
yamagishi_fuuka	c	1158
asa_no_ha_(pattern)	g	1157
dan_heng_(imbibitor_lunae)_(honkai:_star_rail)	c	1157
glansjob	g	1157
holding_pole	g	1157
fu_xuan_(honkai:_star_rail)	c	1156
thermos	g	1156
alice_soft	s	1155
bath_stool	g	1155
champion_uniform	g	1155
christmas_stocking	g	1155
kimi_kiss	s	1155
layla_(genshin_impact)	c	1155
mahou_shoujo_ikusei_keikaku	s	1155
mejiro_palmer_(umamusume)	c	1155
pelvic_curtain_lift	g	1155
ulti_(one_piece)	c	1155
western	g	1155
<|>_<|>	g	1154
07th_expansion	s	1154
curled_up	g	1154
diamond_earrings	g	1154
flower_in_eye	g	1154
kodomo_no_jikan	s	1154
squeezing	g	1154
wringing_clothes	g	1154
2006	g	1153
arachne	g	1153
broken_mirror	g	1153
cigarette_pack	g	1153
grey_cloak	g	1153
i-no	c	1153
kairi_(kingdom_hearts)	c	1153
oribe_yasuna	c	1153
sister_princess	s	1153
uta_no_prince-sama	s	1153
zaku	c	1153
@ryoji_(nomura_ryouji)	a	1152
blowing	g	1152
bulletin_board	g	1152
cracked_floor	g	1152
honebami_toushirou	c	1152
the_legend_of_korra	s	1152
@kemachiku	a	1151
@lpip	a	1151
offmon	c	1151
verxina_(umamusume)	c	1151
@kanzakietc	a	1150
@lack	a	1150
@rino_cnc	a	1150
beans	g	1150
casting_spell	g	1150
cure_beauty	c	1150
morgana_(persona_5)	c	1150
sailor_chibi_moon	c	1150
yamashiro_(azur_lane)	c	1150
@kirishima_satoshi	a	1149
coconut_tree	g	1149
flcl	s	1149
fuecoco	c	1149
huge_pectorals	g	1149
peni_parker	c	1149
@jadenkaiba	a	1148
backless_panties	g	1148
holding_with_tail	g	1148
magic_knight_rayearth	s	1148
@komusou_(jinrikisha)	a	1147
|d	g	1147
2b_(nier:automata)_(cosplay)	g	1147
ciel_phantomhive	c	1147
crane_(animal)	g	1147
floral_print_bikini	g	1147
holding_fish	g	1147
tongs	g	1147
vacuum_cleaner	g	1147
yuni_(princess_connect!)	c	1147
air_shakur_(umamusume)	c	1146
cellphone_charm	g	1146
ditto	c	1146
holding_glowstick	g	1146
jun'you_(kancolle)	c	1146
twitter_x_logo	g	1146
zero_no_kiseki	s	1146
cat_on_shoulder	g	1145
clog_sandals	g	1145
floating_book	g	1145
groom	g	1145
orange_horns	g	1145
patterned	g	1145
pink_wrist_cuffs	g	1145
purple_border	g	1145
saijo_juri	c	1145
yamper	c	1145
@chiri_(atlanta)	a	1144
anchor_choker	g	1144
heart-shaped_eyes	g	1144
holding_mirror	g	1144
scaramouche_(cat)_(genshin_impact)	c	1144
titan_(shingeki_no_kyojin)	c	1144
amazon_(dragon's_crown)	c	1143
bikini_under_shorts	g	1143
bradamante_(fate)	c	1143
double_vertical_stripe	g	1143
dragon_quest_ii	s	1143
fallout_(series)	s	1143
saijou_claudine	c	1143
teireida_mai	c	1143
ukinami_yuzuha	c	1143
armbinder	g	1142
clown_nose	g	1142
crawling	g	1142
head_bump	g	1142
maken-ki!	s	1142
splatoon_2:_octo_expansion	s	1142
vanishing_point	g	1142
@colorful_palette	a	1141
duel_masters	s	1141
rosario+vampire	s	1141
hat_belt	g	1140
huge_dildo	g	1140
ichigo_(darling_in_the_franxx)	c	1140
karaoke	g	1140
lace-trimmed_shirt	g	1140
last_defense_academy_school_uniform	g	1140
noses_touching	g	1140
shin_megami_tensei_v	s	1140
@eudetenis	a	1139
ghost_pose	g	1139
manatsu_no_yo_no_inmu	s	1139
popped_button	g	1139
susie_(deltarune)	c	1139
@shouna_mitsuishi	a	1138
gradient_horns	g	1138
li_huowang	c	1138
lipstick_mark_on_penis	g	1138
martial_arts	g	1138
multi-strapped_panties	g	1138
shirayuki_(kancolle)	c	1138
chastity_belt	g	1137
pinstripe_dress	g	1137
@tanabe_(fueisei)	a	1136
clothes_tug	g	1136
gregor_(project_moon)	c	1136
horn_ring	g	1136
kinich_(genshin_impact)	c	1136
pokemon_usum	s	1136
pregnancy_test	g	1136
trap_on_trap	g	1136
wrapped_candy	g	1136
@kuavera	a	1135
@niwarhythm	a	1135
dragon_ball_super_super_hero	s	1135
holding_plant	g	1135
japan	g	1135
maru-yu_(kancolle)	c	1135
after_bathing	g	1134
alice_thymefield	c	1134
kadokawa_shoten	s	1134
ogata_hyakunosuke	c	1134
very_long_beard	g	1134
@chan_co	a	1133
@okina_ika	a	1133
biwa_hayahide_(umamusume)	c	1133
flannery_(pokemon)	c	1133
invisible	g	1133
marking_on_cheek	g	1133
predicament_bondage	g	1133
@jtveemo	a	1132
@ponpu_(pumpkinsinclair)	a	1132
cracked_glass	g	1132
sugimoto_saichi	c	1132
@huke	a	1131
@kouji_(campus_life)	a	1131
ib_(ib)	c	1131
snow_rabbit	g	1131
unicorn_overlord	s	1131
@itto_(mentaiko)	a	1130
@niwatazumi	a	1130
assam_(girls_und_panzer)	c	1130
damian_desmond	c	1130
jacket_over_hoodie	g	1130
jingei_(kancolle)	c	1130
k1-b0	c	1130
may_(pokemon_oras)	c	1130
salad	g	1130
vulpisfoglia_(arknights)	c	1130
@akitsuki_karasu	a	1129
assassin_cross_(ragnarok_online)	c	1129
chito_(shoujo_shuumatsu_ryokou)	c	1129
white_sarong	g	1129
blue_male_underwear	g	1128
fanged_bangs	g	1128
game_boy	g	1128
i-26_(kancolle)	c	1128
izumi-no-kami_kanesada	c	1128
monsterverse	s	1128
pink_tank_top	g	1128
transparent_censoring	g	1128
@takeda_hiromitsu	a	1127
@unfairr	a	1127
powering_up	g	1127
purple_cloak	g	1127
st._louis_(luxurious_wheels)_(azur_lane)	c	1127
storefront	g	1127
waddle_dee	c	1127
watermark_grid	g	1127
asaba_harumasa	c	1126
brown_lips	g	1126
enemy_lifebuoy_(kancolle)	c	1126
furret	c	1126
purple_tabard	g	1126
uchiha_itachi	c	1126
@syhan	a	1125
blue_sports_bra	g	1125
euryale_(fate)	c	1125
helm_(nikke)	c	1125
honeycomb_background	g	1125
katsuragi_(kancolle)	c	1125
knuckles_the_echidna	c	1125
yokoyama_nao	c	1125
@bokuman	a	1124
2007	g	1124
inline_skates	g	1124
@artanis69	a	1123
@mikanberry	a	1123
bc_freedom_military_uniform	g	1123
black_heart_(neptunia)	c	1123
black_souls	s	1123
butterfly_ornament	g	1123
covered_testicles	g	1123
crocodile_(one_piece)	c	1123
electric_plug	g	1123
hinomoto_akari	c	1123
holding_breath	g	1123
ifrit_(arknights)	c	1123
jimiko	g	1123
lugia	c	1123
two-tone_pants	g	1123
@kichihachi	a	1122
@lamb-oic029	a	1122
angoramon	c	1122
azusawa_kohane	c	1122
eden's_zero	s	1122
grey_cat	g	1122
hare_(blue_archive)	c	1122
holding_skewer	g	1122
anegasaki_nene	c	1121
cloud_nine_inc	s	1121
devil_may_cry_3	s	1121
natsu_megumi	c	1121
@the_dark_mangaka	a	1120
columbina_(genshin_impact)	c	1120
frilled_armband	g	1120
mismagius	c	1120
nearly_naked_apron	g	1120
tendou_maya	c	1120
vane_(granblue_fantasy)	c	1120
@ootomo_takuji	a	1119
cream_on_face	g	1119
hanten_(clothes)	g	1119
niconico	s	1119
pill_earrings	g	1119
pramanix_(arknights)	c	1119
silent_hill	s	1119
yuuri_(shoujo_shuumatsu_ryokou)	c	1119
@kashu_(hizake)	a	1118
handjob_gesture	g	1118
heads-up_display	g	1118
orange_ascot	g	1118
skirk_(genshin_impact)	c	1118
whiskey	g	1118
@marushin_(denwa0214)	a	1117
elevator	g	1117
glaive_(polearm)	g	1117
hisui_(tsukihime)	c	1117
keyblade	g	1117
pumpkin_hair_ornament	g	1117
tyrannosaurus_rex	g	1117
artoria_pendragon_(alter_swimsuit_rider)_(second_ascension)_(fate)	c	1116
mizuki_(arknights)	c	1116
sakura_(fire_emblem)	c	1116
surcoat	g	1116
tenten_(naruto)	c	1116
hornet_(kancolle)	c	1115
nui_sociere	c	1115
sakamata_chloe_(1st_costume)	c	1115
@aoki_(fumomo)	a	1114
@blue-senpai	a	1114
@sakiyamama	a	1114
2koma	g	1114
chessboard	g	1114
floral_print_dress	g	1114
indie_utaite	s	1114
maple_leaf_print	g	1114
sandalphon_(granblue_fantasy)	c	1114
volcano	g	1114
akane_(bunny)_(blue_archive)	c	1113
busujima_saeko	c	1113
spiked_pauldrons	g	1113
alphonse_elric	c	1112
camisole_lift	g	1112
cosmog	c	1112
danua	c	1112
drum_magazine	g	1112
face_down	g	1112
gundam_0080	s	1112
kawashima_momo	c	1112
olimar	c	1112
incoming_hug	g	1111
eri_(blue_archive)	c	1110
green_robe	g	1110
high_wizard_(ragnarok_online)	c	1110
thoma_(genshin_impact)	c	1110
@riichu	a	1109
aragaki_ayase	c	1109
elbow_on_knee	g	1109
haunter	c	1109
mizuno_ai	c	1109
nakiri_ayame_(1st_costume)	c	1109
nanashi_mumei_(1st_costume)	c	1109
single_arm_warmer	g	1109
canopy_bed	g	1108
chess	g	1108
fiammetta_(arknights)	c	1108
fio_germi	c	1108
grave	g	1108
kefla_(dragon_ball)	c	1108
penis_shadow	g	1108
tape_on_nipples	g	1108
@enigi09	a	1107
@koyorin	a	1107
amagi_(azur_lane)	c	1107
bad_perspective	m	1107
super_pochaco	c	1107
wicke_(pokemon)	c	1107
chuunibyou	g	1106
flying_paper	g	1106
green_feathers	g	1106
metroid_(creature)	c	1106
scathach_(swimsuit_assassin)_(fate)	c	1106
ui_(swimsuit)_(blue_archive)	c	1106
yuna	c	1106
akira_(blue_archive)	c	1105
hibari_(senran_kagura)	c	1105
looking_at_hand	g	1105
resident_evil_4_(remake)	s	1105
rupa_(girls_band_cry)	c	1105
star-shaped_eyewear	g	1105
alpaca_suri_(kemono_friends)	c	1104
choujikuu_yousai_macross	s	1104
dock	g	1104
france_(hetalia)	c	1104
hands_on_another's_waist	g	1104
julia_(fire_emblem)	c	1104
o-ring_swimsuit	g	1104
plaid_ribbon	g	1104
shizuka_rin	c	1104
tsurumaki_kokoro	c	1104
type_95_(girls'_frontline)	c	1104
white_tunic	g	1104
yamada_elf	c	1104
glitter	g	1103
len_(tsukihime)	c	1103
one_piece_card_game	s	1103
rei_no_pool	g	1103
resident_evil_5	s	1103
sawa_azusa	c	1103
theresa_(arknights)	c	1103
absolutely_everyone	g	1102
kanbara_takuya	c	1102
kupaa	g	1102
two-tone_veil	g	1102
checkered_sash	g	1101
eye_reflection	g	1101
game_screenshot_inset	g	1101
kenmochi_touya	c	1101
ketchup_bottle	g	1101
prison_school	s	1101
shikanoin_heizou	c	1101
wyvern	g	1101
@obiwan	a	1100
araragi_tsukihi	c	1100
asahina_aoi	c	1100
green_tea	g	1100
nail_bat	g	1100
shopping_cart	g	1100
tracen_swimsuit	g	1100
@daiaru	a	1099
@hajime_shindo	a	1099
@jun_(navigavi)	a	1099
@kalruna	a	1099
@yomu_(sgt_epper)	a	1099
ebizuka_tomo	c	1099
elden_ring_nightreign	s	1099
kasaki_nozomi	c	1099
mermaid_melody_pichi_pichi_pitch	s	1099
oversized_breast_cup	g	1099
sparse_stubble	g	1099
unworn_necktie	g	1099
usada_hikaru	c	1099
wallpaper_(object)	g	1099
butterfly-shaped_pupils	g	1098
dokibird_(vtuber)	c	1098
gundam_age	s	1098
record	g	1098
tsugu_(vtuber)	s	1098
wet_towel	g	1098
@em_(totsuzen_no_hakike)	a	1097
carousel	g	1097
echidna_(re:zero)	c	1097
froggy_nun_(diva)	c	1097
gate_-_jieitai_ka_no_chi_nite_kaku_tatakaeri	s	1097
holding_necklace	g	1097
makeup_brush	g	1097
red_male_underwear	g	1097
tweaking_own_nipple	g	1097
ashtray	g	1096
boxing_ring	g	1096
child_carry	g	1096
dokugamine_riruka	c	1096
hatchet	g	1096
kasuga_ayumu	c	1096
lacey_(pokemon)	c	1096
meursault_(project_moon)	c	1096
missing_limb	g	1096
open_shoes	g	1096
see-through_bodysuit	g	1096
single_tear	g	1096
@jabara_tornado	a	1095
candice_(pokemon)	c	1095
coin_hair_ornament	g	1095
crotch_grab	g	1095
folded_hair	g	1095
h&k_ump	g	1095
hand_on_another's_ear	g	1095
holding_own_leg	g	1095
hollow_knight	s	1095
kadokawa	s	1095
mane	g	1095
sweep_tosho_(umamusume)	c	1095
yes	g	1095
hogwarts_school_uniform	g	1094
kirby_64	s	1094
orange_headband	g	1094
robin_(dc)	c	1094
unworn_bikini	g	1094
white_eyelashes	g	1094
@eto	a	1093
@jazz_jack	a	1093
@moke_ro	a	1093
cafe_stella_to_shinigami_no_chou	s	1093
cerise_bouquet	g	1093
holding_spatula	g	1093
kuga_valencia_reiri	c	1093
lightning_bolt_hair_ornament	g	1093
misaki_(blue_archive)	c	1093
tiki_(adult)_(fire_emblem)	c	1093
white_pajamas	g	1093
crotch_kick	g	1092
dullahan	g	1092
emotionless_sex	g	1092
eva_01	c	1092
little_witch_nobeta	s	1092
pagoda	g	1092
pink_track_suit	g	1092
smoking_gun	g	1092
spoken_expression	g	1092
@randomboobguy	a	1091
aqua_sleeves	g	1091
beer_bottle	g	1091
colored_speech_bubble	g	1091
dhole_(kemono_friends)	c	1091
digimon_adventure_tri.	s	1091
ivy	g	1091
pharah_(overwatch)	c	1091
sewayaki_kitsune_no_senko-san	s	1091
@bee_(deadflow)	a	1090
@usa37107692	a	1090
in_the_face	g	1090
ky_kiske	c	1090
monster_musume_no_iru_nichijou_online	s	1090
pinstripe_pants	g	1090
possession	g	1090
simplified_chinese_text	g	1090
tsushima_(kancolle)	c	1090
head_on_head	g	1089
hole	g	1089
kooh	c	1089
kuromorimine_school_uniform	g	1089
misaka_imouto	c	1089
nippon_professional_baseball	s	1089
northern_white-faced_owl_(kemono_friends)	c	1089
pekomon_(usada_pekora)	c	1089
platelet_(hataraku_saibou)	c	1089
sd_gundam	s	1089
snorlax	c	1089
surfing	g	1089
@kishi	a	1088
@nii_manabu	a	1088
alena_(dq4)	c	1088
cooperative_handjob	g	1088
cure_melody	c	1088
fire_emblem:_thracia_776	s	1088
holding_swimsuit	g	1088
kanae_(nijisanji)	c	1088
keep_out	g	1088
pleated_shorts	g	1088
@rokuwata_tomoe	a	1087
covering_one_breast	g	1087
holding_map	g	1087
penis_milking	g	1087
personality_switch	g	1087
skirt_flip	g	1087
aura_(sousou_no_frieren)	c	1086
ball_and_chain_restraint	g	1086
croissant	g	1086
joystick	g	1086
pink_sweater_vest	g	1086
@lindaroze	a	1085
blue_streaks	g	1085
box_art	g	1085
cure_peach	c	1085
ferry_(granblue_fantasy)	c	1085
frilled_umbrella	g	1085
fur_shawl	g	1085
furudo_erika	c	1085
huang_baoling	c	1085
joseph_joestar_(old)	c	1085
lightning_bolt	g	1085
merlin_(fate)	c	1085
momo_(nikki)	c	1085
persona_3_reload	s	1085
@hoshizuki_(seigetsu)	a	1084
@kopaka_(karda_nui)	a	1084
amuro_ray	c	1084
ankle_bow	g	1084
aqua_(kingdom_hearts)	c	1084
banchou	g	1084
elf-san_wa_yaserarenai.	s	1084
seatbelt	g	1084
sylvain_jose_gautier	c	1084
thighhighs_over_pantyhose	g	1084
tohsaka_tokiomi	c	1084
@kawashina_(momen_silicon)	a	1083
@nishieda	a	1083
@obui	a	1083
breath_weapon	g	1083
hishi_miracle_(umamusume)	c	1083
lyre	g	1083
nanami_yachiyo	c	1083
the_elder_scrolls	s	1083
@zen	a	1082
mononoke_hime	s	1082
okamisty	c	1082
texas_the_omertosa_(arknights)	c	1082
wizarmon	c	1082
@liya	a	1081
@yuuki_hagure	a	1081
7th_dragon	s	1081
guido_mista	c	1081
model	g	1081
brazil	g	1080
drifloon	c	1080
ivysaur	c	1080
wii_fit_trainer_(female)	c	1080
@misumi_(macaroni)	a	1079
@natsume_eri	a	1079
@tofuubear	a	1079
brown_neckerchief	g	1079
bud	g	1079
grid	g	1079
holding_shirt	g	1079
onbashira	g	1079
pink_sclera	g	1079
varesa_(genshin_impact)	c	1079
@kanpa_(campagne_9)	a	1078
@youko-shima	a	1078
dragonfly	g	1078
medjed_(fate)	c	1078
menu_board	g	1078
@umanosuke	a	1077
backbeako	c	1077
black_package	s	1077
extra_penises	g	1077
no_eyepatch	g	1077
slaine_troyard	c	1077
white_day	g	1077
@ulrich_(tagaragakuin)	a	1076
cure_happy	c	1076
licking_testicle	g	1076
martina_(dq11)	c	1076
seele_(alter_ego)	c	1076
@chamchami	a	1075
abandoned	g	1075
arcanine	c	1075
body_horror	g	1075
facing_down	g	1075
gesture	g	1075
hatterene	c	1075
hymen	g	1075
jasmine_(pokemon)	c	1075
marshmallow	g	1075
penlight_(glowstick)	g	1075
radish	g	1075
silver_dress	g	1075
soraka_(league_of_legends)	c	1075
stitched_torso	g	1075
@mitsumi_misato	a	1074
crescent_necklace	g	1074
criss-cross_straps	g	1074
helluva_boss	s	1074
larcei_(fire_emblem)	c	1074
mount_fuji	g	1074
nico_nico_nii	g	1074
@7010	a	1073
@do_m_kaeru	a	1073
holding_key	g	1073
knight_(chess)	g	1073
mita_(miside)	c	1073
monk	g	1073
monster_girl_encyclopedia_ii	s	1073
scar_on_shoulder	g	1073
wallet	g	1073
webp-to-png_conversion	m	1073
@takeuchi_ryousuke	a	1072
alcremie	c	1072
carpaccio_(girls_und_panzer)	c	1072
crotch_zipper	g	1072
miyamoto_musashi_(swimsuit_berserker)_(second_ascension)_(fate)	c	1072
title_parody	g	1072
two-sided_skirt	g	1072
@kiritto	a	1071
@puripuri_jet	a	1071
bandaged_fingers	g	1071
black_pouch	g	1071
holding_dress	g	1071
implied_kiss	g	1071
infinity_symbol	g	1071
micro_bra	g	1071
@fkey	a	1070
@meyoco	a	1070
@mina_cream	a	1070
@shin'ya_(shin'yanchi)	a	1070
beige_jacket	g	1070
kondou_taeko	c	1070
miyamizu_mitsuha	c	1070
nyarlathotep_(nyaruko-san)	c	1070
terry_bogard	c	1070
theft	g	1070
@eromame	a	1069
bear_hood	g	1069
blue_pubic_hair	g	1069
maomao_(kusuriya_no_hitorigoto)	c	1069
orange_choker	g	1069
shirogane_tsumugi	c	1069
spoken_food	g	1069
@cluseller	a	1068
@seo_tatsuya	a	1068
@shengtian	a	1068
intrepid_(kancolle)	c	1068
juufuutei_raden	c	1068
kanzuki_karin	c	1068
muten_roushi	c	1068
riolu	c	1068
taihou_(enraptured_companion)_(azur_lane)	c	1068
battleship_princess	c	1067
fami_(chainsaw_man)	c	1067
flight_attendant	g	1067
petrification	g	1067
pyramid_(structure)	g	1067
sawamura_spencer_eriri	c	1067
velvet_crowe	c	1067
anal_fluid	g	1066
digimon_xros_wars:_toki_wo_kakeru_shounen_hunter-tachi	s	1066
kuonji_ukyou	c	1066
maruzensky_(umamusume)	c	1066
self_breast_sucking	g	1066
shaymin	c	1066
yozora_mel	c	1066
himouto!_umaru-chan	s	1065
horn_flower	g	1065
lyria_(granblue_fantasy)	c	1065
rurouni_kenshin	s	1065
shirt_around_waist	g	1065
something_(omori)	c	1065
torn_cloak	g	1065
witchblade	s	1065
@92m	a	1064
@tenken_(gotannda)	a	1064
bandaid_on_neck	g	1064
clothesline	g	1064
cure_march	c	1064
futari_wa_precure_splash_star	s	1064
musket	g	1064
note	g	1064
octopath_traveler	s	1064
shield_on_back	g	1064
tokyo_mew_mew	s	1064
@cedar_(cedar_japonica)	a	1063
@umigarasu_(kitsune1963)	a	1063
aestus_estus	g	1063
coat_partially_removed	g	1063
copano_rickey_(umamusume)	c	1063
iino_miko	c	1063
lace_sleeves	g	1063
orihara_izaya	c	1063
prinz_eugen_(unfading_smile)_(azur_lane)	c	1063
prison_cell	g	1063
spitting	g	1063
stained_clothes	g	1063
sunrise_(company)	s	1063
37_(reverse:1999)	c	1062
bloodshot_eyes	g	1062
brown_halo	g	1062
dota_2	s	1062
hagakure_tooru	c	1062
roy_(fire_emblem)	c	1062
tenshi_souzou_re-boot!	s	1062
cerberus_(helltaker)	c	1061
eunectes_(arknights)	c	1061
guest_art	g	1061
hourai_doll	c	1061
idol_corp	s	1061
makoto_(street_fighter)	c	1061
ogata_chieri	c	1061
shoejob	g	1061
stuffed_winged_unicorn	g	1061
team_skull	g	1061
grey_bag	g	1060
kohinata_miku	c	1060
nina_(fire_emblem)	c	1060
phrolova_(wuthering_waves)	c	1060
platinum_the_trinity	c	1060
player_2	g	1060
united_states	g	1060
black_jumpsuit	g	1059
dress_swimsuit	g	1059
elena_(street_fighter)	c	1059
ichinose_uruha	c	1059
official_alternate_eye_color	g	1059
sickle	g	1059
@meremero	a	1058
9-nine-	s	1058
bandaid_on_head	g	1058
black_vs_white	g	1058
hayasui_(kancolle)	c	1058
missing_commentary	g	1058
searchlight	g	1058
team_magma	g	1058
umamusume:_cinderella_gray	s	1058
aqua_shorts	g	1057
detexted	m	1057
hooded_track_jacket	g	1057
male_underwear_peek	g	1057
shaman_king	s	1057
accident	g	1056
agatsuma_zenitsu	c	1056
cauldron	g	1056
cobblestone	g	1056
imai_lisa	c	1056
lady_(devil_may_cry)	c	1056
tomimi_(arknights)	c	1056
trash	g	1056
debt	g	1055
delphox	c	1055
fushiguro_touji	c	1055
hatsukaze_(kancolle)	c	1055
producer_(idolmaster_cinderella_girls_anime)	c	1055
reshiram	c	1055
@shichimenchou	a	1054
arthur_pendragon_(fate)	c	1054
broken_armor	g	1054
dongtan_dress	g	1054
kizumonogatari	s	1054
logo_parody	g	1054
peacock_(skullgirls)	c	1054
shouhou_(kancolle)	c	1054
st._gloriana's_(emblem)	g	1054
sweet_lolita	g	1054
tennis	g	1054
duct_tape	g	1053
hanging_light	g	1053
mega_stone	g	1053
removing_jacket	g	1053
resident_evil_6	s	1053
volleyball_net	g	1053
zabuton	g	1053
@criis-chan	a	1052
@whoosaku	a	1052
capcom_fighting_jam	s	1052
mint_fantome	c	1052
panicking	g	1052
pp_disk	s	1052
saki_(swimsuit)_(blue_archive)	c	1052
torn_bike_shorts	g	1052
weapon_case	g	1052
cure_pine	c	1051
detached_leggings	g	1051
laura_bodewig	c	1051
prinny	c	1051
rosemon	c	1051
suicide	g	1051
@ru_zhai	a	1050
@scottie_(phantom2)	a	1050
elesis_(elsword)	c	1050
gwen_tennyson	c	1050
honoka_(doa)	c	1050
jessica_(arknights)	c	1050
jing_yuan	c	1050
mud	g	1050
saru_getchu	s	1050
@foxyreine	a	1049
double_breast_sucking	g	1049
gamera_(series)	s	1049
hero's_daughter_(dq5)	c	1049
severed_limb	g	1049
the_loud_house	s	1049
tsuujou_kougeki_ga_zentai_kougeki_de_ni-kai_kougeki_no_okaasan_wa_suki_desu_ka?	s	1049
@coroha	a	1048
5pb.	s	1048
against_fourth_wall	g	1048
breath_of_fire_ii	s	1048
covering_another's_eyes	g	1048
higurashi_kagome	c	1048
purple_trim	g	1048
rei_(pokemon)	c	1048
shiina_mayuri	c	1048
spines	g	1048
tanaka_kotoha	c	1048
@minato_ojitan	a	1047
aquarion_evol	s	1047
cross-laced_legwear	g	1047
dissolving	g	1047
flying_fish	g	1047
hat_tassel	g	1047
holding_toothbrush	g	1047
holding_whisk	g	1047
lance_(pokemon)	c	1047
oda_nobukatsu_(fate)	c	1047
red_pubic_hair	g	1047
atelier_sophie	s	1046
blue_sarong	g	1046
chrono_(series)	s	1046
food_art	g	1046
frilled_wristband	g	1046
luka_(mon-musu_quest!)	c	1046
million_arthur_(series)	s	1046
scanty_(psg)	c	1046
visual_novel	g	1046
@6_(yuchae)	a	1045
@kakure_eria	a	1045
@sugimura_tomokazu	a	1045
asagumo_(kancolle)	c	1045
extra_faces	g	1045
guzma_(pokemon)	c	1045
high_heel_sandals	g	1045
musashi_(azur_lane)	c	1045
poptepipic	s	1045
precum_string	g	1045
raimon_soccer_uniform	g	1045
rou-kyuu-bu!	s	1045
screenshot_redraw	m	1045
breasts_on_table	g	1044
diego_brando	c	1044
first_aid_kit	g	1044
guardian_tales	s	1044
hand_on_forehead	g	1044
kaai_yuki	c	1044
pushing	g	1044
siberian_chipmunk_(kemono_friends)	c	1044
surprise_kiss	g	1044
yomi_(senran_kagura)	c	1044
@kuro_kosyou	a	1043
@magentapeel	a	1043
ceras_yanagida_lilienfeld	c	1043
felix_hugo_fraldarius	c	1043
guard_rail	g	1043
sailor_uranus	c	1043
@aztodio	a	1042
@murata_range	a	1042
dollchestra	g	1042
fake_magazine_cover	g	1042
fingersmile	g	1042
genderswap_(otf)	g	1042
kamiyama_high_school_uniform_(project_sekai)	g	1042
lower_eyelashes_only	g	1042
satake_minako	c	1042
tensei_oujo_to_tensai_reijou_no_mahou_kakumei	s	1042
alpaca_ears	g	1041
drawn_whiskers	g	1041
maikaze_(kancolle)	c	1041
seikon_no_qwaser	s	1041
fleur_de_lapin_uniform	g	1040
half-skirt	g	1040
ibuki_fuuko	c	1040
kitashirakawa_tamako	c	1040
maji_de_watashi_ni_koi_shinasai!	s	1040
one_leg_raised	g	1040
tear_grants	c	1040
@annin_musou	a	1039
@inaba_shiki	a	1039
@sakurazawa_izumi	a	1039
@zunusama	a	1039
>:<	g	1039
after_masturbation	g	1039
arm_over_head	g	1039
cum_on_back	g	1039
employee_(project_moon)	c	1039
fatal_frame	s	1039
fear_&_hunger_2:_termina	s	1039
omikuji	g	1039
satanichia_kurumizawa_mcdowell	c	1039
@ichimi	a	1038
clarisse_(granblue_fantasy)	c	1038
folder	g	1038
fuji_kiseki_(umamusume)	c	1038
incoming_kiss	g	1038
kazemaru_ichirouta	c	1038
kousaka_kyousuke	c	1038
negative_space	g	1038
sparrow	g	1038
@fu-ta	a	1037
@naruse_mai	a	1037
breast_poke	g	1037
eel	g	1037
futsuu_no_keion-bu	s	1037
glowing_hand	g	1037
grandia	s	1037
izayoi_liko	c	1037
king_dedede	c	1037
megaman.exe	c	1037
orange_bra	g	1037
pulling_another's_clothes	g	1037
sauce	g	1037
serika_(swimsuit)_(blue_archive)	c	1037
sonia_nevermind	c	1037
@mudou_eichi	a	1036
alisa_mikhailovna_kujou	c	1036
cow_costume	g	1036
forked_tail	g	1036
kaibutsu_oujo	s	1036
ogino_chihiro	c	1036
rice_hat	g	1036
akira_(manga)	s	1035
animal_head	g	1035
celebi	c	1035
moon_phases	g	1035
pantyhose_under_swimsuit	g	1035
rounded_corners	g	1035
single-shoulder_shirt	g	1035
aqua_skin	g	1034
artoria_caster_(second_ascension)_(fate)	c	1034
broccoli	g	1034
circle_facial_mark	g	1034
duel	g	1034
koutetsujou_no_kabaneri	s	1034
leonardo_da_vinci_(rider)_(fate)	c	1034
paw_print_pattern	g	1034
zara_(kancolle)	c	1034
@momio	a	1033
miles_edgeworth	c	1033
oversized_limbs	g	1033
zenin_maki	c	1033
@geewhy	a	1032
@stupa13a	a	1032
ayase_seiko	c	1032
blood_on_chest	g	1032
delia_ketchum	c	1032
holding_flute	g	1032
mia_(fire_emblem)	c	1032
ookami_mio_(1st_costume)	c	1032
ryugasaki_rene	c	1032
saionji_hiyoko	c	1032
@hainchu	a	1031
bakugou_mitsuki	c	1031
beyblade	s	1031
chin_rest	g	1031
kuon_(utawarerumono)	c	1031
opened_by_self	g	1031
shirayuki_hime	c	1031
side_up_bun	g	1031
toaru_majutsu_no_index:_new_testament	s	1031
@miyagoe_yoshitsuki	a	1030
crown_hair_ornament	g	1030
hataraku_maou-sama!	s	1030
nursery_rhyme_(fate)	c	1030
shuro_(blue_archive)	c	1030
sunburst_background	g	1030
unohana_retsu	c	1030
@kanabun	a	1029
@qqqrinkappp	a	1029
@torisan	a	1029
edmond_dantes_(fate)	c	1029
hatsushimo_(kancolle)	c	1029
kaela_kovalskia	c	1029
okazaki_yumemi	c	1029
quanxi_(chainsaw_man)	c	1029
scar_on_back	g	1029
shishio_chris	c	1029
final_fantasy_x-2	s	1028
fuuma_kotarou_(taimanin_series)	c	1028
planet_hair_ornament	g	1028
saya_no_uta	s	1028
@exlic	a	1027
between_pectorals	g	1027
broken_window	g	1027
grey_one-piece_swimsuit	g	1027
inkwell	g	1027
kunoichi_tsubaki_no_mune_no_uchi	s	1027
tenma_saki	c	1027
yasogami_school_uniform	g	1027
akatsuki_(naruto)	g	1026
hagoromo_lala	c	1026
love_hina	s	1026
anna_(frozen)	c	1025
camouflage_headwear	g	1025
dr._stone	s	1025
dragon_ball_(object)	g	1025
m1911	g	1025
persona_2	s	1025
saiyan_armor	g	1025
sports_bra_lift	g	1025
tamahaji!_-tamatama_hajikeru_imouto-tachi	s	1025
toshi_densetsu_kaitai_center	s	1025
whip_sword	g	1025
yuri_(angel_beats!)	c	1025
@hekiga_(freelot)	a	1024
bed_frame	g	1024
living_room	g	1024
twirling_hair	g	1024
yellow_camisole	g	1024
battleship	g	1023
gold_belt	g	1023
goutokuji_mike	c	1023
yellow_(pokemon)	c	1023
@774_(nanashi)	a	1022
@iwbitu	a	1022
emmet_(pokemon)	c	1022
fried_chicken	g	1022
ookami_(game)	s	1022
white_streaks	g	1022
cu_chulainn_alter_(fate)	c	1021
end_card	m	1021
high_speed!	s	1021
leonardo_da_vinci_(fate/grand_order)	c	1021
rakuen_tsuihou	s	1021
reigen_arataka	c	1021
@greem_bang	a	1020
blue_corset	g	1020
ice_cream_float	g	1020
kohinata_miho	c	1020
moth_girl	g	1020
panties_around_ankles	g	1020
rice_on_face	g	1020
sphere_hair_ornament	g	1020
taut_leotard	g	1020
tsukumo_yatsuhashi	c	1020
dorothy_(nikke)	c	1019
glory_wall	g	1019
mori_calliope_(1st_costume)	c	1019
stuffed_penguin	g	1019
@hagoonha	a	1018
4-finger_heart_hands	g	1018
butterfly_earrings	g	1018
fiery_wings	g	1018
giratina	c	1018
magical_boy	g	1018
mikuma_(kancolle)	c	1018
orange_rose	g	1018
sakuramon	g	1018
xianyun_(genshin_impact)	c	1018
@aki99	a	1017
maruyama_aya	c	1017
monster_strike	s	1017
subaru_nakajima	c	1017
tales_of_xillia_2	s	1017
the_coffin_of_andy_and_leyley	s	1017
unworn_eyepatch	g	1017
@mika_pikazo	a	1016
harime_nui	c	1016
honda	s	1016
inuyasha_(character)	c	1016
myrrh_(fire_emblem)	c	1016
white_pubic_hair	g	1016
@haru_(nakajou-28)	a	1015
armored_core:_for_answer	s	1015
corsage	g	1015
esdeath	c	1015
hand_on_own_crotch	g	1015
hashtag	g	1015
koisuru_asteroid	s	1015
koukawa_asuka	c	1015
min_min_(arms)	c	1015
pastry_bag	g	1015
penguin_costume	g	1015
short_tail	g	1015
stuffed_panda	g	1015
uryuu_ryuunosuke	c	1015
@shirabi	a	1014
@zyugoya	a	1014
multiple_riders	g	1014
print_sweater	g	1014
@unasaka_ryou	a	1013
distortion	g	1013
dorsiflexion	g	1013
green_bandana	g	1013
hand_on_own_elbow	g	1013
kappa	g	1013
kira_yoshikage	c	1013
octoling_boy	c	1013
standing_missionary	g	1013
@ergot	a	1012
@nyuu_(manekin-eko)	a	1012
dogeza	g	1012
endou_mamoru	c	1012
mega_man_star_force	s	1012
orange_coat	g	1012
peach_hat_ornament	g	1012
utsumi_erice	c	1012
@kusaka_souji	a	1011
@mashiro_yukiya	a	1011
bad_food	g	1011
entangled	g	1011
kurokawa_akane	c	1011
meadow	g	1011
penguin_hood	g	1011
t-head_admiral	c	1011
@kaiman_garupan	a	1010
bemani	s	1010
cleaned	m	1010
midna_(true)	c	1010
dracule_mihawk	c	1009
kel_(headspace)_(omori)	c	1009
ophelia_(fire_emblem)	c	1009
pink_headband	g	1009
sothis_(fire_emblem)	c	1009
yukimura_aoi	c	1009
bache_(azur_lane)	c	1008
hinaichigo	c	1008
nanakusa_nichika	c	1008
vertical-striped_coat	g	1008
wormmon	c	1008
@odawara_hakone	a	1007
armpit_focus	g	1007
ayunda_risu	c	1007
ghost_hair_ornament	g	1007
holding_newspaper	g	1007
medieval	g	1007
yinlin_(wuthering_waves)	c	1007
@ke-ta	a	1006
@takenokoya	a	1006
choke_hold	g	1006
don't_say_"lazy"	s	1006
hand_on_own_forehead	g	1006
nowi_(fire_emblem)	c	1006
whiteboard	g	1006
@shirou_masamune	a	1005
beach_mat	g	1005
bird_mask	g	1005
blue_bird	g	1005
cable_tail	g	1005
drum_(container)	g	1005
friend_(nanashi_mumei)	c	1005
ivy_(fire_emblem)	c	1005
jump_rope	g	1005
see-through_sarong	g	1005
shinonome_nano	c	1005
striped_fur	g	1005
trunks_(future)_(dragon_ball)	c	1005
@adsouto	a	1004
@aruman	a	1004
arcane_jinx	c	1004
courtney_(pokemon)	c	1004
ear_wiggle	g	1004
feater_(arknights)	c	1004
katsuragi_(senran_kagura)	c	1004
maou_(maoyuu)	c	1004
roto_(dq3)	c	1004
bartz_klauser	c	1003
diving	g	1003
french_flag	g	1003
leggings_under_shorts	g	1003
mimosa_vermillion	c	1003
naruko_(naruto)	c	1003
rean_schwarzer	c	1003
red_carpet	g	1003
taiki_shuttle_(umamusume)	c	1003
vertical-striped_socks	g	1003
@hospital_king	a	1002
accel_world	s	1002
elden_ring:_shadow_of_the_erdtree	s	1002
flippers	g	1002
fukuzawa_yumi	c	1002
g'raha_tia	c	1002
izutsumi	c	1002
nayuta_(chainsaw_man)	c	1002
two-tone_sports_bra	g	1002
weasel_tail	g	1002
@kurikara	a	1001
@maruki_(punchiki)	a	1001
angela_balzac	c	1001
ape	g	1001
fist_bump	g	1001
horikawa_kunihiro	c	1001
parasite	g	1001
sakura_chiyono_o_(umamusume)	c	1001
through_screen	g	1001
holding_carton	g	1000
mine_fujiko	c	1000
movie_poster	g	1000
non-human_admiral_(kancolle)	c	1000
tales_of_phantasia	s	1000
venom_(marvel)	c	1000
ankle_wrap	g	999
makai_senki_disgaea_2	s	999
my_melody	c	999
protagonist_3_(housamo)	c	999
riku_(kingdom_hearts)	c	999
saga_(arknights)	c	999
serperior	c	999
teardrop_earrings	g	999
tenjou_utena	c	999
turtleneck_bodysuit	g	999
@koutaro	a	998
@samip	a	998
black_bandana	g	998
daiei_film	s	998
eri_(boku_no_hero_academia)	c	998
grisaia_no_kajitsu	s	998
leaf_umbrella	g	998
long_toenails	g	998
subscribestar_username	g	998
wargreymon	c	998
@maturiuta_sorato	a	997
annette_fantine_dominic	c	997
carrot_lu_angora	c	997
hoshimachi_suisei_(school_uniform)	c	997
machamp	c	997
starfire	c	997
white_bandana	g	997
@oni-noboru	a	996
@oroborus	a	996
@waterring	a	996
devilman	s	996
hakui_koyori_(1st_costume)	c	996
holding_bra	g	996
melina_(elden_ring)	c	996
ring_hair_extensions	g	996
tonari_no_totoro	s	996
@blacknirrow	a	995
@cait_aron	a	995
@yuiga_naoha	a	995
@yuuji_(yukimimi)	a	995
fingers_to_cheeks	g	995
hero_(faraway)_(omori)	c	995
moemon	s	995
reaching_towards_another	g	995
specter_the_unchained_(arknights)	c	995
animal_hair_ornament	g	994
breaking	g	994
fat_rolls	g	994
medaka_box	s	994
sitting_backwards	g	994
beetle	g	993
bismarck_(azur_lane)	c	993
brown_serafuku	g	993
cello	g	993
centipede	g	993
charlotte_pudding	c	993
cum_on_pectorals	g	993
little_red_riding_hood_(grimm)_(cosplay)	g	993
sheik	c	993
shirogane_noel_(1st_costume)	c	993
vegetto	c	993
@rororo	a	992
emolga	c	992
lambdadelta	c	992
long_scarf	g	992
manabe_nodoka	c	992
nowaki_(kancolle)	c	992
playing_piano	g	992
unworn_shoe	g	992
yagate_kimi_ni_naru	s	992
@nardack	a	991
@shinama	a	991
billboard	g	991
kami_jigen_game_neptune_v	s	991
mochimon	c	991
polka_dot_pajamas	g	991
sound_voltex	s	991
breast_padding	g	990
clefairy	c	990
gorilla	g	990
kindred_(league_of_legends)	c	990
metamoran_vest	g	990
optimus_prime	c	990
ryouou_school_uniform	g	990
undone_neck_ribbon	g	990
@gaoo_(frpjx283)	a	989
elvaan	c	989
hero_(headspace)_(omori)	c	989
lycanroc	c	989
on_rock	g	989
pectoral_press	g	989
riza_hawkeye	c	989
splattershot_(splatoon)	g	989
tanemon	c	989
@sawao	a	988
ark_royal_(kancolle)	c	988
karina_lyle	c	988
katsuragi_marina	c	988
@akkijin	a	987
andira_(granblue_fantasy)	c	987
dejiko	c	987
donkey_kong	c	987
greek_toe	g	987
green_trim	g	987
mazinger_(series)	s	987
neferpitou	c	987
aqua_hat	g	986
brass_knuckles	g	986
ciel_(mega_man)	c	986
denonbu	s	986
gainax	s	986
gnosia	s	986
paizuri_invitation	g	986
pauline_(mario)	c	986
running_bond	g	986
@mel_(melty_pot)	a	985
abigail_williams_(traveling_outfit)_(fate)	c	985
bronya_rand	c	985
fate/requiem	s	985
homu_(honkai_impact)	c	985
oosuki_mamako	c	985
plaid_bra	g	985
red_scales	g	985
roundel	g	985
studded_collar	g	985
tucking_hair	g	985
aether_foundation_employee	c	984
hanasato_minori	c	984
kokonoe_rin	c	984
krystal	c	984
sagiri_(kancolle)	c	984
tokoro_megumi	c	984
ghost_(modern_warfare_2)	c	983
horse_boy	g	983
little_boy_admiral_(kancolle)	c	983
monster_focus	g	983
otokura_yuuki	c	983
sekirei	s	983
submission	g	983
the_owl_house	s	983
veiny_hands	g	983
holding_photo	g	982
li_xiaolang	c	982
otter	g	982
p90	g	982
penance_(arknights)	c	982
small_penis_humiliation	g	982
white_bridal_gauntlets	g	982
bravely_default_(series)	s	981
chinese_hairpin	g	981
hands_on_hilt	g	981
heartbeat	g	981
pearl_thong	g	981
print_necktie	g	981
see-through_panties	g	981
sen_no_kiseki_(series)	s	981
wingull	c	981
@jjanda	a	980
hunter_(bloodborne)	c	980
jade_leech	c	980
morrigan_aensland_(cosplay)	g	980
regu_(made_in_abyss)	c	980
@echo_saber	a	979
@satou_kuuki	a	979
aqua_vest	g	979
bandaged_foot	g	979
hole_in_chest	g	979
mitsumine_yuika	c	979
tamura_yuri	c	979
vira_(granblue_fantasy)	c	979
@coffee-kizoku	a	978
@haimura_kiyotaka	a	978
@nishi_koutarou	a	978
@sakuradou	a	978
angel_devil_(chainsaw_man)	c	978
anglerfish	g	978
blazblue:_central_fiction	s	978
doom_(series)	s	978
forced_smile	g	978
glowing_mouth	g	978
mullet	g	978
naganohara_mio	c	978
ribbon-trimmed_headwear	g	978
stirrup_footwear	g	978
vietnamese_dress	g	978
@erere	a	977
cart	g	977
clothes_pin	g	977
neco-arc	c	977
raspberry	g	977
white_rabbit_(alice_in_wonderland)	c	977
wixoss	s	977
@moyoron	a	976
computer_mouse	g	976
keyboard	g	976
mia_taylor	c	976
ribbed_thighhighs	g	976
ribbon_hair	g	976
stiletto_(weapon)	g	976
@satsuyo	a	975
balding	g	975
broccoli_(company)	s	975
ear_chain	g	975
elbow_on_table	g	975
hands_on_own_legs	g	975
saya_(saya_no_uta)	c	975
tented_shirt	g	975
venat_(ff14)	c	975
yuri_plisetsky	c	975
@nanao_naru	a	974
gardenia_(pokemon)	c	974
gold_crown	g	974
heart-shaped_gem	g	974
hedgehog_tail	g	974
knives_between_fingers	g	974
listening_to_music	g	974
otonose_kanade	c	974
@na-ga	a	973
amane_suzuha	c	973
cu_chulainn_(caster)_(fate)	c	973
hair_between_breasts	g	973
takamiya_rion	c	973
tojo_kirumi	c	973
trish_una	c	973
wakan_tanka	c	973
black_overalls	g	972
dare_ga_tame_no_alchemist	s	972
kaiju	g	972
side_part	g	972
subterranean_animism	s	972
victorian	g	972
youtou_high_school_uniform	g	972
@kutan	a	971
@pt	a	971
@qm	a	971
@wisespeak	a	971
charlotte_(anime)	s	971
getsuyoubi_no_tawawa	s	971
idoly_pride	s	971
miracle_nikki	s	971
pawn_(chess)	g	971
scalpel	g	971
shirabe_ako	c	971
@makoto_daikichi	a	970
@ryuuichi_(f_dragon)	a	970
print_male_swimwear	g	970
scheherazade_(fate)	c	970
single_blush_sticker	g	970
@yuzuna_hiyo	a	969
frostnova_(arknights)	c	969
held_down	g	969
hyuuga_hanabi	c	969
igote	g	969
mortal_kombat_(series)	s	969
nipple_bar	g	969
onii-shota	g	969
phoenix	g	969
red_corset	g	969
takanashi_kiara_(1st_costume)	c	969
ticket	g	969
urban	g	969
assassin's_creed_(series)	s	968
black_leg_warmers	g	968
colette_brunel	c	968
hands_in_pocket	g	968
kirino_(blue_archive)	c	968
magia_baiser	c	968
panty_lift	g	968
implacable_(azur_lane)	c	967
jam	g	967
kaede_(blue_archive)	c	967
luka_(alien_stage)	c	967
petra_gurin	c	967
alexandrina_sebastiane	c	966
alternate_species	g	966
eye_print	g	966
historical_name_connection	g	966
puyopuyo_fever	s	966
sakura_bakushin_o_(umamusume)	c	966
white_helmet	g	966
@gomennasai	a	965
@mame_rakko	a	965
heroine_(homicipher)	c	965
kamisato_ayaka	c	965
offering_hand	g	965
sora_(blue_archive)	c	965
@kei_jiei	a	964
covering_another's_mouth	g	964
dark_pit	c	964
garou:_mark_of_the_wolves	s	964
misaki_shiki	c	964
protecting	g	964
sayu_(genshin_impact)	c	964
unworn_swimsuit	g	964
@lambda_(kusowarota)	a	963
bilingual_commentary	m	963
blue_nipples	g	963
carapace	g	963
edward_wong_hau_pepelu_tivrusky_iv	c	963
kobo_kanaeru	c	963
marill	c	963
mount_lady	c	963
@jadf	a	962
@mashuu_(neko_no_oyashiro)	a	962
@roke_(taikodon)	a	962
35p_(sakura_miko)	c	962
bralines	g	962
broken_sword	g	962
chihiro_(blue_archive)	c	962
firelock	g	962
glove_bow	g	962
igarashi_kyoko	c	962
kiana_kaslana_(herrscher_of_finality)	c	962
skirt_basket	g	962
suzuka_gozen_(fate)	c	962
@nt00	a	961
@zankuro	a	961
fleurdelys_(wuthering_waves)	c	961
lance_of_longinus_(evangelion)	g	961
tokomon	c	961
tooth	g	961
fukumoto_mahjong	s	960
grey_boots	g	960
male_swimwear_challenge	g	960
penis_on_head	g	960
tekken_tag_tournament_2	s	960
@hanya_(hanya_yashiki)	a	959
cheelai	c	959
empress_(studio)	s	959
lap_pillow_invitation	g	959
nissan	s	959
@tandohark	a	958
captain_america	c	958
frozen	g	958
jewelpet_(series)	s	958
leg_strap	g	958
ongeki	s	958
sheikah	g	958
tickle_torture	g	958
ushizaki_urumi	c	958
@crumbles	a	957
@tsukiman	a	957
from_outside	g	957
kamille_bidan	c	957
kurokawa_eren	c	957
kuromi	c	957
ray_gun	g	957
turn_a_gundam	s	957
two-tone_horns	g	957
@robaato	a	956
@sameha_ikuya	a	956
2futa	g	956
creature_on_head	g	956
disembodied_eye	g	956
fantastic_four	s	956
kikumon	g	956
kisaragi_shintarou	c	956
m16	g	956
rust	g	956
tsuyuri_kanao	c	956
@amazuyu_tatsuki	a	955
@isshi_pyuma	a	955
black_coat_(kingdom_hearts)	g	955
dedenne	c	955
dennou_coil	s	955
nemo_(fate)	c	955
noelle_holiday	c	955
yotsuba_alice	c	955
@ittokyu	a	954
@monety	a	954
clothes_between_thighs	g	954
cu_chulainn_(fate)_(all)	c	954
dukemon	c	954
kawakami_mai	c	954
labret_piercing	g	954
@e20	a	953
@hoshi_san_3	a	953
@mutsuki_(moonknives)	a	953
@yaneko_uta	a	953
aston_machan_(umamusume)	c	953
barry_(pokemon)	c	953
elma_(maidragon)	c	953
giving_up_the_ghost	g	953
hozuki_kaede	c	953
kars_(jojo)	c	953
pitcher_(container)	g	953
zentreya	c	953
@raptor7	a	952
aqua_pants	g	952
baton_(conducting)	g	952
claymore_(series)	s	952
denpa_onna_to_seishun_otoko	s	952
eizouken_ni_wa_te_wo_dasu_na!	s	952
getter_robo	s	952
green_scales	g	952
masquerade_mask	g	952
see-through_body	g	952
seele_(honkai:_star_rail)	c	952
@ninahachi	a	951
beretta_92	g	951
cross-laced_bikini	g	951
fumizuki_(kancolle)	c	951
golden_apple	g	951
holding_bell	g	951
manta_ray	g	951
shiny_and_normal	g	951
combat_knife	g	950
hair_over_one_breast	g	950
purple_sclera	g	950
shirt_partially_tucked_in	g	950
takamori_aiko	c	950
lilith_(fate)	c	949
mother_(series)	s	949
red_shawl	g	949
shorekeeper_(wuthering_waves)	c	949
covered_anus	g	948
divine_gate	s	948
holding_dog	g	948
kaiba_seto	c	948
takimoto_hifumi	c	948
tokitarou_(fate)	c	948
@huracan	a	947
hairy_legs	g	947
shared_object_insertion	g	947
yuna_(ff10)	c	947
bacon	g	946
chise_(blue_archive)	c	946
hand_on_railing	g	946
holding_trident	g	946
jewel_butt_plug	g	946
mochizuki_(kancolle)	c	946
nintendo_3ds	g	946
oar	g	946
onlookers	g	946
policeman	g	946
sanzen'in_nagi	c	946
yosuga_no_sora	s	946
@kikurage_(crayon_arts)	a	945
@konnyaku_(kk-monmon)	a	945
@sian	a	945
aino_megumi	c	945
koizumi_mahiru	c	945
orange_tail	g	945
shijou_saikyou_no_deshi_ken'ichi	s	945
tolkien's_legendarium	s	945
@deadnooodles	a	944
@sousouman	a	944
iron_saga	s	944
jaguar_(kemono_friends)	c	944
kaze_no_tani_no_nausicaa	s	944
maid_cap	g	944
nakayama_festa_(umamusume)	c	944
persona_4:_the_ultimate_in_mayonaka_arena	s	944
red_sports_bra	g	944
rita_mordio	c	944
sion_eltnam_atlasia	c	944
snake_girl	g	944
wall_of_text	g	944
@gurande_(g-size)	a	943
bagpipe_(arknights)	c	943
flonne	c	943
kasuga_mirai	c	943
leopard_girl	g	943
mary_(ib)	c	943
mob_face	g	943
mudrock_(elite_ii)_(arknights)	c	943
ooshio_(kancolle)	c	943
reverse_fellatio	g	943
takumi_(fire_emblem)	c	943
white_male_swimwear	g	943
@baffu	a	942
gold_city_(umamusume)	c	942
good_end	g	942
goodsmile_racing	s	942
myrtle_(arknights)	c	942
naked_tabard	g	942
poker_table	g	942
shounen_jump	s	942
silent_magician	c	942
single_fishnet_legwear	g	942
tada_riina	c	942
yandere_trance	g	942
@kaigun_bakuryou	a	941
cartridge	g	941
graf_zeppelin_(azur_lane)	c	941
hay	g	941
joestar_birthmark	g	941
silver_trim	g	941
tennoji_rina	c	941
tsugumomo	s	941
volo_(pokemon)	c	941
@kamelie	a	940
all_the_way_through	g	940
ansatsu_kyoushitsu	s	940
aunt_and_nephew	g	940
cross-eyed	g	940
komaki_manaka	c	940
soukou_akki_muramasa	s	940
swallowing	g	940
trigger_(company)	s	940
virtuareal	s	940
@hot_vr	a	939
@ikari_manatsu	a	939
arm_across_waist	g	939
boothill_(honkai:_star_rail)	c	939
dark_room	g	939
fishing_line	g	939
gingerbread_man	g	939
hasumi_(swimsuit)_(blue_archive)	c	939
moderate_pubic_hair	g	939
saori_(dress)_(blue_archive)	c	939
whislash_(arknights)	c	939
@varniskarnis	a	938
detached_hood	g	938
jacket_girl_(dipp)	c	938
kako_(kancolle)	c	938
magikarp	c	938
mass_effect_(series)	s	938
santa_claus	c	938
vivian_banshee	c	938
zara_(poolside_coincidence)_(azur_lane)	c	938
@namaniku_atk	a	937
baobhan_sith_(swimsuit_pretender)_(fate)	c	937
creature_on_shoulder	g	937
drag-on_dragoon_3	s	937
fireball	g	937
goat_tail	g	937
hasegawa_kobato	c	937
keith_goodman	c	937
large_horns	g	937
lipgloss	g	937
morishima_haruka	c	937
murasaki_(senran_kagura)	c	937
purple_bag	g	937
undersized_breast_cup	g	937
wedge_heels	g	937
@zinno	a	936
100_percent_orange_juice	s	936
gao	g	936
razor_(genshin_impact)	c	936
rinoa_heartilly	c	936
rosa_farrell	c	936
trigun_stampede	s	936
zabaniyya_(housamo)	c	936
@komone_ushio	a	935
chaos;child	s	935
clive_rosfield	c	935
friday_night_funkin'	s	935
genji_(overwatch)	c	935
kale_(dragon_ball)	c	935
kunio-kun_series	s	935
leaning_on_table	g	935
lune_(company)	s	935
mamahaha	c	935
ryomou_shimei	c	935
war_hammer	g	935
alcina_dimitrescu	c	934
carmilla_(fate)	c	934
carrying_bag	g	934
cat_busters	s	934
double_(skullgirls)	c	934
katsura_rei	c	934
shirosaki_hana	c	934
very_long_tongue	g	934
white_arm_warmers	g	934
athrun_zala	c	933
flower_(vocaloid)	c	933
holding_rope	g	933
kesa	g	933
lifting_another's_clothes	g	933
object_on_breast	g	933
piano_keys	g	933
roots	g	933
segawa_onpu	c	933
suisei_no_gargantia	s	933
yuzu-soft	s	933
basketball_jersey	g	932
crash_fever	s	932
ehoumaki	g	932
hokuto_no_ken	s	932
painted_clothes	g	932
school_rumble	s	932
tina_armstrong	c	932
wide_brim	g	932
@himajin_noizu	a	931
ak-47	g	931
apple_inc.	s	931
backless_swimsuit	g	931
dragon_quest_dai_no_daibouken	s	931
gladiia_(arknights)	c	931
hung_(arknights)	c	931
safety_glasses	g	931
sora_ginko	c	931
tailjob	g	931
takayama_haruka	c	931
unworn_jewelry	g	931
walkure_romanze	s	931
zinnia_(pokemon)	c	931
@kara_(color)	a	930
@kfr	a	930
@masami_chie	a	930
@nora_higuma	a	930
ballpoint_pen_(medium)	m	930
brazilian_flag	g	930
fur-trimmed_bikini	g	930
gyarados	c	930
kimi_to_idol_precure	s	930
kisaragi_jin	c	930
okusawa_misaki	c	930
skull_on_head	g	930
@pochimaru_(marumaru_wanwan)	a	929
falchion_(fire_emblem)	g	929
mari_(idol)_(blue_archive)	c	929
panda_hood	g	929
photorealistic	g	929
shirayuki_tomoe	c	929
towel_around_waist	g	929
typhlosion	c	929
wakamezake	g	929
@kou_mashiro	a	928
ano_natsu_de_matteru	s	928
crucifixion	g	928
fur_cuffs	g	928
head_pat	g	928
holding_gem	g	928
li_yuting_(male)	c	928
microsoft_windows	s	928
morgan_(fire_emblem)	c	928
prussia_(hetalia)	c	928
sanageyama_uzu	c	928
sound_horizon	s	928
tieria_erde	c	928
wakamo_(swimsuit)_(blue_archive)	c	928
@club3	a	927
@shigino_sohuzi	a	927
@shiratama_(shiratamaco)	a	927
@waka_(wk4444)	a	927
aviator_cap	g	927
cannibalism	g	927
degrees_of_lewdity	s	927
hammann_(azur_lane)	c	927
jigokuraku	s	927
mikakunin_de_shinkoukei	s	927
quaxly	c	927
sleeve_grab	g	927
star_platinum	c	927
staryu	c	927
@ominaeshi_(takenoko)	a	926
ambiguous_red_liquid	g	926
amusement_park	g	926
eraser_head_(boku_no_hero_academia)	c	926
pirate_costume	g	926
wing_ears	g	926
dead_master	c	925
el_condor_pasa_(umamusume)	c	925
holding_torch	g	925
kiritani_haruka	c	925
kochikame	s	925
kotori_(blue_archive)	c	925
roon_(azur_lane)	c	925
soft_serve	g	925
tequila_(arknights)	c	925
bb_(swimsuit_mooncancer)_(second_ascension)_(fate)	c	924
fate/grand_order_arcade	s	924
gatchmon	c	924
imminent_gangbang	g	924
starmie	c	924
youkai_(youkai_watch)	g	924
failure_penguin	c	923
food_name	g	923
nekomiya_mana	c	923
party	g	923
pith_helmet	g	923
sailor_neptune	c	923
yume_(blue_archive)	c	923
@izawa_(bhive003)	a	922
@pataneet	a	922
@tsuji_santa	a	922
@tsurui	a	922
@youkan	a	922
freminet_(genshin_impact)	c	922
gold_circlet	g	922
purple_apron	g	922
red_star	g	922
shadowheart_(baldur's_gate)	c	922
@asami_asami	a	921
@hot_mikan	a	921
baobhan_sith_(first_ascension)_(fate)	c	921
black_lilith	s	921
g36_(girls'_frontline)	c	921
helltaker_(character)	c	921
kirishima_touka	c	921
purple_headband	g	921
seiren_(suite_precure)	c	921
shindou_takuto	c	921
takanami_(kancolle)	c	921
crave_saga	s	920
crushing	g	920
cure_sunny	c	920
rotary_phone	g	920
self_hug	g	920
lowleg_skirt	g	919
onitsuka_natsumi	c	919
paya_(zelda)	c	919
tapir_ears	g	919
wet_skirt	g	919
@yua_(checkmate)	a	918
ampharos	c	918
clothed_on_nude	g	918
devil_survivor	s	918
emma_frost	c	918
kakegurui	s	918
magical_marriage_lunatics!!	s	918
pokemon_mystery_dungeon	s	918
souryuu_asuka_langley_(cosplay)	g	918
@distr	a	917
extra_breasts	g	917
facing_ahead	g	917
nekomonogatari	s	917
nekoyashiki_yuki	c	917
queen_draco_(fate)	c	917
torn_bikini	g	917
touhoku_zunko	c	917
beamed_sixteenth_notes	g	916
booth_seating	g	916
cabbage	g	916
closet	g	916
doloris_(bang_dream!)	c	916
felyne	g	916
nipples_touching	g	916
panties_on_penis	g	916
rena_erindel	c	916
swastika	g	916
@tetsu_(kimuchi)	a	915
ancient_egyptian_clothes	g	915
boy_sandwich	g	915
brushing_another's_hair	g	915
enemy_aircraft_(kancolle)	c	915
pa-san	c	915
scathach_(piercing_bunny)_(fate)	c	915
shinigami	g	915
@omachi_(slabco)	a	914
@v-mag	a	914
arknights:_endfield	s	914
armored_bodysuit	g	914
kobayakawa_sae	c	914
kuroka_(high_school_dxd)	c	914
orca	g	914
ots-14_(girls'_frontline)	c	914
sanada_akihiko	c	914
tiki_(young)_(fire_emblem)	c	914
@no-kan	a	913
blood_on_breasts	g	913
checkered_hairband	g	913
jean_bart_(azur_lane)	c	913
latex_boots	g	913
number_print	g	913
kuradoberi_jam	c	912
rectangular_mouth	g	912
round_table	g	912
shirt_overhang	g	912
solid_snake	c	912
trigram	g	912
wafer_stick	g	912
@arinu	a	911
@hong_(white_spider)	a	911
@lvl_(sentrythe2310)	a	911
@morisobo	a	911
@noriheita	a	911
ange_katrina_(1st_costume)	c	911
blood_on_neck	g	911
holding_needle	g	911
minato_yukina	c	911
nyan	g	911
panties_under_buruma	g	911
ring_necklace	g	911
scathach_(fate/grand_order)	c	911
sock_pull	g	911
@miuku_(marine_sapphire)	a	910
@ryouka_(suzuya)	a	910
grimoire_of_alice	g	910
keystone	g	910
le_malin_(listless_lapin)_(azur_lane)	c	910
super_saiyan_blue	g	910
toujou_koneko	c	910
@mamuru	a	909
ingrid_(capcom)	c	909
nebula	g	909
single_legwear_garter	g	909
space_print	g	909
unworn_goggles	g	909
yixuan_(zenless_zone_zero)	c	909
@nagian	a	908
affectionate	g	908
condom_left_inside	g	908
creature_focus	g	908
haruno_haruka	c	908
ink_(medium)	m	908
mismatched_eyebrows	g	908
penis_tentacle	g	908
sei_shounagon_(fate)	c	908
shoulder_plates	g	908
suou_patra	c	908
ushiromiya_maria	c	908
aketa_mikoto	c	907
price_tag	g	907
sewing	g	907
@gaou_(umaiyo_puyoman)	a	906
@pote_(ptkan)	a	906
eurasian_eagle_owl_(kemono_friends)	c	906
high_school_dxd_born	s	906
holding_lighter	g	906
hotarumaru	c	906
ichigaya_arisa	c	906
red_pikmin	c	906
suzuran_(spring_praise)_(arknights)	c	906
@gotou_(nekocat)	a	905
@harigane_shinshi	a	905
@ibuki_notsu	a	905
@ishii_akira	a	905
@kurokoshou_(emuburemu123)	a	905
belt_chain	g	905
calligraphy	g	905
kpop_demon_hunters	s	905
nara_shikamaru	c	905
tea_set	g	905
alisa_southerncross	c	904
christmas_wreath	g	904
female_sensei_(blue_archive)	c	904
heart-shaped_buckle	g	904
no_mole	g	904
@huyumitsu	a	903
cham_cham	c	903
netzach_(project_moon)	c	903
nibutani_shinka	c	903
wall_market	g	903
atago_(stunning_speedster)_(azur_lane)	c	902
green_jumpsuit	g	902
hakase_fuyuki	c	902
lipstick_mark_on_face	g	902
world_cup	s	902
yellow_visor	g	902
@hokkyoku_hotaru	a	901
anisphia_wynn_palettia	c	901
cure_moonlight	c	901
ene_(kagerou_project)	c	901
falin_touden_(chimera)	c	901
female_protagonist_(pokemon_go)	c	901
kuroko_tetsuya	c	901
lamb_(league_of_legends)	c	901
minigun	g	901
mon3tr_(arknights)	c	901
samuel_b._roberts_(kancolle)	c	901
telstar	g	901
walking_on_liquid	g	901
widow's_peak	g	901
@aoshima	a	900
@komatsu_eiji	a	900
@kusanagi_tonbo	a	900
@yuki00yo	a	900
curiosities_of_lotus_asia	s	900
flail	g	900
grecale_(kancolle)	c	900
hands_on_shoulders	g	900
ibuki_douji_(fate)	c	900
jaguar_print	g	900
keizoku_military_uniform	g	900
miyamasuzaka_girls'_academy_school_uniform	g	900
neo_universe_(umamusume)	c	900
oboro_(taimanin_asagi)	c	900
paint_can	g	900
smartphone_case	g	900
steve_rogers	c	900
swablu	c	900
yun_jin_(genshin_impact)	c	900
@chengongzi123	a	899
@masuyama_ryou	a	899
akatsuki_uniform	g	899
aru_(dress)_(blue_archive)	c	899
kinnikuman	s	899
russian_commentary	g	899
sakura_chiyo	c	899
van_gogh_(fate)	c	899
zero_gravity	g	899
@sakino_shingetsu	a	898
@starraisins	a	898
animal_on_hand	g	898
arima_yousuke	c	898
different_shadow	g	898
kaho_(blue_archive)	c	898
lilina_(fire_emblem)	c	898
lupinus_virtual_games	s	898
march_7th_(preservation)_(honkai:_star_rail)	c	898
nipples_through_clothes	g	898
ski_goggles	g	898
sue_storm	c	898
tiamat_(fate)	c	898
@fuzichoco	a	897
@genyaky	a	897
@miyase_mahiro	a	897
afuro_terumi	c	897
glans	g	897
nakase_nagisa	c	897
sakuramori_kaori	c	897
shinomiya_rina	c	897
two-tone_wings	g	897
@mushi024	a	896
@tsukareta_san	a	896
aragaki_shinjirou	c	896
facepalm	g	896
hanzo_(overwatch)	c	896
miraculous_ladybug	s	896
orfevre_(umamusume)	c	896
pokemon_unite	s	896
princess_of_moonbrook	c	896
sea_monster	g	896
@darumoon	a	895
agrias_oaks	c	895
chest_tuft	g	895
eureka_(eureka_seven)	c	895
fish_bone	g	895
frame_arms_girl	s	895
honey_strap	s	895
katou_asuka	c	895
kojima_alice	c	895
lunch_(dragon_ball)	c	895
minazuki_karen	c	895
organs	g	895
sophie_(tales)	c	895
yuudachi_(azur_lane)	c	895
@hou_(hachiyou)	a	894
@maku_(l-u)	a	894
@mignon	a	894
@nearphotison	a	894
@zel-sama	a	894
abigail_williams_(third_ascension)_(fate)	c	894
gem_hair_ornament	g	894
indian_clothes	g	894
inktober	g	894
purple_pubic_hair	g	894
soda_(nikke)	c	894
striped_hair	g	894
@caryo	a	893
@ryusei_hashida	a	893
@untue	a	893
carton	g	893
cattail	g	893
chitose_(kancolle)	c	893
compass	g	893
piledriver_(sex)	g	893
saikawa_riko	c	893
tentaclejob	g	893
thick_chest_hair	g	893
village	g	893
winning_ticket_(umamusume)	c	893
@i.u.y	a	892
@kapatarou	a	892
@rui_(sugar3)	a	892
@shibasaki_shouji	a	892
angel_boy	g	892
ara_haan	c	892
breast_strap	g	892
holding_pocky	g	892
lime_slice	g	892
mori_calliope_(streetwear)	c	892
semi-automatic_firearm	g	892
star_symbol_background	g	892
triplets	g	892
@sakura_oriko	a	891
@tottotonero	a	891
@yanderenohako_(artist)	a	891
bite_mark_on_neck	g	891
daring_tact_(umamusume)	c	891
discreet_vibrator	g	891
fur-tipped_tail	g	891
grey_camisole	g	891
grey_flower	g	891
odd_one_out	g	891
poppy_(league_of_legends)	c	891
toyota	s	891
wooper	c	891
@gashi-gashi	a	890
@konno_tohiro	a	890
green_sky	g	890
hoshino_ichika_(project_sekai)	c	890
lisia_(pokemon)	c	890
red_camisole	g	890
riko_(made_in_abyss)	c	890
uncommon_stimulation	g	890
utane_uta	c	890
yu-gi-oh!_vrains	s	890
@kelvin_hiu	a	889
@sorimachi-doufu	a	889
@wada_arco	a	889
bird_on_arm	g	889
concrete	g	889
eyes_in_shadow	g	889
two-tone_panties	g	889
vertical-striped_panties	g	889
animare	s	888
chain_headband	g	888
galleon_(granblue_fantasy)	c	888
holding_egg	g	888
mifune_miyu	c	888
rozaliya_olenyeva	c	888
skeletal_arm	g	888
vertical-striped_sleeves	g	888
yozakura_(senran_kagura)	c	888
all_might	c	887
cupboard	g	887
honma_himawari	c	887
implied_masturbation	g	887
lying_on_water	g	887
mahou_shoujo_madoka_magica_movie_1_&_2	s	887
pixiv_fantasia_5	s	887
pumpkin_hat	g	887
rindou_mikoto	c	887
rosa_(tears_of_themis)	c	887
shidou_irina	c	887
@yume_shokunin	a	886
ar-15	g	886
black_hole	g	886
cute_&_girly_(idolmaster)	g	886
green_rose	g	886
high_belt	g	886
magic:_the_gathering	s	886
olga_marie_animusphere	c	886
@ookuma_nekosuke	a	885
dirty_pair	s	885
dragging	g	885
hanasaku_iroha	s	885
kanade_rindou	c	885
light_brown_background	g	885
sans	c	885
sophie_neuenmuller	c	885
@fuji_(pixiv24804665)	a	884
@himura_kiseki	a	884
@reia_76	a	884
ball_and_chain_(weapon)	g	884
bikini_top_pull	g	884
idolish7	s	884
milla_maxwell	c	884
nakatani_iku	c	884
nobeta	c	884
senko_(sewayaki_kitsune_no_senko-san)	c	884
yellow_capelet	g	884
@fujisaki_hikari	a	883
@kurukurumagical	a	883
@starshadowmagician	a	883
@torriet	a	883
ak-15_(girls'_frontline)	c	883
rayquaza	c	883
tezcatlipoca_(fate)	c	883
@kotatsu-mazoku	a	882
@pas_(paxiti)	a	882
@sinensian	a	882
abigail_williams_(swimsuit_foreigner)_(third_ascension)_(fate)	c	882
adjusting_glasses	g	882
amakano	s	882
fruit_print	g	882
ijichi_seika	c	882
northern_italy_(hetalia)	c	882
orange_cat	g	882
roy_mustang	c	882
sweater_pull	g	882
@ao_banana	a	881
@komori_kei	a	881
@yone_kinji	a	881
aizawa_ema	c	881
arcade	g	881
chikuma_(kancolle)	c	881
in_palm	g	881
meandros	g	881
polka_dot_scrunchie	g	881
sheep_tail	g	881
shorts_tan	g	881
@hairu	a	880
brown_feathers	g	880
chipmunk_girl	g	880
golden_week	g	880
groping_breast	g	880
hoshino_hinata	c	880
midnight_(boku_no_hero_academia)	c	880
rural	g	880
seal_impression	g	880
tales_of_legendia	s	880
valkyrie_drive_-mermaid-	s	880
@amasora_taichi	a	879
@kabocha_torute	a	879
@mtu_(orewamuzituda)	a	879
@yoo_tenchi	a	879
audio_jack	g	879
dress_ribbon	g	879
force_of_will	s	879
hinata_shouyou	c	879
historia_reiss	c	879
natsuiro_matsuri_(1st_costume)	c	879
p-chan	c	879
railroad_crossing	g	879
red_bandeau	g	879
strawberry_cake	g	879
@coro_fae	a	878
2005	g	878
akitsushima_(kancolle)	c	878
alphamon	c	878
blemishine_(arknights)	c	878
la+_darknesss_(1st_costume)	c	878
pom_pom_beanie	g	878
rabbit_yukine	c	878
smelling_clothes	g	878
sorcerer_(ragnarok_online)	c	878
tales_of_eternia	s	878
vice-versa_(skullgirls)	c	878
waifu2x	m	878
yoake_mae_yori_ruri_iro_na	s	878
@dd_(giogio99)	a	877
@yoshino_keiko	a	877
aonuma_kiriha	c	877
hair_blowing	g	877
mejiro_ramonu_(umamusume)	c	877
mizuki_kotori_(yu-gi-oh!)	c	877
official_art_inset	g	877
shauna_(pokemon)	c	877
stitched_leg	g	877
@himeyamato	a	876
@kitahama_(siroimakeinu831)	a	876
@makuwauri	a	876
adventurer_(ff14)	c	876
bike_shorts_pull	g	876
cat_choker	g	876
holographic_clothing	g	876
pom-pom_(honkai:_star_rail)	c	876
tying	g	876
yamakasa	g	876
@hanzou	a	875
@saeki_hokuto	a	875
@takasuma_hiro	a	875
aponia_(honkai_impact)	c	875
aqua_scrunchie	g	875
hitting	g	875
meltryllis_(swimsuit_lancer)_(second_ascension)_(fate)	c	875
mumei_(kabaneri)	c	875
nakagawa_natsuki	c	875
shrugging	g	875
symbol	g	875
@engo_(aquawatery)	a	874
@hitotsuki_nebura	a	874
@kiyama_satoshi	a	874
@krekkov	a	874
@kunaboto	a	874
baton_(weapon)	g	874
brown_dust_(series)	s	874
digimon_savers	s	874
face_in_pillow	g	874
fake_halo	g	874
gundam_hathaway's_flash	s	874
holding_candle	g	874
holding_feather	g	874
inukai_komugi	c	874
kayamori_ruka	c	874
li_yuting_(female)	c	874
magallan_(arknights)	c	874
meltryllis_(swimsuit_lancer)_(first_ascension)_(fate)	c	874
oozora_subaru_(1st_costume)	c	874
pectoral_focus	g	874
sailor_swimsuit_(idolmaster)	g	874
@ha_ku_ronofu_jin	a	873
another_eidos-r	s	873
aoba_moca	c	873
hanami	g	873
mirajane_strauss	c	873
okita_sougo	c	873
@iwashi_dorobou_-r-	a	872
anemo_symbol_(genshin_impact)	g	872
hat_over_eyes	g	872
ironmouse	c	872
laundry_basket	g	872
noir_(nikke)	c	872
oomori_yuuko	c	872
orange_leotard	g	872
police_car	g	872
rice_paddy	g	872
simulated_fellatio	g	872
sirius_(azure_horizons)_(azur_lane)	c	872
tokoyami_towa_(jirai_kei)	c	872
wonder_woman	c	872
@shin_(new)	a	871
arimura_mao	c	871
fast_food_uniform	g	871
goomy	c	871
graduation	g	871
jeweled_branch_of_hourai	g	871
metal_gloves	g	871
school_days	s	871
side-tie_peek	g	871
tosen_jordan_(umamusume)	c	871
@donguri_suzume	a	870
@neki_(wakiko)	a	870
@shimokirin	a	870
brown_ascot	g	870
bull	g	870
guoba_(genshin_impact)	c	870
hair_over_face	g	870
holding_flask	g	870
narancia_ghirga	c	870
pony_(animal)	g	870
poppy_(pokemon)	c	870
amaha_masane	c	869
bonsai	g	869
cleveland_(azur_lane)	c	869
coffee_pot	g	869
helpless	g	869
kitten	g	869
manga_page	g	869
skating	g	869
white_petals	g	869
chakram	g	868
glowing_markings	g	868
hiiragi_yuzu	c	868
megido72	s	868
spicy_nun_(diva)	c	868
@kafun	a	867
alice_cartelet	c	867
beatrix_(granblue_fantasy)	c	867
candelabra	g	867
honeycomb_pattern	g	867
medalist_(manga)	s	867
nana_asta_deviluke	c	867
sekaiju_no_meikyuu_3	s	867
teslajellymon	c	867
toyama_kasumi	c	867
two-tone_sleeves	g	867
@araneesama	a	866
@donburi_(donburikazoku)	a	866
aioi_yuuko	c	866
alternate_language	m	866
crow_(la+_darknesss)	c	866
facejob	g	866
gasai_yuno	c	866
leina_(queen's_blade)	c	866
muzzle_flash	g	866
priestess_(goblin_slayer!)	c	866
stheno_(fate)	c	866
@zandra	a	865
adaman_(pokemon)	c	865
ayatsuji_tsukasa	c	865
fire_emblem:_shadow_dragon	s	865
fluorescent_lamp	g	865
gekota	c	865
hiodoshi_ao	c	865
kim_dokja	c	865
saotome_alto	c	865
@hase_yu	a	864
@hisasi	a	864
asia_argento	c	864
bars	g	864
bennett_(genshin_impact)	c	864
cherry_print	g	864
hishaku	g	864
holding_handcuffs	g	864
kingdom_hearts_iii	s	864
mahouka_koukou_no_rettousei	s	864
shez_(fire_emblem)	c	864
shirasagi_chisato	c	864
shoujo_kageki_revue_starlight_-re_live-	s	864
shutumon	c	864
strapless_bottom	g	864
takemi_tae	c	864
text_print	g	864
van	g	864
vehicle_interior	g	864
@bkub	a	863
@haoni	a	863
@lilish	a	863
@twin_(tt_lsh)	a	863
armpit_hair_peek	g	863
bayonetta_2	s	863
brazilian_flag_print	g	863
brown_flower	g	863
cyberpunk_2077	s	863
griseo	c	863
nickelodeon	s	863
@kanden-ki	a	862
chief_(path_to_nowhere)	c	862
mordred_(memories_at_trifas)_(fate)	c	862
spiked_penis	g	862
year_of_the_rat	g	862
@kuzuryuu_kennosuke	a	861
@porforever	a	861
@ubanis	a	861
ero_guro	g	861
piper_wheel	c	861
shark_fin	g	861
sweater_jacket	g	861
tanigaki_genjirou	c	861
tony_stark	c	861
@nottytiffy	a	860
anya_melfissa	c	860
chipmunk_ears	g	860
cum_bubble	g	860
green_male_swimwear	g	860
gundam_build_divers_re:rise	s	860
lain_paterson	c	860
naranja_academy_school_uniform	g	860
neck_biting	g	860
nikka_edvardine_katajainen	c	860
roland_(project_moon)	c	860
sukusuku_hakutaku	c	860
takoluka	c	860
treecko	c	860
valkyrie_profile_(series)	s	860
z-ring	g	860
@welt_(kinsei_koutenkyoku)	a	859
cooperative_buttjob	g	859
daiba_nana	c	859
drinking_pee	g	859
ghost_girl	g	859
lucia_(punishing:_gray_raven)	c	859
makai_senki_disgaea_4	s	859
millie_parfait	c	859
orange_apron	g	859
sato_shin	c	859
testicle_peek	g	859
@jellytits-7	a	858
@katagiri_hinata	a	858
@siu_(siu0207)	a	858
@takayaki	a	858
crazy_straw	g	858
hoshino_(girls_und_panzer)	c	858
labia_piercing	g	858
midori_(maid)_(blue_archive)	c	858
momoi_airi	c	858
rod	g	858
terraria	s	858
tsunomaki_watame_(1st_costume)	c	858
unfastened	g	858
@koku	a	857
dollar_sign	g	857
hanadera_nodoka	c	857
heiwajima_shizuo	c	857
kuga_natsuki	c	857
lloyd_irving	c	857
microwave	g	857
todo_yurika	c	857
toudou_shimako	c	857
@ginko_(silver_fox)	a	856
@kenshin187	a	856
@matanonki	a	856
@ponponmaru	a	856
argyle_sweater	g	856
compression_shirt	g	856
garry_(ib)	c	856
grima_(fire_emblem)	c	856
hikaru_no_go	s	856
matsubara_kanon	c	856
natalia_(idolmaster)	c	856
purple_boots	g	856
sakagami_tomoyo	c	856
sekiro:_shadows_die_twice	s	856
stitched_neck	g	856
unworn_hair_ornament	g	856
xenoblade_chronicles_3:_future_redeemed	s	856
yuki_onna	g	856
@captain_kirb	a	855
@inkerton-kun	a	855
@lokulo_no_mawashimono	a	855
@mikazuki_akira!	a	855
alternate_wings	g	855
asirpa	c	855
cernunnos_(fate)	c	855
crewmate_(among_us)	c	855
digital_hazard	g	855
enemy_naval_mine_(kancolle)	c	855
gokuhara_gonta	c	855
hades_1	s	855
ptilopsis_(arknights)	c	855
yofukashi_no_uta	s	855
@kuroboshi_kouhaku	a	854
blastoise	c	854
bust_cup	g	854
diagram	g	854
gavial_(arknights)	c	854
holding_marker	g	854
hoshino_miyako_(wataten)	c	854
inu_x_boku_ss	s	854
shokudaikiri_mitsutada	c	854
black_pasties	g	853
blue_mary	c	853
double_amputee	g	853
lenalee_lee	c	853
sam_browne_belt	g	853
energy_blade	g	852
pokemon_emerald	s	852
white_sandals	g	852
@deyui	a	851
@engiyoshi	a	851
@finalcake	a	851
@kanta_(kanta_077)	a	851
alternate_hair_ornament	g	851
crystalfly_(genshin_impact)	c	851
fidgeting	g	851
hishi_amazon_(umamusume)	c	851
king's_raid	s	851
murder	g	851
shy_(series)	s	851
weapon_bag	g	851
yunaka_(fire_emblem)	c	851
@cromachina	a	850
@hotate-chan	a	850
@myth1carts	a	850
atelier_totori	s	850
captain_(kemono_friends)	c	850
frilled_straps	g	850
geeta_(pokemon)	c	850
hakurei_reimu_(pc-98)	c	850
orange_bandana	g	850
rainbow_background	g	850
the_witcher_(series)	s	850
wooloo	c	850
battle_damage	g	849
blue_mittens	g	849
blue_scales	g	849
canned_coffee	g	849
craft_essence_(fate)	g	849
cure_passion	c	849
fanbox_reward	m	849
fushigiboshi_no_futago_hime	s	849
okumura_rin	c	849
sitting_on_branch	g	849
@komeshiro_kasu	a	848
achilles_(fate)	c	848
chloe_(princess_connect!)	c	848
cork	g	848
diavolo	c	848
dry_humping	g	848
elizabeth_bathory_(brave)_(fate)	c	848
green_overalls	g	848
juusan_kihei_bouei_ken	s	848
kiana_kaslana_(herrscher_of_flamescion)	c	848
koyama_yuzu	c	848
l_(death_note)	c	848
multiple-barrel_firearm	g	848
xion_(kingdom_hearts)	c	848
yunli_(honkai:_star_rail)	c	848
@crimson_comics	a	847
gigantamax	g	847
lighter_(zenless_zone_zero)	c	847
scale_armor	g	847
shinonono_houki	c	847
throat_bulge	g	847
vestia_zeta	c	847
zootopia	s	847
@aldehyde	a	846
@mataro_(matarou)	a	846
@osiimi	a	846
@sana!rpg	a	846
feet_on_table	g	846
himemushi_momoyo	c	846
luke_fon_fabre	c	846
selfie_stick	g	846
spas-12_(girls'_frontline)	c	846
@hayashibara_hikari	a	845
@kyouda_suzuka	a	845
exploding_clothes	g	845
kisaragi_(azur_lane)	c	845
racing_suit	g	845
train_conductor	g	845
@falken_(yutozin)	a	844
@hayabusa	a	844
@nassukun	a	844
archnemon	c	844
bianka_durandal_ataegina	c	844
pokemon:_the_electric_tale_of_pikachu	s	844
sidelocks_tied_back	g	844
yagami_light	c	844
@hitsukuya	a	843
@lightsource	a	843
@miyanii_(myanie)	a	843
anchor_ornament	g	843
eimi_(swimsuit)_(blue_archive)	c	843
fart	g	843
fighting_game	g	843
horizontal-striped_thighhighs	g	843
inteleon	c	843
katou_juri	c	843
subarashiki_hibi	s	843
whimsicott	c	843
yellow_armor	g	843
@omone_hokoma_agm	a	842
@sunnysideup	a	842
blob	g	842
chomusuke	c	842
crosshatching	g	842
measurements	g	842
no_blindfold	g	842
reptile_boy	g	842
shimokitazawa_high_school_uniform	g	842
tennouboshi_uzume	c	842
caitlin_(pokemon)	c	841
cloud_tattoo	g	841
froslass	c	841
high-visibility_vest	g	841
nightstand	g	841
pekoyama_peko	c	841
ryoubi_(senran_kagura)	c	841
sado_(kancolle)	c	841
sen_no_kiseki_iii	s	841
silverash_(arknights)	c	841
torn_bodystocking	g	841
@oobari_masami	a	840
bondage_cuffs	g	840
doraemon_(character)	c	840
fallenshadow	c	840
flower_eyepatch	g	840
grabbing_another's_ear	g	840
hello_kitty_(character)	c	840
human_toilet	g	840
magical_ruby	c	840
nipple_torture	g	840
shihakusho	g	840
time_bokan_(series)	s	840
voms	s	840
@luke_(b10a3123m)	a	839
akashi_(azur_lane)	c	839
dramatical_murder	s	839
faputa	c	839
heaven's_feel	s	839
hifumi_(swimsuit)_(blue_archive)	c	839
junko_(blue_archive)	c	839
katarina_(league_of_legends)	c	839
kingdom_hearts_birth_by_sleep	s	839
otter_ears	g	839
projekt_red_(arknights)	c	839
shampoo_bottle	g	839
stuffed_dog	g	839
yuusha_series	s	839
@gentle_sasaki	a	838
cinnamiku	c	838
franziska_von_karma	c	838
janus_(kancolle)	c	838
matsuwa_(kancolle)	c	838
moonstone	s	838
naegi_komaru	c	838
plaid_shorts	g	838
plain_doll	c	838
suspenders_slip	g	838
takane_lui_(1st_costume)	c	838
tart_(food)	g	838
wrong_foot	g	838
yukari_(blue_archive)	c	838
@unowen	a	837
adachi_tooru	c	837
blood_on_wall	g	837
brown_robe	g	837
checkered_legwear	g	837
full_metal_panic!	s	837
hand_over_another's_mouth	g	837
jeanne_d'arc_alter_(avenger)_(third_ascension)_(fate)	c	837
navi	c	837
nekoyashiki_mayu	c	837
noi_(dorohedoro)	c	837
river_city_girls	s	837
scarlet_(nikke)	c	837
thick_arm_hair	g	837
yellow_cloak	g	837
god_eater_burst	s	836
groceries	g	836
hange_zoe	c	836
mutton_chops	g	836
obliques	g	836
omokage_yugamu	c	836
sitting_on_throne	g	836
super_soaker	s	836
the_elder_scrolls_v:_skyrim	s	836
torn_socks	g	836
yuki_judai	c	836
@ayamy	a	835
@ma_rukan	a	835
@nozo_(hitomiz)	a	835
airani_iofifteen	c	835
chobits	s	835
fantasy_earth_zero	s	835
gridman_universe_(film)	s	835
holding_jar	g	835
hungry	g	835
igarashi_futaba_(shiromanta)	c	835
kotoyoro	g	835
mini_witch_hat	g	835
mole_on_pussy	g	835
ore_twintail_ni_narimasu	s	835
otaku	g	835
spade_hair_ornament	g	835
training	g	835
blazblue:_chronophantasma	s	834
cu_chulainn_alter_(fate/grand_order)	c	834
kirisu_mafuyu	c	834
kyoukai_no_kanata	s	834
medium_sideburns	g	834
panzer_iv	g	834
red_butterfly	g	834
tamagoyaki	g	834
touhou_cannonball	s	834
@kouno_hikaru	a	833
bridal_lingerie	g	833
mexico	g	833
running_track	g	833
soap_(modern_warfare_2)	c	833
thai_commentary	g	833
wrestler	g	833
@cuboon	a	832
@hetza_(hellshock)	a	832
@raburebo	a	832
@toraishi_666	a	832
aurora_(arknights)	c	832
firefly	g	832
flower_hairpin	g	832
kagami_mochi	g	832
littorio_(kancolle)	c	832
miel_(company)	s	832
peacock_feathers	g	832
scratching_head	g	832
single-shoulder_dress	g	832
streetwear	g	832
tales_of_destiny	s	832
tokyo_(city)	g	832
waffle	g	832
@hayashiya_zankurou	a	831
@mae_(maesanpicture)	a	831
@nollety	a	831
akuma_no_riddle	s	831
halo_(series)	s	831
hinamori_amu	c	831
klein_moretti	c	831
natsuiro_egao_de_1_2_jump!	g	831
riven_(league_of_legends)	c	831
rosemi_lovelock	c	831
@kawakami_rokkaku	a	830
@onsoku_inu	a	830
broken_mask	g	830
buneary	c	830
celine_(fire_emblem)	c	830
dragon_quest_builders_2	s	830
happy_aura	g	830
koikatsu_(medium)	m	830
leaf_background	g	830
mask_lift	g	830
neck_flower	g	830
orange_gemstone	g	830
bead_choker	g	829
charlotta_(granblue_fantasy)	c	829
eastern_dragon_tail	g	829
familiar	g	829
griffin_&_kryuger_military_uniform	g	829
japan_self-defense_force	s	829
sonsaku_hakufu	c	829
stained_sheets	g	829
super_robot_wars_og_saga_mugen_no_frontier	s	829
superman	c	829
yuuki_(princess_connect!)	c	829
@akinbo_(hyouka_fuyou)	a	828
bravely_default:_flying_fairy	s	828
broly_(dragon_ball_super)	c	828
chin_piercing	g	828
fleur-de-lis	g	828
god_eater_2:_rage_burst	s	828
kishinami_(kancolle)	c	828
kittysuit	g	828
magolor	c	828
miyanaga_saki	c	828
puru_two	c	828
rectangular_halo	g	828
senji_muramasa_(fate)	c	828
shylily	c	828
tambourine	g	828
vsk-94_(girls'_frontline)	c	828
@hemogurobin_a1c	a	827
anna_(fire_emblem)	c	827
arcade_cabinet	g	827
bertolt_hoover	c	827
dire_wolf_(kemono_friends)	c	827
giant_male	g	827
hands_on_own_chin	g	827
hawk	g	827
iron_man	c	827
mask_over_one_eye	g	827
object_request	m	827
sengoku_bushouki_muramasa	s	827
viper	s	827
yuuki_rito	c	827
:c	g	826
@aono3	a	826
@petenshi_(dr._vermilion)	a	826
beaker	g	826
blender_(medium)	m	826
claymore_(sword)	g	826
crests_(digimon)	g	826
disguise	g	826
laundry_dragonmaid	c	826
presenting_removed_panties	g	826
semiramis_(fate)	c	826
@janong	a	825
@parsley-f	a	825
@t2r	a	825
@ucmm	a	825
ao_no_kiseki	s	825
es_(xblaze)	c	825
gradient_skirt	g	825
idol_time_pripara	s	825
nijisanji_id	s	825
strawberry_panic!	s	825
walther	s	825
@ragho_no_erika	a	824
alisa_(girls_und_panzer)	c	824
dark_clouds	g	824
green_outline	g	824
hijikata_toushirou	c	824
hyena_boy	g	824
lilligant	c	824
microsoft_paint_(medium)	m	824
truth	g	824
uneven_footwear	g	824
@animankan	a	823
@bison_cangshu	a	823
@casino_(casinoep)	a	823
@shuri_(84k)	a	823
euphyllia_magenta	c	823
german_flag_bikini	g	823
hooters	s	823
snake_print	g	823
strawberry_slice	g	823
todoroki_hajime	c	823
turtwig	c	823
wheelbarrow	g	823
xilonen_(genshin_impact)	c	823
@halcon	a	822
akuma_(street_fighter)	c	822
cue_stick	g	822
extra_legs	g	822
fur_bikini	g	822
glasgow_smile	g	822
kongou_kai_ni_(kancolle)	c	822
luo_tianyi	c	822
majikina_mina	c	822
melting_halo	g	822
murder_drones	s	822
on_innertube	g	822
pen_(medium)	m	822
tri_braids	g	822
@barbariank	a	821
@jingai_modoki	a	821
canteen	g	821
frostleaf_(arknights)	c	821
@ajishio	a	820
donquixote_rocinante	c	820
enraku_tsubakura	c	820
kamisato_ayaka_(springbloom_missive)	c	820
kazami_yuuka_(pc-98)	c	820
mairimashita!_iruma-kun	s	820
mikumo_guynemer	c	820
@jako_(jakoo21)	a	819
@shimmer	a	819
@tenseiani	a	819
adjusting_scarf	g	819
aono_miki	c	819
chousoku_henkei_gyrozetter	s	819
guilty	s	819
hand_over_face	g	819
roasted_sweet_potato	g	819
sky_print	g	819
tanamachi_kaoru	c	819
toriyama_akira_(style)	g	819
weapon_behind_back	g	819
@donson	a	818
arm_out_of_sleeve	g	818
black_hanekawa	c	818
floating_rock	g	818
fly	g	818
grey_outline	g	818
heart_hair	g	818
lancer	c	818
nijimura_okuyasu	c	818
shoukaku_(azur_lane)	c	818
tachibana_hinano_(vtuber)	c	818
@cian_yo	a	817
@hamashima_shigeo	a	817
@syope	a	817
@yoako	a	817
akagi:_yami_ni_oritatta_tensai	s	817
beam_cannon	g	817
egg_hair_ornament	g	817
holly_hair_ornament	g	817
jug_(bottle)	g	817
mimic	g	817
piranha_plant	c	817
shinshuu_maru_(kancolle)	c	817
soap_bottle	g	817
adjusting_buruma	g	816
admiral_graf_spee_(azur_lane)	c	816
amemiya_darumi	c	816
flintlock	g	816
holding_notepad	g	816
kamen_rider_w	s	816
orange_sash	g	816
@40hara	a	815
@tetrodotoxin	a	815
aqua_scarf	g	815
buggy_the_clown	c	815
cosplay_request	m	815
flamethrower	g	815
jacket_over_shoulder	g	815
keqing_(opulent_splendor)_(genshin_impact)	c	815
meloetta	c	815
muv-luv_total_eclipse	s	815
pokemon_move	g	815
spiked_armor	g	815
@kawata_hisashi	a	814
@yu-ta	a	814
adapted_uniform	g	814
astolfo_(saber)_(fate)	c	814
bazett_fraga_mcremitz	c	814
eden_(honkai_impact)	c	814
lifeguard	g	814
mint_blancmanche	c	814
softhouse-seal	s	814
@bob_(bobtheneet)	a	813
@xenon_(for_achieve)	a	813
@yamashichi_(mtseven)	a	813
cordelia_(fire_emblem)	c	813
fuyutsuki_(kancolle)	c	813
penis_ribbon	g	813
purple_tank_top	g	813
taki_(soulcalibur)	c	813
ushiromiya_jessica	c	813
varia_suit	g	813
wagaya_no_himegami-sama!	s	813
@alp	a	812
@chita_(ketchup)	a	812
@krabbytheartist	a	812
@nekoya_(liu)	a	812
@orizen	a	812
airi_(queen's_blade)	c	812
alastor_(shakugan_no_shana)	c	812
blanc_(nikke)	c	812
haman_karn	c	812
isolde_(reverse:1999)	c	812
itou_kaiji	c	812
miquella_(elden_ring)	c	812
@aaaninja	a	811
@orushibu	a	811
grayfia_lucifuge	c	811
howl_no_ugoku_shiro	s	811
lucifer_morningstar_(hazbin_hotel)	c	811
musical_staff	g	811
owari_(azur_lane)	c	811
rash_guard	g	811
sextuplets	g	811
sophitia_alexandra	c	811
yakumo_beni	c	811
yin_yang_print	g	811
yuzuhara_konomi	c	811
zangief	c	811
@hiten_(hitenkei)	a	810
@lielos	a	810
akagi_shigeru	c	810
amuro_tooru	c	810
charlie_morningstar	c	810
couter	g	810
imperial_japanese_army	g	810
kuraue_hinata	c	810
morgiana	c	810
oboro_muramasa	s	810
orange_juice	g	810
over_the_nose_gag	g	810
pig_tail	g	810
raccoon_boy	g	810
tsukimiya_ayu	c	810
yagen_toushirou	c	810
araki_hirohiko_(style)	g	809
claire_redfield	c	809
eustass_kid	c	809
fu_hua_(azure_empyrea)	c	809
momoi_(maid)_(blue_archive)	c	809
monster_sex	g	809
over_the_mouth_gag	g	809
reijo_(blue_archive)	c	809
texture	g	809
@valtor	a	808
conte_di_cavour_(kancolle)	c	808
erlenmeyer_flask	g	808
focused	g	808
grey_male_underwear	g	808
hedgehog_boy	g	808
lisbeth_(sao)	c	808
matoi_(pso2)	c	808
omaru_polka_(1st_costume)	c	808
re:creators	s	808
shining_(arknights)	c	808
soviet	g	808
torn_hat	g	808
@joylewds	a	807
@surio	a	807
@syuri22	a	807
atelier_ryza_2	s	807
heracles_(fate)	c	807
panties_over_garter_belt	g	807
phantasmagoria_of_dim.dream	s	807
print_socks	g	807
shirley_fenette	c	807
shirt_bow	g	807
symboli_kris_s_(umamusume)	c	807
waccha_primagi!	s	807
wrestling_mask	g	807
yoga	g	807
yume_2kki	s	807
aki_(girls_und_panzer)	c	806
album_cover_redraw	g	806
euphemia_li_britannia	c	806
floating_neckwear	g	806
galaxy_expedition_team_survey_corps_uniform	g	806
holding_another's_foot	g	806
nanashi_mumei_(emo)	c	806
rin_(blue_archive)	c	806
thumbs_down	g	806
yellow_teeth	g	806
@tama_(tamatamo)	a	805
acolyte_(ragnarok_online)	c	805
bouncing_ass	g	805
finger_sucking	g	805
holding_blanket	g	805
naruse_shiroha	c	805
peeing_in_cup	g	805
price	g	805
red_panda_ears	g	805
seth_lowell	c	805
shared_earphones	g	805
tucked_money	g	805
@capriccio	a	804
@hiro_(hirohiro31)	a	804
@mizushima_oonari	a	804
alternate_muscle_size	g	804
angela_(seiken_densetsu_3)	c	804
ike_eveland	c	804
monster_hunter_wilds	s	804
neckwear_between_breasts	g	804
paradis_military_uniform	g	804
secre_swallowtail	c	804
thorns_(arknights)	c	804
@kiikii_(kitsukedokoro)	a	803
@muk_(monsieur)	a	803
@thomas_8000	a	803
@topu	a	803
a-chan_(hololive)	c	803
dumbbell_nan_kilo_moteru?	s	803
pyra_(pro_swimmer)_(xenoblade)	c	803
undyne	c	803
watching_television	g	803
world_is_mine_(vocaloid)	s	803
yaoyao_(genshin_impact)	c	803
@mizuumi_(bb)	a	802
4chan	s	802
blue_petals	g	802
shirayuki_chiyo	c	802
toggles	g	802
cat_on_lap	g	801
clothes_on_floor	g	801
fear_&_hunger	s	801
holding_menu	g	801
jeanne_d'arc_(third_ascension)_(fate)	c	801
mayl_sakurai_(mega_man)	c	801
sukeban	g	801
@alpha_(yukai_na_nakamatachi)	a	800
@minamura_haruki	a	800
@ragathol	a	800
@sano_br	a	800
@umekichi	a	800
baseball_jersey	g	800
hieroglyphics	g	800
lord_knight_(ragnarok_online)	c	800
math	g	800
milking	g	800
ovaries	g	800
owl_girl	g	800
transmission_tower	g	800
@anyannko	a	799
@kurou_(quadruple_zero)	a	799
@mozukuzu_(manukedori)	a	799
@rickert_kai	a	799
@tasaka_shinnosuke	a	799
adeleine	c	799
apollo_justice	c	799
chaos;head	s	799
chili_pepper	g	799
color_trace	g	799
germany_(hetalia)	c	799
gladiolus_amicitia	c	799
grey_sclera	g	799
hands_on_breasts	g	799
judith_(tales)	c	799
kekkai_sensen	s	799
mato_seihei_no_slave	s	799
pink_feathers	g	799
screenshot_inset	g	799
@enoshima_iki	a	798
@xter	a	798
asymmetrical_arms	g	798
bokura_wa_ima_no_naka_de	s	798
can't_be_this_cute	g	798
digital_dissolve	g	798
female_butler	g	798
lattice	g	798
perth_(kancolle)	c	798
spiral	g	798
vinland_saga	s	798
@shashaki	a	797
2002	g	797
aijou_karen	c	797
catchphrase	g	797
congratulations	g	797
copy_ability	g	797
cure_rhythm	c	797
juo_sena	c	797
kfc	s	797
line_(naver)	s	797
mario_tennis	s	797
narusawa_ryouka	c	797
asakaze_(kancolle)	c	796
chinatsu_(blue_archive)	c	796
crossed_fingers	g	796
hololive_gamers	s	796
isobe_noriko	c	796
kyuudou	g	796
mansion	g	796
orange_tank_top	g	796
seraph	g	796
vinegar_doppio	c	796
@apple_caramel	a	795
@done_(donezumi)	a	795
@kotoyama	a	795
@mitsuki_tsumi	a	795
harukaze_(kancolle)	c	795
hida_iori	c	795
jewelry_bonney	c	795
kido_tsubomi	c	795
kurokami_fubuki	c	795
lord_el-melloi_ii	c	795
perineal_bulge	g	795
shamir_nevrand	c	795
shimaidon_(sex)	g	795
shoulder_guard	g	795
signora_(genshin_impact)	c	795
stripper	g	795
wooden_bench	g	795
zooey_(granblue_fantasy)	c	795
@camonome	a	794
assassin_(fate/zero)	c	794
broad_shoulders	g	794
koleda_belobog	c	794
miss_fortune_(league_of_legends)	c	794
multiple_vaginal	g	794
nabekane_tsubasa	c	794
neuro-sama	c	794
rhythmic_gymnastics	g	794
sig_sauer	s	794
speaking_tube_headset	g	794
squidbeak_splatoon	g	794
two-sided_cloak	g	794
witch_(madoka_magica)	g	794
yamato_takeru_(fate)	c	794
black_bracelet	g	793
dark_sakura	c	793
dead_or_alive_xtreme	s	793
maria_(hayate_no_gotoku!)	c	793
paw_hair_ornament	g	793
pine_(bombergirl)	c	793
snow_globe	g	793
xp-tan	c	793
@gotyou	a	792
biwa_lute	g	792
calligraphy_brush_(medium)	m	792
card_parody	g	792
dot_(pokemon)	c	792
expressive_clothes	g	792
gun_on_back	g	792
pannacotta_fugo	c	792
panties_over_pantyhose	g	792
stakes_of_purgatory	c	792
stomping	g	792
sumeragi_lee_noriega	c	792
@amazon_(taitaitaira)	a	791
@pako_(pakosun)	a	791
@tori_(minamopa)	a	791
@toshishikisai	a	791
3d_background	g	791
annie_(league_of_legends)	c	791
eclipse	g	791
holding_necktie	g	791
morinaka_kazaki	c	791
popsicle_stick	g	791
spiked_belt	g	791
suigetsu	s	791
@hori_(hori_no_su)	a	790
adeptus_astartes	c	790
amaterasu_(ookami)	c	790
banette	c	790
brown_suit	g	790
fur-trimmed_leotard	g	790
gensou_suikoden_ii	s	790
sayaka_(saru_getchu)	c	790
super_star_(mario)	c	790
tanned_cirno	c	790
triangular_eyewear	g	790
twilight_sparkle	c	790
@bekkankou	a	789
@doskoinpo	a	789
@nogi_takayoshi	a	789
@popqn	a	789
@sachito	a	789
barret_wallace	c	789
grey_ascot	g	789
hands_on_another's_back	g	789
underpec	g	789
@ancesra	a	788
@hokuro_ryuuseigun	a	788
86_-eightysix-	s	788
adult_neptune	c	788
arms_on_knees	g	788
female_knight	g	788
full-length_mirror	g	788
hoshimiya_kate	c	788
penis_on_pussy	g	788
rhine_lab_logo	g	788
sprite	g	788
@ameno_(a_meno0)	a	787
@anchors_(mono_eye_os)	a	787
@pokoten_(pokoten718)	a	787
@sooon	a	787
aqua_sailor_collar	g	787
circle_formation	g	787
dabi_(boku_no_hero_academia)	c	787
grey_eyeshadow	g	787
ho-oh	c	787
holding_watering_can	g	787
ikaruga_luca	c	787
medusa_(lancer)_(fate)	c	787
ninja_gaiden	s	787
numbers_(nanoha)	c	787
purple_outline	g	787
testament_(guilty_gear)	c	787
@kajin_(kajinman)	a	786
@lemon89h	a	786
@merry_program	a	786
@pononozo	a	786
@riz	a	786
fox_hair_ornament	g	786
hashibira_inosuke	c	786
kiwi_slice	g	786
kurumi_noah	c	786
laboratory	g	786
level-5	s	786
lion_(kemono_friends)	c	786
oddish	c	786
sekaiju_no_meikyuu_5	s	786
thunder	g	786
vanessa_(kof)	c	786
@aikawa_ryou	a	785
@kagematsuri	a	785
@keenh	a	785
@takatou_sora	a	785
animal_around_neck	g	785
asuna_(sao-alo)	c	785
clitoris_slip	g	785
doudanuki_masakuni	c	785
flattop	g	785
fubuki_(swimsuit)_(blue_archive)	c	785
hijiri_ageha	c	785
judgement_(helltaker)	c	785
magnet	g	785
market_stall	g	785
menat	c	785
mtu_virus	g	785
taihou_(forbidden_feast)_(azur_lane)	c	785
touwa_erio	c	785
gray_(fate)	c	784
high_elf_archer_(goblin_slayer!)	c	784
holding_club	g	784
human_furniture	g	784
orange_sclera	g	784
shimada_chiyo	c	784
shiraki_meiko	c	784
tripod	g	784
@massakasama	a	783
ace_attorney_investigations	s	783
clair_(pokemon)	c	783
fascinator	g	783
sky_lantern	g	783
sony	s	783
tsubaki_yayoi	c	783
@ateoyh	a	782
@goto_p	a	782
@tatsunami_youtoku	a	782
asuka_torajirou	c	782
bond_(spy_x_family)	c	782
book_hug	g	782
grenade_pin	g	782
heart_on_chest	g	782
invisible_floor	g	782
jenet_behrn	c	782
naoe_riki	c	782
padlocked_collar	g	782
shinkon_gattai_godannar!!	s	782
shiraishi_tsumugi	c	782
soda_kazuichi	c	782
submarine	g	782
talulah_(arknights)	c	782
team_9	g	782
@raigou	a	781
@saigado	a	781
@suujiniku	a	781
bipod	g	781
cloud_hair_ornament	g	781
conjoined	g	781
cross-laced_slit	g	781
dick_grayson	c	781
flayn_(fire_emblem)	c	781
hand_on_another's_knee	g	781
hand_on_hand	g	781
minami_yume	c	781
mococo_abyssgard_(1st_costume)	c	781
quetzalcoatl_(fate)	c	781
@cura	a	780
@hizuki_yayoi	a	780
@mimonel	a	780
@nyaru_(nyaru_4126)	a	780
foreskin_pull	g	780
glands_of_montgomery	g	780
kage_no_jitsuryokusha_ni_naritakute!	s	780
kazama_jin	c	780
kirby_and_the_forgotten_land	s	780
latex_thighhighs	g	780
long_arms	g	780
multicolored_ribbon	g	780
murasame_kai_ni_(kancolle)	c	780
paul_bunyan_(fate)	c	780
puyo_(puyopuyo)	c	780
reinforce_zwei	c	780
spider_print	g	780
uncle_and_niece	g	780
@saru	a	779
electrostimulation	g	779
hinomori_shizuku	c	779
paint_on_body	g	779
two-tone_shorts	g	779
@abe_kanari	a	778
@liang_xing	a	778
@makuran	a	778
@saishosaisekojo	a	778
arbok	c	778
asriel_dreemurr	c	778
beach_volleyball	g	778
gantz	s	778
gem_(symbol)	g	778
kaname_madoka_(magical_girl)	c	778
milfeulle_sakuraba	c	778
pool_table	g	778
power_connection	g	778
print_pants	g	778
purple_hakama	g	778
tanino_gimlet_(umamusume)	c	778
two-tone_tail	g	778
white_rabbit_(animal)	g	778
yamagumo_(kancolle)	c	778
@nedia_(nedia_region)	a	777
@seiru_(prairie)	a	777
akagi_ritsuko	c	777
condensation	g	777
fukuyama_mai	c	777
glove_biting	g	777
lazy_eye	g	777
marceline_abadeer	c	777
sf-a2_miki	c	777
tomato_slice	g	777
vox_akuma	c	777
wild_arms_2	s	777
wrestle_angels_survivor	s	777
@diesel-turbo	a	776
@noblood_(ryandomonica)	a	776
@sen_(astronomy)	a	776
agent_3_(splatoon)	c	776
camp_buddy	s	776
cell_(dragon_ball)	c	776
crypto_(apex_legends)	c	776
female_chief_(path_to_nowhere)	c	776
holding_whistle	g	776
mole_above_eye	g	776
momonosuke_(one_piece)	c	776
spiked_jacket	g	776
tales_of_destiny_2	s	776
women_livestock	g	776
yuki_setsuna_(love_live!)	c	776
@kunai_uri	a	775
@onigirikun	a	775
@wakura_(gcdan)	a	775
blue_poison_(shoal_beat)_(arknights)	c	775
crosshair_pupils	g	775
futanari_pov	g	775
gundam_0083	s	775
mipha	c	775
phosphophyllite_(ll)	c	775
@fir3born	a	774
cheng_xiaoshi	c	774
food_on_hand	g	774
hadashi_shoujo	s	774
luvdisc	c	774
nemoto_hina	c	774
niko_(blue_archive)	c	774
pozyomka_(arknights)	c	774
sewing_needle	g	774
sun_tattoo	g	774
@caffein	a	773
@inu_(aerodog)	a	773
@nana_g	a	773
||_||	g	773
banana_peel	g	773
bird_hair_ornament	g	773
board_eraser	g	773
cardiogram	g	773
chrysanthemum	g	773
finger_tattoo	g	773
harukaze_doremi	c	773
pet_food	g	773
petra_macneary	c	773
smelling_penis	g	773
wrist_belt	g	773
yomotsu_hisami	c	773
@marugoshi_(54burger)	a	772
@yuta_agc	a	772
bear_panties	g	772
captain_(honkai_impact)	c	772
kayneth_archibald_el-melloi	c	772
minun	c	772
prostate_milking	g	772
sakata_kintoki_(fate)	c	772
saunders_military_uniform	g	772
shirokane_rinko	c	772
two-tone_bowtie	g	772
unworn_thighhighs	g	772
winged_hair_ornament	g	772
wreckage	g	772
@atdan	a	771
cum_on_chest	g	771
golem	g	771
greymon	c	771
muscular_back	g	771
orange_border	g	771
super_mushroom	g	771
warlock_(ragnarok_online)	c	771
yatadera_narumi	c	771
@chai_(drawingchisanne)	a	770
@kurozawa_yui	a	770
@ray.s	a	770
camouflage_shirt	g	770
frieza	c	770
ghost_in_the_shell_stand_alone_complex	s	770
kuramoto_china	c	770
large_syringe	g	770
nunnally_vi_britannia	c	770
pussy_cutout	g	770
spread_armpit	g	770
stacking	g	770
the_shorekeeper_(wuthering_waves)	c	770
yatterman	s	770
@gazing_eye	a	769
@kimmy77	a	769
ace_combat	s	769
ankleband	g	769
gravel_(arknights)	c	769
heart_panties	g	769
inu_sakuya_(nejikirio)	c	769
signalis	s	769
tomori_nao	c	769
unworn_necklace	g	769
yellow_pikmin	c	769
@hayama_kazusa	a	768
armored_skirt	g	768
balance_scale	g	768
benikurage_(cookie)	c	768
gold_thighlet	g	768
ikuno_dictus_(umamusume)	c	768
lil-la_(yu-gi-oh!)	c	768
paper_mario:_the_thousand_year_door	s	768
pheromosa	c	768
propeller_hair_ornament	g	768
rikku_(ff10)	c	768
rumi_(blue_archive)	c	768
@mashiro_miru	a	767
@nagishiro_mito	a	767
@redrop	a	767
@satou_shouji	a	767
cassidy_(overwatch)	c	767
chiyoda_(kancolle)	c	767
cure_heart	c	767
loving_aura	g	767
vampy	c	767
@nanami_(nunnun_0410)	a	766
@sakimori_(hououbds)	a	766
@yamu_(reverse_noise)	a	766
bb_(swimsuit_mooncancer)_(third_ascension)_(fate)	c	766
fur_choker	g	766
green_serafuku	g	766
higashikata_josuke_(jojolion)	c	766
horned_mask	g	766
makoto_(blue_archive)	c	766
nimi_nightmare	c	766
sayagata	g	766
visible_air	g	766
@dopey_(dopq)	a	765
@ky.	a	765
alternate_breast_size_(larger)	g	765
code_geass:_lost_stories	s	765
dragon_tattoo	g	765
elpeo_puru	c	765
fluttershy	c	765
futari_wa_precure_max_heart	s	765
grey_robe	g	765
muffet	c	765
natsuumi_manatsu	c	765
paizuri_over_clothes	g	765
rosa_(arknights)	c	765
watercolor_pencil_(medium)	m	765
yoru_no_kurage_wa_oyogenai	s	765
@gakky	a	764
@seneto	a	764
@tanaka_kusao	a	764
eliza_(skullgirls)	c	764
franka_(arknights)	c	764
holographic_monitor	g	764
incineroar	c	764
project_diva	s	764
robotics;notes	s	764
tsuchinoko_(kemono_friends)	c	764
@maniacpaint	a	763
@qkat_(arikawa-dou)	a	763
ao_no_kanata_no_four_rhythm	s	763
digivice	g	763
emoticon	g	763
hook_hand	g	763
jaguar_girl	g	763
makai_senki_disgaea_3	s	763
mickey_mouse	c	763
okazaki_tomoya	c	763
person_and_animalization	g	763
x_arms	g	763
yorita_yoshino	c	763
@hamao	a	762
@hayashi_custom	a	762
@onija_tarou	a	762
@seihekiog	a	762
@yappen	a	762
kashino_(hot_springs_relaxation)_(azur_lane)	c	762
kirisaki_chitoge	c	762
out_of_character	g	762
poke_kid_(pokemon)	c	762
@cis_(carcharias)	a	761
baking	g	761
holding_flower_pot	g	761
inumuta_houka	c	761
isometric	g	761
mechanic	g	761
namikaze_minato	c	761
roma_(kancolle)	c	761
tashigi	c	761
thick_navel_hair	g	761
tms_entertainment	s	761
yagami_iori	c	761
@infinote	a	760
@manmosu_marimo	a	760
detached_pants	g	760
devil_may_cry_4	s	760
holding_carrot	g	760
incoming_punch	g	760
korra	c	760
night_raven_college_uniform	g	760
octopath_traveler_i	s	760
phantasmagoria_of_flower_view	s	760
purple_corset	g	760
cure_dream	c	759
imminent_paizuri	g	759
kinugasa_kai_ni_(kancolle)	c	759
kojima_neneko	c	759
lin_(arknights)	c	759
mikazuki_yozora	c	759
plusle	c	759
side-tie_swimsuit	g	759
xenoblade_chronicles_x	s	759
@old_school_academy	a	758
brown_shawl	g	758
camera_around_neck	g	758
creeper	c	758
gavis_bettel	c	758
heart-shaped_boob_challenge	g	758
holding_chainsaw	g	758
implied_extra_ears	g	758
lead_pipe	g	758
orca_girl	g	758
setsuna_f._seiei	c	758
shirahoshi	c	758
sneasel	c	758
teana_lanster	c	758
totooria_helmold	c	758
white_dog	g	758
yumeko_(touhou)	c	758
@kobayashi_chisato	a	757
@uni8	a	757
cutlass_(girls_und_panzer)	c	757
darkrai	c	757
dusk_ball	g	757
fist_pump	g	757
hoshina_hikaru	c	757
spade	g	757
@harusame_(unmei_no_ikasumi)	a	756
@kamiya_maneki	a	756
@mamaloni	a	756
@matsuda_(matsukichi)	a	756
@spam_(spamham4506)	a	756
commandant_teste_(kancolle)	c	756
gray_fullbuster	c	756
green_pubic_hair	g	756
kousaka_umi	c	756
mahoromatic	s	756
mirai_(senran_kagura)	c	756
pink_fire	g	756
plaid_apron	g	756
season_connection	g	756
shark_print	g	756
stop_sign	g	756
yumemizuki_mizuki	c	756
@xinzoruo	a	755
cure_sword	c	755
goku_black	c	755
hayasaka_mirei	c	755
hiro_hamada	c	755
holding_baby	g	755
huohuo_(honkai:_star_rail)	c	755
lissa_(fire_emblem)	c	755
plague_doctor_mask	g	755
smallfry_(splatoon)	c	755
squid_girl	g	755
tanaka_gundham	c	755
wiping	g	755
xie_lian	c	755
@ayanepuna	a	754
@g_(genesis1556)	a	754
@kokudou_juunigou	a	754
@muuran	a	754
akari_(raigou)	c	754
chloe_(pokemon)	c	754
majin_buu	c	754
milim_nava	c	754
on_water	g	754
pink_serafuku	g	754
reflection_focus	g	754
sleeveless_leotard	g	754
solo_leveling	s	754
washing_hair	g	754
@habatakuhituji	a	753
@jeneral	a	753
@shiokonbu	a	753
asuna_(school_uniform)_(blue_archive)	c	753
blue_blood	g	753
blue_eyeliner	g	753
felix_argyle	c	753
military_operator	g	753
mint	g	753
ogerpon	c	753
ralsei	c	753
record_of_lodoss_war	s	753
sakuragi_hanamichi	c	753
scooby-doo	s	753
twintails_day	g	753
yuel_(granblue_fantasy)	c	753
@kamogawa_tanuki	a	752
azazel_(helltaker)	c	752
captain_nemo_(fate)	c	752
ichinose_kotomi	c	752
kaname_madoka_(cosplay)	g	752
kasugano_urara_(yes!_precure_5)	c	752
kolin	c	752
milk_factory	s	752
mirror_image	g	752
odaiba_girls_high_school_uniform	g	752
shimazu_yoshino	c	752
shulk_(xenoblade)	c	752
super_blackjack	s	752
takakura_himari	c	752
tunomon	c	752
@mosha	a	751
||/	g	751
allen_walker	c	751
astesia_(arknights)	c	751
billiard_ball	g	751
boulder	g	751
eldridge_(azur_lane)	c	751
gerudo_set_(zelda)	g	751
green_tongue	g	751
mugshot	g	751
perseus_(azur_lane)	c	751
renkin_san-kyuu_magical_pokaan	s	751
san_(mononoke_hime)	c	751
skitty	c	751
suicune	c	751
texas_(willpower)_(arknights)	c	751
@lasterk	a	750
@uenomigi	a	750
9a-91_(girls'_frontline)	c	750
aiba_ami	c	750
amagi_(kancolle)	c	750
ballistic_shield	g	750
bellibolt	c	750
front-tie_bra	g	750
girls_und_panzer_senshadou_daisakusen!	s	750
male_doctor_(arknights)	c	750
ogre	g	750
pear	g	750
pixel_heart	g	750
yami_yuugi	c	750
@ringeko-chan	a	749
aqua_choker	g	749
blue_stripes	g	749
colored_blood	g	749
endou_saya	c	749
evoker	g	749
holding_comb	g	749
mismatched_wings	g	749
oven	g	749
pixiv_fantasia_t	s	749
@boa_(brianoa)	a	748
@horikoshi_kouhei	a	748
@moebell	a	748
@naoki_(shibu_asa_ryo)	a	748
@themaestronoob	a	748
collared_leotard	g	748
danball_senki	s	748
dorothy	c	748
jammers	g	748
lace-trimmed_collar	g	748
mr._squeaks_(hakos_baelz)	c	748
@heripantomorrow	a	747
@lainart	a	747
@silence_girl	a	747
amane_misa	c	747
beehive_hairdo	g	747
black_nightgown	g	747
blue_pikmin	c	747
cornelia_li_britannia	c	747
digital_clock	g	747
gold_tiara	g	747
heart_antenna_hair	g	747
i-13_(kancolle)	c	747
kyogre	c	747
mikazuki_(kancolle)	c	747
neck_garter	g	747
product_girl	g	747
soldier:_76_(overwatch)	c	747
unfinished_dream_of_all_living_ghost	s	747
@munashi_mujou	a	746
@satou_kibi	a	746
@shpo	a	746
blood_in_mouth	g	746
candace_(genshin_impact)	c	746
dating	g	746
elizabeth_(persona)	c	746
fried_rice	g	746
golden_arms	g	746
holding_unworn_hat	g	746
hoshizora_ikuyo	c	746
muffin	g	746
penetration_gesture	g	746
red_track_suit	g	746
scars_all_over	g	746
sparse_arm_hair	g	746
tidus	c	746
@cofffee	a	745
@ido_(teketeke)	a	745
@kojima_saya	a	745
@norasuko	a	745
amphibia	s	745
aoba_(blue_archive)	c	745
hands_on_floor	g	745
hazama	c	745
liskarm_(arknights)	c	745
mikko_(girls_und_panzer)	c	745
off-shoulder_coat	g	745
pink_butterfly	g	745
rhinoceros_beetle	g	745
rupee_(nikke)	c	745
sheffield_(azur_lane)	c	745
@yagisaka_seto	a	744
aomine_daiki	c	744
chocolate_banana	g	744
holding_calligraphy_brush	g	744
kickboard	g	744
nerissa_ravencroft_(1st_costume)	c	744
ousama_ranking	s	744
protagonist_(love_and_deepspace)	c	744
side_bangs	g	744
sirius_(scorching-hot_seirios)_(azur_lane)	c	744
@aikawa_arisa	a	743
@kiri_futoshi	a	743
@mawaru_(mawaru)	a	743
@sousou_(sousouworks)	a	743
anchor_earrings	g	743
cassock	g	743
kson	c	743
macross_7	s	743
poison	g	743
sebastian_michaelis	c	743
shauntal_(pokemon)	c	743
static	g	743
tales_of_symphonia:_dawn_of_the_new_world	s	743
@kamisimo_90	a	742
@karory	a	742
@machismo_fuji	a	742
@ryunnu	a	742
@thanuki	a	742
ass_ripple	g	742
black_scales	g	742
character_hood	g	742
daimon_masaru_(digimon_savers)	c	742
friedrich_der_grosse_(azur_lane)	c	742
gojou_wakana	c	742
jibril_(no_game_no_life)	c	742
rachnera_arachnera	c	742
smoker_(one_piece)	c	742
@mame	a	741
@socha	a	741
brown_mittens	g	741
cross_of_prontera	g	741
eas_(fresh_precure!)	c	741
hinata_hideki	c	741
mole_on_shoulder	g	741
rabbit_on_head	g	741
scratching_cheek	g	741
@aurahack	a	740
@horiguchi_yukiko	a	740
crash_bandicoot_(series)	s	740
dream_journey_(umamusume)	c	740
hasbro	s	740
mibuno_suzume	c	740
nikaidou_saki	c	740
noshiro_(azur_lane)	c	740
slug	g	740
spiked_halo	g	740
utdr_(toby_fox)	s	740
wax_seal	g	740
whale_hair_ornament	g	740
bruce_wayne	c	739
bubble_background	g	739
cheshire_cat_(alice_in_wonderland)	c	739
chest_guard	g	739
driver_(kamen_rider)	g	739
high-waist_pantyhose	g	739
hugh_(pokemon)	c	739
kawashima_ami	c	739
lei	g	739
mattress	g	739
perrin_(pokemon)	c	739
translucent_bunnysuit	g	739
zoe_(league_of_legends)	c	739
@nagase_haruhito	a	738
@ryuusei_(mark_ii)	a	738
@totokichi	a	738
alternate_pectoral_size	g	738
eiyuu_senki	s	738
gleam	g	738
headlock	g	738
holding_surfboard	g	738
huang_lingyin	c	738
kodansha	s	738
palworld	s	738
paula_(mother_2)	c	738
ribbon_earrings	g	738
runny_nose	g	738
saigusa_haruka	c	738
tramp_stamp	g	738
@blew_andwhite	a	737
@fuya_(tempupupu)	a	737
@gazacy_(dai)	a	737
@nyong_nyong	a	737
@ransusan	a	737
@takiki	a	737
@wazakita	a	737
awning	g	737
dragon_quest_vii	s	737
drawing_on_another's_face	g	737
elizabeth_liones	c	737
emo_fashion	g	737
flaming_hand	g	737
front_braid	g	737
green_hood	g	737
kore_wa_zombie_desu_ka?	s	737
luna_nova_school_uniform	g	737
queen's_gate	s	737
tiffania_westwood	c	737
cockroach	g	736
hatsuharu_(kancolle)	c	736
holding_pocket_watch	g	736
nagomi_yui	c	736
naked_cloak	g	736
sarashina_ruka	c	736
super_saiyan_2	g	736
tendou_nabiki	c	736
the_tale_of_food	s	736
@felutiahime	a	735
@sak_(lemondisk)	a	735
@shintarou	a	735
@yt_(wai-tei)	a	735
digestion	g	735
hinoa	c	735
italian_text	g	735
minegumo_(kancolle)	c	735
nicholas_d._wolfwood	c	735
red_wrist_cuffs	g	735
ryouna_(senran_kagura)	c	735
scp_foundation	s	735
taimanin_asagi_3	s	735
tashkent_(azur_lane)	c	735
underbutt	g	735
@ewa_(seraphhuiyu)	a	734
@makicha_(sasurainopink)	a	734
@mikan_(chipstar182)	a	734
@nigou	a	734
@tsukiyo_(skymint)	a	734
ainu	g	734
boyshort_panties	g	734
flagpole	g	734
grizzly_mkv_(girls'_frontline)	c	734
hero_(dq11)	c	734
jinbe_(one_piece)	c	734
kamen_rider_revice	s	734
koito_yuu	c	734
m._bison	c	734
marui_mitsuba	c	734
toaru_kagaku_no_mental_out	s	734
undefined_fantastic_object	s	734
zebra_print	g	734
@echj	a	733
@itou_yuuji	a	733
@jujunaught	a	733
a_hat_in_time	s	733
almond_eye_(umamusume)	c	733
circular_saw	g	733
kano_shuuya	c	733
kuonji_alice	c	733
meta	g	733
sock_on_penis	g	733
wok	g	733
@puuzaki_puuna	a	732
cthulhu_mythos	s	732
diyusi_(cookie)	c	732
evolution	g	732
leg_cutout	g	732
luxray	c	732
male_on_futa	g	732
manaka_non	c	732
mohammed_avdol	c	732
mon-musu_quest:_paradox	s	732
squeezing_testicles	g	732
striped_belt	g	732
@marup	a	731
@mosho	a	731
champagne_bottle	g	731
chocolate_syrup	g	731
cutting	g	731
double_\m/	g	731
grey_armor	g	731
holonatsu_paradise	s	731
metal_gear_solid_v:_the_phantom_pain	s	731
mochizuki_ryouji	c	731
multicolored_pants	g	731
nyon_(cookie)	c	731
pandora_hearts	s	731
roger_(guilty_gear)	c	731
sakata_nemuno	c	731
sakawa_(kancolle)	c	731
very_long_ears	g	731
@butakoma_300g	a	730
@rei_(rei's_room)	a	730
@souryu	a	730
@yakihebi	a	730
akimoto_komachi	c	730
g41_(girls'_frontline)	c	730
head_between_thighs	g	730
houndoom	c	730
meiou_setsuna	c	730
minamoto_kouji	c	730
missing_eye	g	730
shikanoko_nokonoko_koshitantan	s	730
spurs	g	730
ukiyo-e	g	730
vgen_commission	m	730
@gawako	a	729
@harada_(sansei_rain)	a	729
@neoartcore	a	729
@no_name_ninja	a	729
bagged_fish	g	729
bound_toes	g	729
caliburn_(fate)	g	729
freyja_wion	c	729
hauchiwa	g	729
heart_hands_failure	g	729
mousetrap	g	729
sora_(arknights)	c	729
tall_grass	g	729
virgin_killer_outfit	g	729
@aogami	a	728
@mario_(mario_portal)	a	728
@ricegnat	a	728
asymmetrical_pants	g	728
feet_on_chair	g	728
high_five	g	728
holding_paddle	g	728
nina_kosaka	c	728
oka_asahi	c	728
painwheel_(skullgirls)	c	728
plotmon	c	728
rimururu	c	728
sebastian_piyodore	c	728
snowbreak:_containment_zone	s	728
tanikaze_(kancolle)	c	728
@at_classics	a	727
@hirano_katsuyuki	a	727
@senri_gan	a	727
crotchless_pants	g	727
feldt_grace	c	727
guilty_gear_x	s	727
hedge	g	727
inflatable_whale	g	727
mejiro_bright_(umamusume)	c	727
movie_theater	g	727
pixiv_fantasia_fallen_kings	s	727
psycho-pass	s	727
pururut	c	727
single_mechanical_hand	g	727
wardrobe_error	g	727
yamaha	s	727
yuuki_yuuna	c	727
@alex_ahad	a	726
@daizu_(melon-lemon)	a	726
@ekz_(robotekz)	a	726
@michael_f91	a	726
blowhole	g	726
deep_wound	g	726
dracu-riot!	s	726
electrocution	g	726
glitch_productions	s	726
nanakusa_nazuna_(yofukashi_no_uta)	c	726
penguin_girl	g	726
procreate_(software)	g	726
roxanne_(pokemon)	c	726
sad_smile	g	726
white_blood_cell_(hataraku_saibou)	c	726
zima_(arknights)	c	726
@9law	a	725
@cafekun	a	725
@goma_(yoku_yatta_hou_jane)	a	725
@mibu_natsuki	a	725
covered_clitoris	g	725
hume	g	725
kama_(first_ascension)_(fate)	c	725
meka_(overwatch)	c	725
o-ring_harness	g	725
orange-tinted_glasses	g	725
princess_serenity	c	725
red_upholstery	g	725
regina_(dokidoki!_precure)	c	725
tennis_court	g	725
@lento_(glamour_works)	a	724
@nishikujic	a	724
2003	g	724
alucard_(hellsing)	c	724
charlotte_(genshin_impact)	c	724
delmogeny_uniform	g	724
dinosaur_king	s	724
earth_federation	g	724
ichikawa_kyoutarou	c	724
inui_sajuna	c	724
log_horizon	s	724
namine	c	724
nausicaa	c	724
nekomiya_hinata	c	724
pitchfork	g	724
scorpion_tail	g	724
vertical-striped_vest	g	724
@ndgd	a	723
@osashin_(osada)	a	723
@pongldr	a	723
@r-wade	a	723
@takatsuki_ichi	a	723
@twrlare	a	723
biting_clothes	g	723
black_keys_(type-moon)	g	723
blue_innertube	g	723
edna_(tales)	c	723
flat_chest_grab	g	723
floating_skull	g	723
gabriel_tenma_white	c	723
hataya_misuzu	c	723
headlight	g	723
implied_cunnilingus	g	723
lavinia_whateley_(fate)	c	723
morgan_(female)_(fire_emblem)	c	723
poke_ball_(legends)	g	723
print_swim_trunks	g	723
skull_hat_ornament	g	723
@m_k	a	722
@shinapuu	a	722
@yamamoto_doujin	a	722
chii	c	722
comet	g	722
execution	g	722
gang_rape	g	722
jav	s	722
kagero_(fire_emblem)	c	722
kai_no_kiseki	s	722
kusanagi_kyou	c	722
priestess_(arknights)	c	722
risotto_nero	c	722
romani_archaman	c	722
team_aqua	g	722
yellow_boots	g	722
zuikaku_(azur_lane)	c	722
@dermar	a	721
@mokufuu	a	721
@ryouma_(galley)	a	721
@tama_(tamago)	a	721
alchemist_(ragnarok_online)	c	721
bastard!!	s	721
behind-the-head_headphones	g	721
fingering_through_panties	g	721
fox_mccloud	c	721
glass_table	g	721
heart_belt	g	721
hua_cheng	c	721
jeanne_d'arc_(swimsuit_archer)_(first_ascension)_(fate)	c	721
lambda-11	c	721
nekota_tsuna	c	721
saint_quartz_(fate)	g	721
silent_hill_2	s	721
sucking_male_nipple	g	721
tsujino_akari	c	721
yamada_aoi	c	721
@atg_(wttoo0202)	a	720
@ruukii_drift	a	720
@swordsouls	a	720
august_von_parseval_(azur_lane)	c	720
black_headphones	g	720
ear_scrunchie	g	720
fuwawa_abyssgard_(1st_costume)	c	720
hinoka_(fire_emblem)	c	720
ibispaint_(medium)	m	720
japari_bun	g	720
komi_shuuko	c	720
long_glove	g	720
penis_on_stomach	g	720
scizor	c	720
short_braid	g	720
twitter_strip_game	g	720
@cyberboi	a	719
@luke_(dydansgur)	a	719
@nabe0721	a	719
aikatsu_friends!	s	719
brown_pubic_hair	g	719
clothes_theft	g	719
doukutsu_monogatari	s	719
hindenburg_(azur_lane)	c	719
kouzuki_kallen	c	719
multigrope	g	719
object_floating_above_hand	g	719
pushing_away	g	719
rattle	g	719
thai_text	g	719
typhon_(arknights)	c	719
ulrich_von_hutten_(azur_lane)	c	719
very_long_tail	g	719
;(	g	718
@kupa_(jesterwii)	a	718
cure_prism	c	718
eggshell	g	718
film_strip	g	718
gunslinger_girl	s	718
kiana_kaslana_(herrscher_of_the_void)	c	718
mine_(blue_archive)	c	718
naomi_(girls_und_panzer)	c	718
purple_feathers	g	718
shamoji	g	718
shiun_sumika	c	718
@hikawadou	a	717
@kamikiririp	a	717
@khyle.	a	717
@pepper0	a	717
@sydus	a	717
@yakob_labo	a	717
@yutakasan-love	a	717
@yuto_(dialique)	a	717
bulging_eyes	g	717
carbine	g	717
i-class_destroyer	c	717
indomitable_(azur_lane)	c	717
latex_dress	g	717
merchandise_available	m	717
moth_wings	g	717
parody_request	m	717
ryofu_housen	c	717
sans_(undertale)	c	717
yoshikawa_yuuko	c	717
yuzuki_choco_(1st_costume)	c	717
@haoro	a	716
@suyasuyabi	a	716
caeda_(fire_emblem)	c	716
downpants	g	716
fading	g	716
floating_hair_ornament	g	716
inami_mahiru	c	716
injection	g	716
kogitsunemaru	c	716
mr._crawling	c	716
negev_(girls'_frontline)	c	716
workout_clothes	g	716
@arnest	a	715
@fei_(maidoll)	a	715
@funnyari	a	715
@ice_place	a	715
@modare	a	715
@okiraku_nikku	a	715
@yukia_(firstaid0)	a	715
aquila_(kancolle)	c	715
bell_earrings	g	715
bruised_eye	g	715
heroic_spirit_traveling_outfit	g	715
penis_piercing	g	715
print_footwear	g	715
roaring	g	715
shaped_pubic_hair	g	715
takakamo_shizuno	c	715
wanted	g	715
@ikkyuu	a	714
@nishimata_aoi	a	714
@taketora_suzume	a	714
autofacial	g	714
bakuman	s	714
baseball_(object)	g	714
bell-bottoms	g	714
joy-con	g	714
kusugawa_sasara	c	714
mage_(dungeon_and_fighter)	c	714
oktavia_von_seckendorff	c	714
shadow_(persona)	c	714
xenosaga_episode_iii	s	714
@chikuwa.	a	713
@kuro_suto_sukii	a	713
@nanoless	a	713
@rakeemspoon	a	713
amano_keita	c	713
armored_core_6	s	713
feather_dress	g	713
jahy-sama_wa_kujikenai!	s	713
kinu_(kancolle)	c	713
miyamoto_iori_(fate)	c	713
noblesse_of_rouge	s	713
seeu	c	713
silvervale	c	713
@2b-ge	a	712
@gintarou_(kurousagi108)	a	712
@kimura_takahiro	a	712
@lasto	a	712
@mvv	a	712
@sakuraba_yuuki	a	712
@sazaki_ichiri	a	712
@shibori_kasu	a	712
@synecdoche	a	712
@twistedscarlett60	a	712
aa-12_(girls'_frontline)	c	712
bishoujo_senshi_sailor_moon_sailor_stars	s	712
chocola_(nekopara)	c	712
flower_dress	g	712
hanae_(blue_archive)	c	712
hisuian_zorua	c	712
hyuna_(alien_stage)	c	712
mg42	g	712
okita_j._souji_(fate)	c	712
power_symbol-shaped_pupils	g	712
self-harm_scar	g	712
stahlhelm	g	712
stuffed_bird	g	712
taller_female	g	712
unworn_scarf	g	712
valkyrie_(fate)	c	712
@mitake_eil	a	711
@suurin_(ksyaro)	a	711
@yamabukiiro	a	711
ars_almal	c	711
bottle_miku	c	711
dying	g	711
erwin_smith	c	711
frilled_vest	g	711
froakie	c	711
fusuma	g	711
goodra	c	711
luciela_r._sourcream	c	711
patent_heels	g	711
saniwa_(touken_ranbu)	c	711
time_stop	g	711
too_many_sex_toys	g	711
wiping_mouth	g	711
yakusoku_no_neverland	s	711
@noai_nioshi	a	710
clemont_(pokemon)	c	710
eyes_out_of_frame	g	710
kanaria	c	710
ofuda_between_fingers	g	710
okada_izou_(fate)	c	710
pamiat_merkuria_(azur_lane)	c	710
playing_with_another's_hair	g	710
rooster	g	710
shalom_(path_to_nowhere)	c	710
swan	g	710
zettai_karen_children	s	710
zipper_skirt	g	710
@hisona_(suaritesumi)	a	709
@miwa_shirow	a	709
@paru_rari	a	709
@rouka_(akatyann)	a	709
akb0048	s	709
angemon	c	709
arm_scrunchie	g	709
baba_konomi	c	709
genie	g	709
genshiken	s	709
hanna-justina_marseille	c	709
kariyushi_shirt	g	709
marriage_proposal	g	709
okinami_(kancolle)	c	709
protagonist_(smtv)	c	709
purple_sweater_vest	g	709
randal_ivory	c	709
summon_night_3	s	709
taichou_haori	g	709
tooth_earrings	g	709
unworn_bowtie	g	709
@dannex009	a	708
@yukataro	a	708
against_window	g	708
black_straps	g	708
kallen_kaslana	c	708
kyoto_animation	s	708
misdreavus	c	708
paizuri_on_lap	g	708
queen_elizabeth_(azur_lane)	c	708
.hack//g.u.	s	707
@bluefield	a	707
@miyama-zero	a	707
@potato_house	a	707
@saltyxodium	a	707
gawain_(fate)	c	707
glass_slipper	g	707
gradient_kimono	g	707
gradient_tail	g	707
malina_(helltaker)	c	707
privaty_(nikke)	c	707
sesshoumaru	c	707
shamare_(arknights)	c	707
uesugi_fuutarou	c	707
@collagen	a	706
@hosizora_mikoto	a	706
blue_oni	g	706
cat's_cradle	g	706
elf_(dragon's_crown)	c	706
holding_sketchbook	g	706
ichii_yui	c	706
jiraiya_(naruto)	c	706
sakamoto_ryuuji	c	706
shiki_(senran_kagura)	c	706
starting_future_(umamusume)	g	706
transcend_(umamusume)	c	706
@846-gou	a	705
@nahaki	a	705
@nakamura_regura	a	705
@wanaata	a	705
a_(phrase)	g	705
adjusting_leotard	g	705
boota_(ttgl)	c	705
eevee_(cosplay)	g	705
fishbowl	g	705
fubuki_shirou	c	705
goomba	c	705
hinata_natsumi	c	705
houlen_yabusame	c	705
railgun	g	705
stinger	g	705
timoris_(bang_dream!)	c	705
@harris_hero	a	704
@makarou	a	704
@maki_(seventh_heaven_maxion)	a	704
@mirai_hikari	a	704
@ninai	a	704
binary	g	704
bite_mark_on_breast	g	704
grandia_i	s	704
hentai_ouji_to_warawanai_neko.	s	704
ling_xiaoyu	c	704
martha_(swimsuit_ruler)_(fate)	c	704
subway	g	704
white_lily	s	704
@akino_shuu	a	703
@mochizuki_nozomu	a	703
cast	g	703
catherine_(game)	s	703
fire_emblem:_new_mystery_of_the_emblem	s	703
grey_collar	g	703
kanoe_(blue_archive)	c	703
kasugano_sora	c	703
king_(snk)	c	703
lady_maria_of_the_astral_clocktower	c	703
princess_bonnibel_bubblegum	c	703
red_xiii	c	703
seed	g	703
shadows_house	s	703
@beijuu	a	702
@pochi_(pochi-goya)	a	702
@sakaki_imasato	a	702
@youjo_modoki	a	702
@zucchini	a	702
belarus_(hetalia)	c	702
dororo_(tezuka)	s	702
rubik's_cube	g	702
spray_paint	g	702
starry_hair	g	702
@aile_(crossroads)	a	701
@hamada_yoshikazu	a	701
@krudears	a	701
@noise_(lesion949)	a	701
@uranaishi_(miraura)	a	701
@wokada	a	701
@zuwai_kani	a	701
black_swim_briefs	g	701
flirting	g	701
holding_binoculars	g	701
kokonoe_(blazblue)	c	701
maroon_hair	g	701
minea_(dq4)	c	701
mishaguji	c	701
rainbow_six_siege	s	701
shimabara_elena	c	701
wireless_earphones	g	701
@nishida_megane	a	700
@tenmaso	a	700
@xingzhi_lv	a	700
aiba_yumi	c	700
another	s	700
autopaizuri	g	700
cure_miracle	c	700
metroid_dread	s	700
mika_(swimsuit)_(blue_archive)	c	700
pink_innertube	g	700
plaid_sleeves	g	700
quad_braids	g	700
school_of_fish	g	700
seishou_music_academy_uniform	g	700
side-tie_shirt	g	700
tanaka_asuka	c	700
terumi_mei	c	700
warfarin_(arknights)	c	700
@aikome_(haikome)	a	699
@hatano_kiyoshi	a	699
@metata	a	699
@nao_(ritsancrossover)	a	699
brynhildr_(fate)	c	699
calendar_(medium)	g	699
instrument_on_back	g	699
mountain_of_faith	s	699
mousepad_(object)	g	699
regulus_(reverse:1999)	c	699
reinforce	c	699
striped_pajamas	g	699
wet_face	g	699
x3	g	699
yellow_jumpsuit	g	699
@akagashi_hagane	a	698
@genzoman	a	698
@rinotuna	a	698
battle_girl_high_school	s	698
broken_eyewear	g	698
container	g	698
covering_with_blanket	g	698
gokotai	c	698
gundam_g_no_reconguista	s	698
hans_christian_andersen_(fate)	c	698
hinata_channel	s	698
implied_paizuri	g	698
inazuma_eleven_go_galaxy	s	698
kobayakawa_rinko	c	698
matsukaze_tenma	c	698
roll.exe_(mega_man)	c	698
shimaidon	g	698
slide	g	698
world_masterpiece_theater	s	698
@morikura_en	a	697
@sakurajima_saromako	a	697
arm_on_another's_shoulder	g	697
autofellatio	g	697
breath_of_fire_v	s	697
brown_cat	g	697
c-string	g	697
changing_room	g	697
four-finger_heart_hands	g	697
glass_door	g	697
nelson_(kancolle)	c	697
plant_hair	g	697
platform_shoes	g	697
sonohara_anri	c	697
sukonbu_(shirakami_fubuki)	c	697
tree_horns	g	697
vanilla_(nekopara)	c	697
@the_only_shoe	a	696
buttercup_(ppg)	c	696
censored_text	g	696
covering_chest	g	696
directed-energy_weapon	g	696
disneyland	s	696
eiden_(nu_carnival)	c	696
fruit_on_head	g	696
gesugao	g	696
gilgamesh_(caster)_(fate)	c	696
hooded_shirt	g	696
lotte_no_omocha!	s	696
luna_(sailor_moon)	c	696
paper_texture	g	696
pink_streaks	g	696
sleigh	g	696
spread_navel	g	696
windsock	g	696
@akchu	a	695
@chouzuki_maryou	a	695
@miclot	a	695
@nannacy7	a	695
@rindou_(radical_dream)	a	695
@sunhyun	a	695
chespin	c	695
misogi_(princess_connect!)	c	695
nitocris_(swimsuit_assassin)_(fate)	c	695
uzuki_kou	c	695
white_hakama	g	695
@ham_(points)	a	694
@nameo_(judgemasterkou)	a	694
@rin_yuu	a	694
@yakisobapan_tarou_&_negitoro-ko	a	694
cash_register	g	694
cross-laced_skirt	g	694
emet-selch	c	694
fiery_background	g	694
heart-shaped_ornament	g	694
nao_(mabinogi)	c	694
quagsire	c	694
rory_mercury	c	694
shez_(female)_(fire_emblem)	c	694
shiori_(princess_connect!)	c	694
sparse_navel_hair	g	694
viking	g	694
@alphonse_(white_datura)	a	693
@cream_(nipakupa)	a	693
@michairu	a	693
@mumyou_ishi	a	693
@nagami_yuu	a	693
annotation_request	m	693
dragon_quest_vi	s	693
flower_on_chest	g	693
iris_heart	c	693
isekaijoucho	c	693
itsuka_kotori	c	693
kariya_masaki	c	693
kikyou_(swimsuit)_(blue_archive)	c	693
nishikata	c	693
riding_animal	g	693
tales_of_innocence	s	693
tiger_costume	g	693
vertical-striped_headwear	g	693
yellow_lips	g	693
@karutamo	a	692
@kimoshi	a	692
@ponsuke_(pon00000)	a	692
@shibacha	a	692
@the_golden_smurf	a	692
barbell	g	692
body_pillow	g	692
carbuncle_(puyopuyo)	c	692
fruit_hat_ornament	g	692
happiness!	s	692
hat_bell	g	692
rainbow_dash	c	692
swirl	g	692
toriko_no_(series)	s	692
yumizuka_satsuki	c	692
zen'in_maki	c	692
@juurouta	a	691
@kotatsu_(g-rough)	a	691
@meimaru_inuchiyo	a	691
@nanjou_asuka	a	691
alear_(male)_(fire_emblem)	c	691
flag_background	g	691
gold_buttons	g	691
hangar	g	691
leaf_hat_ornament	g	691
low_side_ponytail	g	691
morag_ladair_(xenoblade)	c	691
pinstripe_vest	g	691
power_girl	c	691
spiked_helmet	g	691
subaru_duck	c	691
bite_mark_on_shoulder	g	690
casing_ejection	g	690
cecil_harvey	c	690
dragonair	c	690
hat_kid	c	690
kiyama_hiroto	c	690
noripro	s	690
orange_wings	g	690
screw_in_head	g	690
sombra_(overwatch)	c	690
tentacle_and_witches	s	690
yellow_buttons	g	690
@hayakawa_harui	a	689
@hiiragi_yuuichi	a	689
@idkuroi	a	689
@jyt	a	689
@saki_chisuzu	a	689
argyle_cutout	g	689
ben_bigger	c	689
ben-day_dots	g	689
coach	g	689
front_zipper_swimsuit	g	689
glove_pull	g	689
hino_akane_(idolmaster)	c	689
ichigo_hitofuri	c	689
kamaboko	g	689
kobayakawa_yutaka	c	689
koumajou_densetsu	s	689
oversized_forearms	g	689
rinne_no_lagrange	s	689
utsugi_yuuki	c	689
@amagi_(amagi626)	a	688
@hajika	a	688
@hanasaka_houcha	a	688
@roropull	a	688
@silly_(marinkomoe)	a	688
flower_(vocaloid4)	c	688
holding_reins	g	688
iori_junpei	c	688
maya_kai_ni_(kancolle)	c	688
summer_wars	s	688
taut_swimsuit	g	688
wei_wuxian_(yiling_laozu)	c	688
@deaver	a	687
@korie_riko	a	687
@kunabishi	a	687
@lumarianne20	a	687
@mattari_yufi	a	687
@mitha	a	687
@nezunezu	a	687
airfield_princess	c	687
cilan_(pokemon)	c	687
dirigible	g	687
giovanna_(guilty_gear)	c	687
hands_in_own_hair	g	687
isekai_maou_to_shoukan_shoujo_no_dorei_majutsu	s	687
jaune_arc	c	687
mishima_kazuya	c	687
misono_karin	c	687
on_pillow	g	687
shippou_(pattern)	g	687
tile_ceiling	g	687
yoru_mac	s	687
@kasuga_yukihito	a	686
@morino_hon	a	686
@ramudia_(lamyun)	a	686
@tof	a	686
adjusting_footwear	g	686
against_fence	g	686
byakugan	g	686
gradient_jacket	g	686
grilling	g	686
hugging_own_tail	g	686
imperial_japanese_navy	g	686
kise_ryouta	c	686
nail_polish_bottle	g	686
oda_nobunaga_(maou_avenger)_(fate)	c	686
rukuriri_(girls_und_panzer)	c	686
shimakaze_(azur_lane)	c	686
skadi_(waverider)_(arknights)	c	686
summertime_render	s	686
winged_halo	g	686
@kisaragi_nana	a	685
@studio_sunadokei	a	685
anti-aircraft	g	685
cloud_retainer_(genshin_impact)	c	685
gingham	g	685
kurotsuchi_nemu	c	685
leaking	g	685
marinette_dupain-cheng	c	685
orange_trim	g	685
saria_(zelda)	c	685
studded_gloves	g	685
suzuki_jun	c	685
yuki_setsuna	c	685
yume_kawaii	g	685
@honjou_raita	a	684
@konakona	a	684
@kuena	a	684
angelfish	g	684
ein_(blue_archive)	c	684
foot_tickling	g	684
halfling	g	684
mo_chengwei	c	684
naga_the_serpent	c	684
octane_(apex_legends)	c	684
ogami_tamaki	c	684
onegai_teacher	s	684
pastel_(medium)	m	684
yellow_collar	g	684
zero(z)_(mega_man)	c	684
@gachou	a	683
@n.g.	a	683
@noripachi	a	683
@tima	a	683
@volvox	a	683
bioluminescence	g	683
book_on_lap	g	683
chattino_(raora_panthera)	c	683
ichigo_100_percent	s	683
kinchaku	g	683
natsume_kyousuke	c	683
pikachu_(cosplay)	g	683
rieszverne_suzette_paladill	c	683
sand_cat_(kemono_friends)	c	683
senran_kagura_estival_versus	s	683
serena_(yu-gi-oh!)	c	683
urbosa	c	683
@st.germain-sal	a	682
@tedain	a	682
@yume_yoroi	a	682
arcana_heart_2	s	682
fortified_suit	g	682
prompto_argentum	c	682
squirrel_girl_(marvel)	c	682
tiefling	c	682
@ashiomi_masato	a	681
@vilde_loh_hocen	a	681
bus_interior	g	681
cammy_white_(cosplay)	g	681
flaming_eyes	g	681
holding_spring_onion	g	681
hoppip	c	681
huge_horns	g	681
kemono_friends_2	s	681
komainu_ears	g	681
lane_line	g	681
maria_robotnik	c	681
vibrator_in_thigh_strap	g	681
xblaze	s	681
@akitetsu	a	680
@saitou_masatsugu	a	680
@suzuki_toto	a	680
5others	g	680
bambietta_basterbine	c	680
black_haori	g	680
double_vaginal	g	680
dragon_village_collection	s	680
horned_hood	g	680
hoshi_ryoma	c	680
mauser_98	g	680
nanami_touko	c	680
silver_the_hedgehog	c	680
ssrb_(shishiro_botan)	c	680
victorian_maid	g	680
@harimoji	a	679
@kamiyoshi_rika	a	679
@mefomefo	a	679
@ppshex	a	679
@saburou_(hgmg)	a	679
@yamada_(gotyui)	a	679
arare_(kancolle)	c	679
colored_eyepatch	g	679
diamond_(houseki_no_kuni)	c	679
fish_tank	g	679
game_over	g	679
judy_hopps	c	679
kuroo_tetsurou	c	679
kurosaki_chitose	c	679
menace_(queen's_blade)	c	679
olivia_(fire_emblem)	c	679
pravda_military_uniform	g	679
shizune_(naruto)	c	679
symbiote	g	679
tobiichi_origami	c	679
yakushiji_saaya	c	679
yellow_umbrella	g	679
@eufoniuz	a	678
@john_doe	a	678
@libre	a	678
arcane_vi	c	678
color_timer	g	678
fujino_shizuru	c	678
kaminari_denki	c	678
lofter_username	g	678
meteor_shower	g	678
mortarboard	g	678
mygo!!!!!_(bang_dream!)	g	678
touhoku_itako	c	678
untied_bikini_top	g	678
@ideolo	a	677
@konbu_wakame	a	677
@redjet	a	677
@tab_head	a	677
anya_alstreim	c	677
azarin_(kouyoku_senki_exs-tia)	c	677
chocolate_on_face	g	677
dead_by_daylight	s	677
hackmon_(appmon)	c	677
holding_baton	g	677
imminent_hug	g	677
katagiri_sanae	c	677
lily_black	c	677
mole_on_armpit	g	677
nero_(devil_may_cry)	c	677
ozen	c	677
shinguji_korekiyo	c	677
triangle-shaped_pupils	g	677
uehara_himari	c	677
urotsuki	c	677
@giuniu	a	676
@kuppipi_ramutarou	a	676
@saiguchi_otoufu	a	676
black_slingshot_swimsuit	g	676
hawkmon	c	676
hoshino_(young)_(blue_archive)	c	676
laharl	c	676
leonie_pinelli	c	676
mage_(ragnarok_online)	c	676
mahito_(jujutsu_kaisen)	c	676
multicolored_hat	g	676
natsuki_rin	c	676
nishino_flower_(umamusume)	c	676
shalltear_bloodfallen	c	676
tofu	g	676
voile	g	676
@jason_(kaiten_kussaku_kikou)	a	675
bokuto_koutarou	c	675
cunnilingus_through_clothes	g	675
dekomori_sanae	c	675
espurr	c	675
firefly_(spring_missive)_(honkai:_star_rail)	c	675
kangoku_senkan_3	s	675
nutaku	s	675
pants_under_dress	g	675
sableye	c	675
snake_tattoo	g	675
swimsuit_skirt	g	675
tamaki_kotatsu	c	675
tied_to_chair	g	675
unconventional_media	m	675
@hero_neisan	a	674
@rikuguma	a	674
@ryuukishi07	a	674
@sakuya_tsuitachi	a	674
anise_tatlin	c	674
baseball_stadium	g	674
cherry_tomato	g	674
gradient_nails	g	674
hatsume_mei	c	674
kidnapping	g	674
refraction	g	674
shinza_bansho_series	s	674
surtr_(colorful_wonderland)_(arknights)	c	674
yae_miko_(fox)	c	674
@ge-b	a	673
@monori_rogue	a	673
@setz	a	673
@takaharu	a	673
@takeya_masami	a	673
@tsuruse	a	673
decidueye	c	673
electrodes	g	673
holding_mallet	g	673
kitakami_reika	c	673
matou_shinji	c	673
murasame_(senren)	c	673
ring_fit_adventure	s	673
senkawa_chihiro	c	673
single_elbow_pad	g	673
single_knee_boot	g	673
striped_bikini_top	g	673
yae_sakura_(gyakushinn_miko)	c	673
@guweiz	a	672
brown-tinted_eyewear	g	672
cuirass	g	672
cure_lovely	c	672
draco_centauros	c	672
grape_hair_ornament	g	672
puzzle_piece	g	672
through_medium	g	672
toothpick	g	672
@anmi	a	671
@cirenk	a	671
@gggg	a	671
@limgae	a	671
@nagioka	a	671
gundam_08th_ms_team	s	671
honzuki_no_gekokujou	s	671
inukai_iroha	c	671
irako_(kancolle)	c	671
lotte_jansson	c	671
seto_kousuke	c	671
shigaraki_tomura	c	671
stick_poster	g	671
yorick_(shiori_novella)	c	671
@ejami	a	670
@kokomi_(aniesuakkaman)	a	670
@mamimi_(mamamimi)	a	670
@woodonly	a	670
andou_mahoro	c	670
hinomiya_ayari	c	670
pacific_rim	s	670
ribbon_(kirby)	c	670
size_comparison	g	670
toph_bei_fong	c	670
trucy_wright	c	670
@m.m	a	669
@masara_(chuujou)	a	669
@negresco	a	669
body_switch	g	669
flower_basket	g	669
gamera	c	669
ginkgo_tree	g	669
holding_bird	g	669
minakami_mai	c	669
reverse_newhalf	g	669
tippy_(gochuumon_wa_usagi_desuka?)	c	669
wakfu	s	669
@natsuya_(kuttuki)	a	668
addams_family	s	668
akemi_homura_(magical_girl)	c	668
blushing_female	g	668
cyan_(show_by_rock!!)	c	668
dog_hair_ornament	g	668
dr._eggman	c	668
erwin_(girls_und_panzer)	c	668
falin_touden_(tallman)	c	668
green_nipples	g	668
hidden_face	g	668
kaga_sumire	c	668
okunoda_miyoi	c	668
ouro_kronii_(maid)	c	668
pincers	g	668
reimu_endou	c	668
vest_lift	g	668
@f.s.	a	667
@frfr	a	667
@kannko_bokujou	a	667
@shirokuma_a	a	667
@sorani_(kaeru0768)	a	667
handa_roco	c	667
holding_riding_crop	g	667
kar98k_(girls'_frontline)	c	667
koiwai_yotsuba	c	667
midnight_bliss	g	667
neeko_(league_of_legends)	c	667
pink_babydoll	g	667
severa_(fire_emblem)	c	667
tokugawa_matsuri	c	667
unworn_crown	g	667
weasel_girl	g	667
win_variation_(umamusume)	c	667
@nyxerebos	a	666
@tony_welt	a	666
clodsire	c	666
dislyte	s	666
holding_cape	g	666
ki-sikil_(yu-gi-oh!)	c	666
kibito_high_school_uniform	g	666
legacy_of_lunatic_kingdom	s	666
m1_bazooka	g	666
sling_bikini_top	g	666
yellow_bandana	g	666
@aosora2823	a	665
@go-1	a	665
@hikawa_shou	a	665
@misteor	a	665
@shin'yashiki	a	665
@yasume_yukito	a	665
argyle_dress	g	665
chimchar	c	665
crocodile	g	665
goldmary_(fire_emblem)	c	665
green_camisole	g	665
helena_(azur_lane)	c	665
keroro	c	665
kung_fu	g	665
megatron	c	665
minoto	c	665
mp40_(girls'_frontline)	c	665
pyocomon	c	665
schneider_(reverse:1999)	c	665
shinomiya_fuyumi	c	665
steampunk_(liarsoft)	s	665
wool	g	665
yellow_sailor_collar	g	665
@anbe_yoshirou	a	664
@kumiko_shiba	a	664
@maboroshi_mochi	a	664
@maruto!	a	664
@tomohiro_kai	a	664
bat_ornament	g	664
dressing_room	g	664
glove_cutout	g	664
hololive_idol_uniform_(bright)	g	664
lupa_(wuthering_waves)	c	664
masu	g	664
mona_(warioware)	c	664
neko_(minato_aqua)	c	664
piano_print	g	664
red_swim_trunks	g	664
rei_(cookie)	c	664
single_bare_foot	g	664
south_dakota_(kancolle)	c	664
throat_microphone	g	664
warframe	s	664
weavile	c	664
@akara_kai	a	663
@gomtang	a	663
@ishii_hisao	a	663
d:<	g	663
green_boots	g	663
kaidou_minami	c	663
kalina_(girls'_frontline)	c	663
rebecca_bluegarden	c	663
ruyi_jingu_bang	g	663
shaymin_(land)	c	663
shino_to_ren	s	663
villetta_nu	c	663
white_rope	g	663
wolf_costume	g	663
@akan_mori	a	662
@ame.	a	662
eriko_(princess_connect!)	c	662
green_suit	g	662
kroos_(arknights)	c	662
model_kit	g	662
modeling	g	662
murosaki_miyo	c	662
naked_necktie	g	662
red_tassel	g	662
renne_(eiyuu_densetsu)	c	662
starry_sky_background	g	662
@liz_(piyoko_piyop)	a	661
@tony_guisado	a	661
hexagon_hair_ornament	g	661
holding_own_wrist	g	661
juban	g	661
lolidom	g	661
minase_nayuki	c	661
pteruges	g	661
raven_(tales)	c	661
reaper_(overwatch)	c	661
riyo_(lyomsnpmp)_(style)	g	661
shoujo_ramune	s	661
stuffed_frog	g	661
sword_art_online_alternative:_gun_gale_online	s	661
togemon	c	661
towa_monaca	c	661
usb	g	661
voltron_(series)	s	661
welsh_corgi	g	661
yami_kawaii	g	661
@hizuki_akira	a	660
@ohta_yuichi	a	660
@teruki_kuma	a	660
creator_(ragnarok_online)	c	660
deidara_(naruto)	c	660
elysia_(herrscher_of_human:ego)_(honkai_impact)	c	660
green_pajamas	g	660
hidden_star_in_four_seasons	s	660
himemiya_anthy	c	660
hyena_tail	g	660
pandora_(mega_man)	c	660
protagonist_(metaphor:_refantazio)	c	660
purple_armband	g	660
scissorhold	g	660
shogi	g	660
sitting_on_animal	g	660
sylus_(love_and_deepspace)	c	660
tiffy_(nottytiffy)	c	660
toudou_aoi_(jujutsu_kaisen)	c	660
twig	g	660
wrapped_up	g	660
@chacharan	a	659
@inanaki_shiki	a	659
ammunition_box	g	659
centorea_shianus	c	659
elizabeth_bathory_(first_ascension)_(fate)	c	659
griffith_(berserk)	c	659
holding_crossbow	g	659
hood_(azur_lane)	c	659
kosaka_shizuru	c	659
melody_(projektmelody)	c	659
nyotengu	c	659
reloading	g	659
removing_eyewear	g	659
senran_kagura_shoujo-tachi_no_shin'ei	s	659
short_yukata	g	659
soren_(fire_emblem)	c	659
steins;gate_0	s	659
vodka	g	659
@rebe11	a	658
@yoi_naosuke	a	658
baron_bunny_(genshin_impact)	c	658
david_martinez	c	658
eye_symbol	g	658
food_insertion	g	658
kratos_aurion	c	658
multicolored_necktie	g	658
satono_crown_(umamusume)	c	658
siesta_(zero_no_tsukaima)	c	658
sleep_sex	g	658
star_driver	s	658
white_flag	g	658
yatogami_tooka	c	658
@boppin	a	657
@fathom	a	657
@ishikkoro	a	657
@pottsness	a	657
astaroth_(shinrabanshou)	c	657
begging	g	657
boomerang	g	657
dilated_pupils	g	657
extreme_muscles	g	657
fanning_face	g	657
funeral_dress	g	657
hairstyle_switch	g	657
holding_shower_head	g	657
jude_mathis	c	657
luca_kaneshiro	c	657
nono_hana	c	657
pose_imitation	g	657
red_sun	g	657
salmon_run_(splatoon)	g	657
silva_(granblue_fantasy)	c	657
standard_bearer	g	657
vehicle_name	g	657
@montemasa	a	656
@shennai_misha	a	656
aunt_and_niece	g	656
chi-hatan_military_uniform	g	656
doodle	g	656
elly_(touhou)	c	656
himi_tomoki	c	656
iridescent	g	656
mash_kyrielight_(swimsuit_of_perpetual_summer)	c	656
microsoft_paint_(software)	s	656
ninetales	c	656
oil_lamp	g	656
ringo-chan_(otokuyou)	c	656
sakura_taisen_iii	s	656
slowpoke	c	656
snow_white	s	656
taimanin_yukikaze_2	s	656
whisper_(youkai_watch)	c	656
yellow_petals	g	656
@aogiri_penta	a	655
@aoi_kumiko	a	655
@nishii_(damnedrive)	a	655
@senomoto_hisashi	a	655
@tsumitani_daisuke	a	655
diglett	c	655
kira_yamato	c	655
massachusetts_(azur_lane)	c	655
nyantan	c	655
@kinoshita_ichi	a	654
@neko_majin	a	654
@piyokichi	a	654
@poa_mellhen	a	654
@umishima_senbon	a	654
big_man_(splatoon)	c	654
chicken_leg	g	654
cum_on_food	g	654
depressed	g	654
fap_ceo	s	654
lgbt_pride	g	654
nike_(company)	s	654
puru-see_(hoshizuki_(seigetsu))	c	654
taimanin_kurenai	s	654
tamaki_ui	c	654
xander_(fire_emblem)	c	654
@imizu_(nitro_unknown)	a	653
@iwamoto_eiri	a	653
@lansane	a	653
@natsu_(anta_tte_hitoha)	a	653
between_labia	g	653
cut-in	g	653
hand_over_mouth	g	653
inner_senshi	g	653
itou_chika	c	653
lingsha_(honkai:_star_rail)	c	653
living_hair	g	653
mechabare	g	653
nitocris_(fate/grand_order)	c	653
on_box	g	653
ponytail_holder	g	653
sailor_moon_(cosplay)	g	653
soccer_spirits	s	653
tennis_no_ouji-sama	s	653
video_game_cover	g	653
walker_(robot)	g	653
wuxian_(the_legend_of_luoxiaohei)	c	653
@fukahire_(ruinon)	a	652
@rei_(sanbonzakura)	a	652
@ri-net	a	652
@tenako_(mugu77)	a	652
@waero	a	652
@wss_(nicoseiga19993411)	a	652
bound_thighs	g	652
hashitsuki_nata	g	652
hugging_another's_leg	g	652
instagram	s	652
kanamori_sayaka	c	652
kishimen_hair	g	652
long_fingers	g	652
person_between_breasts	g	652
plaid_legwear	g	652
pocari_sweat	s	652
rinnegan	g	652
stapler	g	652
white_album_(series)	s	652
@harano	a	651
@mayo_riyo	a	651
@miura-n315	a	651
@nakahira_guy	a	651
@takahashi_kurage	a	651
@toudori	a	651
ar_tonelico_ii	s	651
double_exposure	g	651
eiko_carol	c	651
fujinami_(kancolle)	c	651
gengetsu_(touhou)	c	651
hand_wave	g	651
haruna_(track)_(blue_archive)	c	651
joker_(playing_card)	g	651
kai'sa	c	651
king_kong_(series)	s	651
matsuoka_rin	c	651
package	g	651
pop-up_story	s	651
professor_shinonome	c	651
purposeful_wetting	g	651
unkempt	g	651
unworn_legwear	g	651
wall_lamp	g	651
zekrom	c	651
@darjeeling_(reley)	a	650
@han_(jackpot)	a	650
cymbals	g	650
dragon_ball_xenoverse	s	650
jigoku_sensei_nube	s	650
leviathan_(mega_man)	c	650
maracas	g	650
phone_booth	g	650
ping_hai_(azur_lane)	c	650
purple_hood	g	650
sketch_background	g	650
sugoi_dekai	g	650
table_tennis_paddle	g	650
takagi_saya	c	650
veiny_testicles	g	650
wind_turbine	g	650
@kuro_chairo_no_neko	a	649
@misaka_12003-gou	a	649
@monikano	a	649
@pallad	a	649
@rune_(dualhart)	a	649
bandaid_on_shoulder	g	649
estelle_bright	c	649
grey_overalls	g	649
hinata_kaho	c	649
hoshikawa_sara_(1st_costume)	c	649
lion_mane	g	649
miku_symphony_(vocaloid)	s	649
saber_alter_(ver._shinjuku_1999)_(fate)	c	649
shell_earrings	g	649
shiranui_mai_(cosplay)	g	649
shirt_partially_removed	g	649
tuanshan	g	649
zebstrika	c	649
@nayaase_beleguii	a	648
@sciamano240	a	648
@studio_oppai	a	648
ai_ai_gasa	g	648
black_delmo	c	648
cornrows	g	648
genos	c	648
hirose_koichi	c	648
ichijou_hotaru	c	648
lava	g	648
mascot_costume	g	648
nunchaku	g	648
onmyou_taisenki	s	648
single_bare_arm	g	648
special_feeling_(meme)	g	648
spray_bottle	g	648
yashajin_ai	c	648
@kuuchuu_yousai	a	647
@misu_kasumi	a	647
aircraft_carrier	g	647
annie_(skullgirls)	c	647
butterfree	c	647
coral_(pokemon)	c	647
covering_own_ears	g	647
dark_labia	g	647
digimon_liberator	s	647
do_it_yourself!!	s	647
ganbare_douki-chan	s	647
headphones_removed	g	647
itoshiki_nozomu	c	647
kasuga_maru_(kancolle)	c	647
mishou_mai	c	647
murasaki_shion_(gothic_lolita)	c	647
paperclip	g	647
rape_face	g	647
seras_victoria	c	647
wrist_flower	g	647
@akagi_kurage	a	646
@darkmaya	a	646
@tanaka_ryou	a	646
black_headdress	g	646
fujimura_taiga	c	646
joltik	c	646
mordred_(swimsuit_rider)_(fate)	c	646
precum_through_clothes	g	646
ram_(neptunia)	c	646
sobu_high_school_uniform	g	646
two-tone_vest	g	646
@nagayori	a	645
@sasayuki	a	645
@shinshin	a	645
@tanashi_(mk2)	a	645
akazutsumi_momoko	c	645
arceus	c	645
archetype_earth	c	645
big_bad_wolf	c	645
cheek_rest	g	645
collar_tug	g	645
funada_kiito	c	645
hyuuga_saki	c	645
jiji_(majo_no_takkyuubin)	c	645
kuja	c	645
lum_(cosplay)	g	645
mashiro_(blue_archive)	c	645
ooarai_(emblem)	g	645
picnic_blanket	g	645
pleated_sleeves	g	645
prank	g	645
scientist	g	645
toothbrush_in_mouth	g	645
utsushimi_kemii	c	645
white_frills	g	645
@kamukamu_(ars)	a	644
@oso_(toolate)	a	644
@sukja	a	644
baseball_helmet	g	644
clarent_(fate)	g	644
exhaust	g	644
golden_shower	g	644
greenhouse	g	644
hijab	g	644
hinako_note	s	644
icicle	g	644
jashin-chan	c	644
lei_fang	c	644
mimi_(princess_connect!)	c	644
mitarashi_anko	c	644
otonashi_yuzuru	c	644
p90_(girls'_frontline)	c	644
shinx	c	644
strength_(black_rock_shooter)	c	644
@cccpo	a	643
@kisetsu	a	643
@oyatsu_(mk2)	a	643
@tatata	a	643
@watarui	a	643
applin	c	643
cassandra_alexandra	c	643
caterpillar	g	643
frankenstein's_monster	c	643
golden_delmo	c	643
kaleidostick	c	643
kazami_yuuji	c	643
lorelei_(pokemon)	c	643
nagao_kagetora_(fate)	c	643
pinstripe_skirt	g	643
s-snake	c	643
sunglasses_removed	g	643
wind_breaker_(nii_satoru)	s	643
@gayarou	a	642
@kikumaru_bunta	a	642
@kozue_akari	a	642
@kumadano	a	642
@mark_gavatino	a	642
@mei_(maysroom)	a	642
@shiki_(psychedelic_g2)	a	642
@urin	a	642
\o/	g	642
ace_of_diamond	s	642
calf_socks	g	642
coin_purse	g	642
flower_hat	g	642
forever_7th_capital	s	642
giraffe	g	642
houshin_engi	s	642
hunter_(ragnarok_online)	c	642
iwatani_naofumi	c	642
malon	c	642
slender	g	642
triquetra	g	642
voltron:_legendary_defender	s	642
yoo_joonghyuk	c	642
@om_(nk2007)	a	641
@sakieko	a	641
@yukichi_(eikichi)	a	641
bicycle_basket	g	641
huge_giantess	g	641
lucca_ashtear	c	641
natori_(kancolle)	c	641
palla_(fire_emblem)	c	641
poppi_(xenoblade)	c	641
ship_turret	g	641
step-siblings	g	641
traditional_chinese_text	g	641
unworn_hairband	g	641
@azumi_kazuki	a	640
@haruri	a	640
anti-aircraft_gun	g	640
byleth_(female)_(summer)_(fire_emblem)	c	640
cryokinesis	g	640
dr._voir_(nanosheep)	c	640
ishtar_(fire_emblem)	c	640
march_7th_(hunt)_(honkai:_star_rail)	c	640
otome_ga_kanaderu_koi_no_aria	s	640
snowboard	g	640
star_vs_the_forces_of_evil	s	640
starless	s	640
takafuji_kako	c	640
togami_byakuya	c	640
veronica_(dq11)	c	640
@akashio_(loli_ace)	a	639
@aoki_shizumi	a	639
@hanekoto	a	639
@kitahara_tomoe_(kitahara_koubou)	a	639
@kurona	a	639
@miyaba_tsubame_seki	a	639
@mochizuki_kei	a	639
@op_na_yarou	a	639
@rikatan	a	639
@suminagashi	a	639
@zannen_na_hito	a	639
arrow_print	g	639
fukurai_azami	c	639
hanazono_yurine	c	639
hitomi_(doa)	c	639
jahy	c	639
kei_(dirty_pair)	c	639
long_hoodie	g	639
milly_ashford	c	639
morenatsu	s	639
multicolored_stripes	g	639
new_horizon	s	639
school_girl_strikers	s	639
sharing_food	g	639
single_drill	g	639
veronica_(fire_emblem)	c	639
wonder_woman_(series)	s	639
z_saber	g	639
@homura_subaru	a	638
@kurashima_tomoyasu	a	638
@less	a	638
@saipaco	a	638
boutonniere	g	638
chisel	g	638
clara_(honkai:_star_rail)	c	638
dennou_shoujo_youtuber_siro	s	638
gradient_sleeves	g	638
hair_color_connection	g	638
kagura_hikari	c	638
keyring	g	638
kuriyama_mirai	c	638
sakurane_shouka	c	638
torn_sweater	g	638
welrod_mkii_(girls'_frontline)	c	638
zhongli_(archon)_(genshin_impact)	c	638
@kokaki_mumose	a	637
@sashizume_soutarou	a	637
@tamtamdi	a	637
<o>_<o>	g	637
alice_carroll	c	637
artillery	g	637
bilibili	s	637
bubba_(watson_amelia)	c	637
egg_yolk	g	637
final_fantasy_ii	s	637
hand_grip	g	637
high-capacity_magazine	g	637
himeji_mizuki	c	637
lactating_into_container	g	637
mars_(cookie)	c	637
ozora_akari	c	637
sasaki_chiho	c	637
@akeyama_kitsune	a	636
@dedalo	a	636
@ganesagi	a	636
@kamezaemon	a	636
@komori_kuzuyu	a	636
@sako_(bosscoffee)	a	636
@suzunone_rena	a	636
camping	g	636
dragon_village_(series)	s	636
erectlip	s	636
jikkyou_powerful_pro_yakyuu	s	636
kamina_shades	g	636
lace_background	g	636
me-tan	c	636
multicolored_shoes	g	636
piano_bench	g	636
pov_across_bed	g	636
sakurai_rihoko	c	636
siro_(dennou_shoujo_youtuber_siro)	c	636
tsukishima_hajime	c	636
@akisora	a	635
@kaetzchen	a	635
@megao_3rd	a	635
akebi-chan_no_serafuku	s	635
ashley_graves	c	635
flower_hairband	g	635
heart_halo	g	635
hyakka_ryouran_samurai_girls	s	635
i-14_(kancolle)	c	635
josou_seme	g	635
kimura_kouichi	c	635
magatama_hair_ornament	g	635
mishima_erika	c	635
moe_(swimsuit)_(blue_archive)	c	635
mori_yuki	c	635
otome_game_no_hametsu_flag_shika_nai_akuyaku_reijou_ni_tensei_shite_shimatta	s	635
pepsi	s	635
red_stripes	g	635
sam_(honkai:_star_rail)	c	635
samui_(naruto)	c	635
scrape	g	635
skeletal_hand	g	635
yaia_(granblue_fantasy)	c	635
@eda	a	634
@eonsang	a	634
@nico-mo	a	634
@ryuu.	a	634
@tatsumi_ray	a	634
@wool_(miwol)	a	634
aida_kensuke	c	634
camouflage_bikini	g	634
conch	g	634
dohna_dohna_issho_ni_warui_koto_o_shiyou	s	634
eve_online	s	634
funnels_(gundam)	g	634
jian_(weapon)	g	634
laura_matsuda	c	634
leone_abbacchio	c	634
lilith_(darkstalkers)	c	634
motoyui	g	634
panties_around_one_ankle	g	634
vladilena_millize	c	634
@loodncrood	a	633
@michii_yuuki	a	633
@sora_72-iro	a	633
@tonpuu	a	633
black_bustier	g	633
clitoris_ring	g	633
double_halo	g	633
handshake	g	633
jill_warrick	c	633
kimi_ga_shine	s	633
orange_shoes	g	633
rio_rollins	c	633
stardew_valley	s	633
tower_of_fantasy	s	633
@akatsuki_hijiri	a	632
@clamp	a	632
@izumi_mahiru	a	632
@mitsurugi_sugar	a	632
@momiji_mao	a	632
akai_haato_(1st_costume)	c	632
chaos_marie_(grimms_notes)	c	632
dark_sun_gwyndolin	c	632
francis_drake_(fate)	c	632
futaba_sana	c	632
la_pucelle	s	632
mysterious_heroine_x_alter_(first_ascension)_(fate)	c	632
nihongami	g	632
ravel_phenex	c	632
sayo_samonji	c	632
sengoku_collection	s	632
sky_focus	g	632
splatoon_3:_side_order	s	632
tower_of_god	s	632
unconnected_marketeers	s	632
victory_gundam	s	632
@hyuuga_azuri	a	631
@mondi_hl	a	631
@shikuta_maru	a	631
@shimouki_izui	a	631
@speedl00ver	a	631
@sunahara_wataru	a	631
alternate_shiny_pokemon	g	631
blossom_(ppg)	c	631
breasts_on_lap	g	631
caleen_keemosn	c	631
cheria_barnes	c	631
dolls_in_pseudo_paradise	s	631
eruruu	c	631
megu_(blue_archive)	c	631
mia_fey	c	631
nonohara_yuzuko	c	631
puppet_rings	g	631
reed_the_flame_shadow_(arknights)	c	631
transparent_border	g	631
yuuno_scrya	c	631
@diathorn	a	630
@ukata	a	630
@yuki_arare	a	630
crypton_future_media	s	630
hachiouji_naoto	c	630
imminent_death	g	630
mother_and_child	g	630
no_hair_ornament	g	630
question_mark	g	630
red_tube_top	g	630
sparse_leg_hair	g	630
train_station_platform	g	630
tsareena	c	630
yuusha_to_maou	s	630
@6u_(eternal_land)	a	629
@at2.	a	629
@jigoku_studio	a	629
@kajimakoto	a	629
@kohsaka_jun	a	629
@mochirong	a	629
@okuri_banto	a	629
@omangari	a	629
@torimaru	a	629
@zaphn	a	629
arm_shield	g	629
binah_(project_moon)	c	629
curious	g	629
dinergate_(girls'_frontline)	c	629
green_heart_(neptunia)	c	629
kadoc_zemlupus	c	629
lampshade	g	629
marx_(kirby)	c	629
ninja_slayer	s	629
pov_across_table	g	629
settei	g	629
sumeragi_aika	c	629
tales_of_arise	s	629
wooden_box	g	629
wrists_to_ankles	g	629
@bunbun	a	628
@d-rex	a	628
@kotoba_noriaki	a	628
@misaki_nonaka	a	628
@zekkyon	a	628
arc_the_lad_ii	s	628
bike_jersey	g	628
chun-li_(cosplay)	g	628
colorful_background	g	628
holding_cigar	g	628
koi_wa_sensou_(vocaloid)	s	628
meteor	g	628
mizutani_eri	c	628
nagayoshi_subaru	c	628
nihilego	c	628
oxygen_mask	g	628
pinkie_pie	c	628
rubber_band	g	628
russia	g	628
shinkai_shoujo_(vocaloid)	s	628
shotadom	g	628
unworn_slippers	g	628
venti_(archon)_(genshin_impact)	c	628
vyrn_(granblue_fantasy)	c	628
@fi-san	a	627
@hima	a	627
cure_twinkle	c	627
dirt_road	g	627
f-zero	s	627
holding_pickaxe	g	627
mekakucity_actors	g	627
metal_baseball_bat	g	627
nena_trinity	c	627
rpg_(weapon)	g	627
single_head_wing	g	627
supergirl	c	627
suspenders_pull	g	627
swing_set	g	627
@chiwino	a	626
@greatmosu	a	626
@kawai_(purplrpouni)	a	626
@kawai_ritsu_(rits_meg)	a	626
@ml	a	626
@naruho	a	626
dead_or_alive_xtreme_venus_vacation	s	626
iwasaki_minami	c	626
laser_sight	g	626
mieruko-chan	s	626
mononobe_alice	c	626
orange_eyeshadow	g	626
too_many_cats	g	626
...?	g	625
@blvefo9	a	625
@non_(z-art)	a	625
@redi_(rasec_asdjh)	a	625
@sakimori_dan	a	625
formation_girls	s	625
game_screenshot_background	g	625
harvest_moon	s	625
katsuragi_izumi	c	625
knee_blush	g	625
kuroyukihime	c	625
lisa_lisa	c	625
male_swimwear_pull	g	625
open_jumpsuit	g	625
razor	g	625
rom_(neptunia)	c	625
sayla_mass	c	625
shiny_swimsuit	g	625
soy_sauce	g	625
submission_hold	g	625
thigh_bow	g	625
tit_(bird)	g	625
zdrada_(helltaker)	c	625
@akasaai	a	624
@bubuzuke	a	624
@imazon	a	624
@kamishima_kanon	a	624
@pan_(mimi)	a	624
@sazanami_mio	a	624
@yashin_(yasinz)	a	624
black_shawl	g	624
gainaxing	g	624
grabbing_own_thigh	g	624
grea_(shingeki_no_bahamut)	c	624
grimsley_(pokemon)	c	624
high_school_dxd_infinity	s	624
himeragi_yukina	c	624
kanshou_&_bakuya_(fate)	g	624
kirakishou	c	624
mahou_senki_lyrical_nanoha_force	s	624
metal_gear_rising:_revengeance	s	624
padded_jacket	g	624
papi_(monster_musume)	c	624
ryne_waters	c	624
sabaton	g	624
self_wedgie	g	624
tentacle_grab	g	624
tokimeki_memorial_2	s	624
udon	g	624
vomit	g	624
@doyouwantto	a	623
@furau	a	623
@sugano_manami	a	623
@ttrop	a	623
2k-tan	c	623
athena_cykes	c	623
castlevania:_portrait_of_ruin	s	623
emily_stewart	c	623
extra_pupils	g	623
eyeshield_21	s	623
gwendolyn_(odin_sphere)	c	623
hanafuda	g	623
holding_mace	g	623
kaizuka_inaho	c	623
meowy_(chainsaw_man)	c	623
peanut_mouth	g	623
rim_(kamitsubaki_studio)	c	623
shigure_(hot_spring)_(blue_archive)	c	623
star_balloon	g	623
tales_of_rebirth	s	623
tsuyuzaki_mahiru	c	623
@festa11307070	a	622
@ganto	a	622
@mochiyuki	a	622
@nekoda_(maoda)	a	622
@uenoryoma	a	622
@y2	a	622
clothed_robot	g	622
kimi_ga_nozomu_eien	s	622
kinoshita_hideyoshi	c	622
purple_nipples	g	622
sharena_(fire_emblem)	c	622
sockjob	g	622
striped_neckerchief	g	622
utsugi_kotoko	c	622
@ayakura_juu	a	621
@mata_(matasoup)	a	621
@maze_(gochama_ze_gohan)	a	621
@onsen_tamago_(hs_egg)	a	621
@redcomet	a	621
bc_freedom_(emblem)	g	621
champion's_tunic_(zelda)	g	621
desert_eagle	g	621
dinosaur_costume	g	621
evertale	s	621
futaba_lili_ramses	c	621
iggy_(jojo)	c	621
koutetsu_no_majo_anneroze	s	621
lemuen_(arknights)	c	621
multicolored_shorts	g	621
natsu_(band)_(blue_archive)	c	621
orange-framed_eyewear	g	621
orca_hood	g	621
otter_tail	g	621
ranger_(ragnarok_online)	c	621
re:act	s	621
smeared_lipstick	g	621
tribbie_(honkai:_star_rail)	c	621
white_heart_(neptunia)	c	621
yamanaka_sawako	c	621
zoids_genesis	s	621
@migolu	a	620
asymmetrical_armor	g	620
chrollo_lucilfer	c	620
final_fantasy_iii	s	620
fish_skeleton	g	620
gilgamesh	c	620
iris_black_games	s	620
jason_todd	c	620
kirisame_marisa_(cosplay)	g	620
lucas_lee	c	620
mario_&_luigi_rpg	s	620
shannon_(umineko)	c	620
@natsuki_teru	a	619
alcohol_carton	g	619
arena	g	619
cream_puff	g	619
cutlass	g	619
gradient_halo	g	619
inseki	g	619
pa-15_(girls'_frontline)	c	619
plaid_hat	g	619
pokemon_tail	g	619
puniru_wa_kawaii_slime	s	619
purple_brooch	g	619
scanlines	g	619
scratching	g	619
tojo_nozomi	c	619
toothpaste	g	619
vampire_(vocaloid)	s	619
@kotoyoshi_yumisuke	a	618
@noco_(adamas)	a	618
@sasaki_mutsumi	a	618
@yoshitomi_akihito	a	618
@zasshu	a	618
balaclava	g	618
bell_cranel	c	618
double_insertion	g	618
heart_hat_ornament	g	618
hinata_yukari	c	618
kagurazaka_asuna	c	618
kite	g	618
lappland_(refined_horrormare)_(arknights)	c	618
minccino	c	618
screw_hair_ornament	g	618
skateboarding	g	618
trigger_(zenless_zone_zero)	c	618
wednesday_addams	c	618
@re_ghotion	a	617
@shiwasu_no_okina	a	617
akaboshi_koume	c	617
bamboo_blade	s	617
brown_overalls	g	617
finger_counting	g	617
hamanami_(kancolle)	c	617
holding_cookie	g	617
interview	g	617
kanna_(cookie)	c	617
long_eyebrows	g	617
long_sword	g	617
multiple_torii	g	617
optical_sight	g	617
revealing_layer	g	617
rozalin	c	617
saxophone	g	617
science	g	617
soul_evans	c	617
tsukahara_hibiki	c	617
@arisu_kazumi	a	616
@bellhenge	a	616
@butterchalk	a	616
@noriuma	a	616
aqua_pupils	g	616
ass_peek	g	616
culumon	c	616
dreepy	c	616
feet_only	g	616
felicia_(darkstalkers)	c	616
hatsune_(princess_connect!)	c	616
holding_duster	g	616
jeanne_d'arc_(swimsuit_archer)_(second_ascension)_(fate)	c	616
leaves	g	616
leo_(fire_emblem)	c	616
magic_kaito	s	616
milkshake	g	616
mina_(pokemon)	c	616
mito_ikumi	c	616
pola_(azur_lane)	c	616
primarch	g	616
pulchra_fellini	c	616
sheep_costume	g	616
soulcalibur_ii	s	616
tunnel	g	616
yamashiro_takane	c	616
@atte_nanakusa	a	615
@hibiki_(zerocodo)	a	615
@kurione_(zassou)	a	615
@shiratama_(hockey)	a	615
@shone	a	615
@toujou_sakana	a	615
aqua_sweater	g	615
captain_america_(series)	s	615
catura_(granblue_fantasy)	c	615
cure_princess	c	615
fear_&_hunger_(series)	s	615
germany	g	615
hands_on_headphones	g	615
kadomatsu	g	615
kannazuki_no_miko	s	615
koinobori	g	615
meguru_(cookie)	c	615
reverse_paizuri	g	615
side-tie_skirt	g	615
suikawari	g	615
tearju_lunatique	c	615
tenryuu_kai_ni_(kancolle)	c	615
uruha_rushia_(3rd_costume)	c	615
zangoose	c	615
@deetamu	a	614
@efe	a	614
@fukai_ryosuke	a	614
@gin'ichi_(akacia)	a	614
@satou_daiji	a	614
assassin_(ragnarok_online)	c	614
bikini_tug	g	614
breast_pillow	g	614
fujimaru_ritsuka_(female)_(polar_chaldea_uniform)	c	614
hajimari_no_kiseki	s	614
kangoku_senkan_2	s	614
meteion	c	614
persimmon	g	614
red_sweater_vest	g	614
tales_of_hearts	s	614
year_of_the_rooster	g	614
@kadeart	a	613
@keihh	a	613
@moyori	a	613
@superbusty	a	613
@upside_down_(gian2)	a	613
@zamius	a	613
amasawa_yuuko	c	613
apollo_justice:_ace_attorney	s	613
aqua_lips	g	613
atago_(summer_march)_(azur_lane)	c	613
fire_extinguisher	g	613
gj-bu	s	613
halftone_texture	g	613
isabella_(seiken_densetsu_3)	c	613
print_ribbon	g	613
rayman_limbs	g	613
riverbank	g	613
space_ereshkigal_(fate)	c	613
yuri_(dirty_pair)	c	613
@akadako	a	612
@hakai_shin	a	612
@katou_shinobu	a	612
@soranamae	a	612
arm_on_table	g	612
bc_freedom_school_uniform	g	612
black_beret	g	612
female_saniwa_(touken_ranbu)	c	612
fiora_(xenoblade)	c	612
half-heart_hands	g	612
iris_(mega_man)	c	612
jeanne_d'arc_(granblue_fantasy)	c	612
levy_mcgarden	c	612
ribbon-trimmed_shirt	g	612
seravi	c	612
sideless_shirt	g	612
spiked_anklet	g	612
studying	g	612
suspenders_hanging	g	612
treasure	g	612
venera-sama	c	612
western_comics_(style)	g	612
yamagou_ayumi	c	612
:s	g	611
@duke_(inu_daimyou)	a	611
@kozaki_yuusuke	a	611
@po-ju	a	611
@silver_meteor	a	611
@supersatanson	a	611
@torinone	a	611
@yatsuha_kanan	a	611
bikini_around_one_leg	g	611
eva_beatrice	c	611
himekawa_yuki	c	611
holding_orb	g	611
klan_klein	c	611
layered_gloves	g	611
li_jianliang	c	611
meicoomon	c	611
michiru_(blue_archive)	c	611
mu-12	c	611
orange_lips	g	611
planted_umbrella	g	611
suzuki_hana	c	611
wobbuffet	c	611
@advarcher	a	610
@aki_(neyuki41028)	a	610
@doce	a	610
@don_(rg06268)	a	610
@emurin	a	610
@eric_lowery	a	610
@hiememiko	a	610
@koflif	a	610
@sawada_yuusuke	a	610
@taishi_(picchiridou)	a	610
@toutenkou	a	610
cupless_bikini	g	610
fran_(ff12)	c	610
grey_hakama	g	610
jinbei_(clothes)	g	610
leona_kingscholar	c	610
narciso_anasui	c	610
prosciutto	c	610
servbot_(mega_man)	c	610
sleeve_rolled_up	g	610
tapir_girl	g	610
veyle_(fire_emblem)	c	610
yoshida_hirofumi	c	610
@amano_don	a	609
@binsen	a	609
@bluethebone	a	609
@conoghi	a	609
@crow_(siranui)	a	609
@kei_(keigarou)	a	609
@mujinbensin	a	609
@saiste	a	609
araga_kiwi	c	609
bishoujo_mangekyou	s	609
circe_(fate)	c	609
cure_diamond	c	609
deoxys	c	609
gosick	s	609
head_hug	g	609
initial_d	s	609
kisaragi_momo	c	609
nyaromon	c	609
rottytops	c	609
sensei_(blue_archive_the_animation)	c	609
underworld_(ornament)	g	609
@bullfalk	a	608
@givuchoko	a	608
@pigeon666	a	608
@ratatatat74	a	608
@zen33n	a	608
back_ribbon	g	608
clam	g	608
death_(entity)	c	608
degenbrecher_(arknights)	c	608
heroman	s	608
hex_maniac_(pokemon_legends:_z-a)	c	608
kininatteru_hito_ga_otoko_ja_nakatta	s	608
midriff_sarashi	g	608
sakura_laurel_(umamusume)	c	608
signpost	g	608
single_bang	g	608
takayama_sayoko	c	608
takei_hisa	c	608
top_wo_nerae!	s	608
yakko	c	608
@hisen_kaede	a	607
@pepe_(jonasan)	a	607
>:|	g	607
blue_hanfu	g	607
blue_swim_briefs	g	607
calvin_klein	s	607
clinging	g	607
diane_(nanatsu_no_taizai)	c	607
green_swim_trunks	g	607
ikea_shark	c	607
inuzuka_kiba	c	607
roblox	s	607
sakaki_(azumanga_daioh)	c	607
shin_megami_tensei_iii:_nocturne	s	607
tyranitar	c	607
uva_academy_school_uniform	g	607
xiao_wu_(douluo_dalu)	c	607
@agemono	a	606
@amane_hasuhito	a	606
@elfenlied22	a	606
@gryebooks	a	606
@hu_dako	a	606
@kame_(3t)	a	606
@kousaki_rui	a	606
@nuu_(nu-nyu)	a	606
@vamos_mk	a	606
2004	g	606
ange_(princess_principal)	c	606
backless_shirt	g	606
battlefield	g	606
hair_between_horns	g	606
kitashirakawa_chiyuri	c	606
kotori_(cheer_squad)_(blue_archive)	c	606
marina_(blue_archive)	c	606
okazaki_ushio	c	606
parent_and_child	g	606
shibuki_ran	c	606
shimakaze-kun	c	606
shiranui_flare_(1st_costume)	c	606
team_galactic	g	606
ten'i_(ikkitousen)	c	606
tomoe_(queen's_blade)	c	606
v_legs	g	606
zero_(drag-on_dragoon)	c	606
@azusa_(hws)	a	605
@kindandowa	a	605
@nuezou	a	605
@shima_(wansyon144)	a	605
@weee_(raemz)	a	605
benienma_(fate)	c	605
chaldea_logo	g	605
dsr-50_(girls'_frontline)	c	605
fake_claws	g	605
fat_woman	g	605
given	s	605
jade_(honkai:_star_rail)	c	605
kojo_anna	c	605
lexington_(warship_girls_r)	c	605
school_nurse	g	605
shimura_shinpachi	c	605
single_half_glove	g	605
takasu_ryuuji	c	605
torn_kimono	g	605
xayah	c	605
@furukawa_(yomawari)	a	604
@kobayashi_yuji	a	604
@koktter	a	604
@maco22	a	604
@mandio_art	a	604
@mitarashi_kousei	a	604
@ng1sh8	a	604
@nitamako_(sakamalh)	a	604
felicia_(fire_emblem)	c	604
feraligatr	c	604
fire_emblem_warriors	s	604
frontless_outfit	g	604
hikigaya_hachiman	c	604
holding_cloth	g	604
horned_hat	g	604
incense	g	604
konoha_(kagerou_project)	c	604
lipstick_ring	g	604
lowleg_shorts	g	604
premature_ejaculation	g	604
rpg_maker	s	604
sen_no_kiseki_iv	s	604
sommie_(fire_emblem)	c	604
@difman	a	603
@haru_(konomi_150)	a	603
@itou_(onsoku_tassha)	a	603
@melowh	a	603
@skeptycally	a	603
@tsune_(tune)	a	603
dualshock	g	603
empire_waist	g	603
kagami_taiga	c	603
lobster	g	603
mega_lopunny	c	603
papyrus_(undertale)	c	603
pointing_down	g	603
racing	g	603
sex_ed	g	603
sprout	g	603
wing_piercing	g	603
@akina_tsukako	a	602
@enami_katsumi	a	602
@zounose	a	602
anyamal_tantei_kirumin_zoo	s	602
applejack	c	602
aztec	g	602
barbara_(summertime_sparkle)_(genshin_impact)	c	602
buried	g	602
bust_chart	g	602
higurashi_no_naku_koro_ni_mei	s	602
holding_star	g	602
kurugaya_yuiko	c	602
mdr_(girls'_frontline)	c	602
poleyn	g	602
print_hairband	g	602
prostration	g	602
pumpkaboo	c	602
purple_camisole	g	602
screenshot_background	g	602
soulcalibur_vi	s	602
sun_earrings	g	602
teenage_mutant_ninja_turtles	s	602
year_of_the_pig	g	602
@kh-fullhouse	a	601
@koyuki_(kotatsu358)	a	601
@mato_spectoru	a	601
@takayama_toshinori	a	601
broly_(dragon_ball_z)	c	601
cure_berry	c	601
dragon_bubble_(arknights)	g	601
frilled_sash	g	601
fuura_kafuka	c	601
hitsugi_no_chaika	s	601
holding_hair_brush	g	601
kero_(cardcaptor_sakura)	c	601
lass_(pokemon)	c	601
litchi_faye_ling	c	601
luce_(jubilee_2025)	c	601
millennium_puzzle	g	601
nesoberi	g	601
sailor_pluto	c	601
sena_(xenoblade)	c	601
star_wand	g	601
tenga	s	601
thor_(marvel)	c	601
underlighting	g	601
@ittla	a	600
@soejima_shigenori	a	600
@sseopik	a	600
carried_breast_rest	g	600
checkered_bikini	g	600
colored_bangs	g	600
gummy_(arknights)	c	600
ishimaru_kiyotaka	c	600
isoi_haruki	c	600
lunamon	c	600
mordred_(fate)_(all)	c	600
mp7_(girls'_frontline)	c	600
racing_miku_(2022)	c	600
vertical-striped_gloves	g	600
viviana_(arknights)	c	600
witch_(puyopuyo)	c	600
wolf_paws	g	600
@batta_16-sei	a	599
@dodai_shouji	a	599
@infukun	a	599
@kanmiya_shinobu	a	599
@kanniiepan	a	599
@kouda_suzu	a	599
@serebi_ryousangata	a	599
@squchan	a	599
@yano_mitsuki_(nanairo)	a	599
error_message	g	599
flying_teardrops	g	599
grabbing_own_arm	g	599
ikezawa_hanako	c	599
jackal_boy	g	599
jiaozi	g	599
kirisame_marisa_(pc-98)	c	599
mad_rat_dead	s	599
merc_storia	s	599
sentret	c	599
suo_sango	c	599
@lexus_(artist)	a	598
@midorikawa_you	a	598
@shingyou_(alexander-13)	a	598
bra_(dragon_ball)	c	598
head_on_arm	g	598
loose_thighhigh	g	598
miracle_mallet	g	598
miyamori_aoi	c	598
miyao_miya	c	598
naked_suspenders	g	598
pill_hair_ornament	g	598
pink_towel	g	598
pomegranate	g	598
professor_(ragnarok_online)	c	598
see-through_thighhighs	g	598
@ayagi_daifuku	a	597
@chiimako	a	597
@r3dfive	a	597
bluesky_username	g	597
chocolate_chip_cookie	g	597
haibane_renmei	s	597
haruhara_haruko	c	597
inkling_(language)	g	597
koraidon	c	597
lifted_by_tail	g	597
panties_under_shorts	g	597
princess_lover	s	597
shattered	g	597
smol_ame	c	597
sophia_(fire_emblem)	c	597
suzaki_airu	c	597
tactile_paving	g	597
type_97_(girls'_frontline)	c	597
yellow_pajamas	g	597
z46_(azur_lane)	c	597
@henriiku_(ahemaru)	a	596
@nikichen	a	596
@shikito	a	596
@tajima_ryuushi	a	596
@tsubobot	a	596
aku_no_musume_(vocaloid)	s	596
anemone_(flower)	g	596
chain_belt	g	596
floating_earrings	g	596
hiradaira_chisaki	c	596
hololive_idol_uniform	g	596
if_(neptunia)	c	596
larry_(pokemon)	c	596
lollipop_in_mouth	g	596
on_stairs	g	596
vampire_(azur_lane)	c	596
wax	g	596
yukikaze_panettone	c	596
@cream_cod	a	595
@fuuma_nagi	a	595
@hitomaru	a	595
@kasai_shin	a	595
@konishi_(koconatu)	a	595
@nadegata	a	595
@roki_(hirokix)	a	595
@shika_miso	a	595
@toka_(marchlizard)	a	595
@tokonone	a	595
alisaie_leveilleur	c	595
altina_orion	c	595
aoi_(blue_archive)	c	595
black_bikesuit	g	595
chao_(sonic)	c	595
drawn_wings	g	595
farm	g	595
fjorm_(fire_emblem)	c	595
frilled_shawl	g	595
game_boy_(original)	g	595
go_(board_game)	g	595
happy_anniversary	g	595
hiyori_(swimsuit)_(blue_archive)	c	595
implied_after_sex	g	595
k-project	s	595
konosuba!_fantastic_days	s	595
langrisser	s	595
mervamon	c	595
seragaki_aoba	c	595
@amezawa_koma	a	594
@jinu_(jinusenpai)	a	594
@lewdamone	a	594
@marota	a	594
@mizuki_kotora	a	594
ant	g	594
azumarill	c	594
black_stripes	g	594
clara_(girls_und_panzer)	c	594
ellen_baker	c	594
episode_number	g	594
hatakaze_(kancolle)	c	594
kiran_(male)_(fire_emblem)	c	594
kudou_shin'ichi	c	594
kuo_shenlin	c	594
luca_(yu-gi-oh!)	c	594
mizumoto_yukari	c	594
orochimaru_(naruto)	c	594
red_panda_tail	g	594
russian_flag	g	594
saitou_hajime_(fate)	c	594
see-through_shawl	g	594
tokitou_muichirou	c	594
undersized_animal	g	594
amakubo_yuri	c	593
ankle_garter	g	593
gae_dearg_(fate)	g	593
kuzuryu_fuyuhiko	c	593
quad_drills	g	593
sniper_(ragnarok_online)	c	593
snow_on_head	g	593
tadano_hitohito	c	593
vei_(vtuber)	c	593
wayforward	s	593
@eichi_yuu	a	592
@koyama_shigeru	a	592
@kurot	a	592
@kutsuki_kai	a	592
@taira_yuuki	a	592
elemental_(creature)	g	592
food_between_breasts	g	592
gensou_suikoden_v	s	592
hand_on_own_penis	g	592
herensuge_girls_academy_school_uniform	g	592
holding_lance	g	592
hotel_room	g	592
ignis_scientia	c	592
koito_otonoshin	c	592
kusakabe_misao	c	592
nudist_beach_uniform	g	592
paper_on_head	g	592
purple_suit	g	592
round_border	g	592
saga_frontier_2	s	592
theresa_apocalypse_(luna_kindred)	c	592
vita_(honkai_impact)	c	592
vivi_ornitier	c	592
waving_arm	g	592
yamanbagiri_kunihiro	c	592
zeraora	c	592
@hanauna	a	591
@himura_moritaka	a	591
@inja_no_kuruwa	a	591
@jasony	a	591
@kurachi_mizuki	a	591
adjusting_another's_clothes	g	591
arsene_lupin_iii	c	591
charlotte_aulin	c	591
cutiefly	c	591
fuwa_kokone	c	591
hatsumoude	g	591
isshiki_akane	c	591
izumi_yuki_(heaven_burns_red)	c	591
mudrock_(silent_night)_(arknights)	c	591
multicolored_panties	g	591
nuzzle	g	591
saturn_(planet)	g	591
tenkajin_chiyari	c	591
toolbox	g	591
urine_meter	g	591
white_blindfold	g	591
z/x	s	591
@box_wonderland	a	590
@paragasu_(parags112)	a	590
@shiina_excel	a	590
ass_hair	g	590
balloon_womb	g	590
black_bandages	g	590
deutschland_(azur_lane)	c	590
klaudia_valentz	c	590
maribel_(dq7)	c	590
miguel_o'hara	c	590
nyanko_daisensou	s	590
on_stage	g	590
prism_project	s	590
sorey_(tales)	c	590
speculum	g	590
sword_on_back	g	590
vajra_(granblue_fantasy)	c	590
@chomikuplus	a	589
@dandon_fuga	a	589
@danmakuman	a	589
@hanpenmaru	a	589
@hyde_(tabakko)	a	589
@nigo_(aozoragarou)	a	589
@shibafu_(glock23)	a	589
@zerocat	a	589
fighter_(dungeon_and_fighter)	c	589
hakos_baelz_(1st_costume)	c	589
hasshaku-sama	c	589
holding_butterfly_net	g	589
holding_pumpkin	g	589
holding_string	g	589
knit_hat	g	589
layla_(idolmaster)	c	589
luke_pearce_(tears_of_themis)	c	589
manuela_casagranda	c	589
mr._scarletella	c	589
oolong	c	589
pink_shawl	g	589
sail	g	589
@chamaruk	a	588
@cyberunique	a	588
@mikazuchi_zeus	a	588
@mitsumoto_jouji	a	588
arm_sling	g	588
hiyou_(kancolle)	c	588
holding_racket	g	588
hoshikawa_lily	c	588
hydreigon	c	588
moose_(kemono_friends)	c	588
mother_(pokemon)	c	588
public_vibrator	g	588
scolipede	c	588
touhou_tag_dream	s	588
@asaga_aoi	a	587
@free_style_(yohan1754)	a	587
@hakusai_(tiahszld)	a	587
@kinona	a	587
@komaku_juushoku	a	587
@kuya_(hey36253625)	a	587
@laserflip	a	587
@mafuyu_(chibi21)	a	587
@okpriko	a	587
@ran'ou_(tamago_no_kimi)	a	587
@reku	a	587
@takanashi_kei_(hitsujikan)	a	587
cross-laced_corset	g	587
extended_downblouse	g	587
kachina_(genshin_impact)	c	587
kakania_(reverse:1999)	c	587
kanno_naoe	c	587
kuramochi_meruto	c	587
lan_hikari_(mega_man)	c	587
owari_akane	c	587
pleading_face_emoji	g	587
pukamon	c	587
sidon	c	587
the_legend_of_zelda:_a_link_to_the_past	s	587
themed_object	g	587
vertical-striped_bra	g	587
wide_face	g	587
yi_xuan_(zenless_zone_zero)	c	587
yowamushi_pedal	s	587
@arano_oki	a	586
@bae_(baebae)	a	586
@kikuyoshi_(tracco)	a	586
@monobe_yuri	a	586
@mu46016419	a	586
@nisetanaka	a	586
@owner1657	a	586
@yamiochi_umekichi	a	586
announcement_celebration	g	586
bandana_around_arm	g	586
blood_on_body	g	586
daikon	g	586
double_strap_slip	g	586
female_orc	g	586
fused_zamasu	c	586
glove_in_mouth	g	586
hockey_mask	g	586
huge_moon	g	586
immobilization	g	586
kirby:_star_allies	s	586
lappland_the_decadenza_(arknights)	c	586
liquid_halo	g	586
madoka_aguri	c	586
munchlax	c	586
pyukumuku	c	586
screen_light	g	586
xu_fu_(fate)	c	586
yuno_(black_clover)	c	586
@dede_(qwea_00000)	a	585
@dsmile	a	585
@easonx	a	585
@ekrea_jan	a	585
@gabiran	a	585
@kiryu_manzoku	a	585
@miri_(ago550421)	a	585
@omaru_gyuunyuu	a	585
@shuuko_(s_h_uuko)	a	585
@timbougami	a	585
afro_puffs	g	585
aria_company_uniform	g	585
beige_cardigan	g	585
caro_ru_lushe	c	585
dinosaur_tail	g	585
heavy_machine_gun	g	585
hip_armor	g	585
kanzaki_kaori	c	585
mochizuki_honami	c	585
pointing_to_the_side	g	585
print_pajamas	g	585
ren_kougyoku	c	585
senoo_aiko	c	585
smother	g	585
stealth_masturbation	g	585
uzuki_(cookie)	c	585
@ebido	a	584
@hinasaki_you	a	584
@nakajima_yuka	a	584
@nia_(nia4294)	a	584
@ouma_tokiichi	a	584
alfa_system	s	584
apple_slice	g	584
belt_bag	g	584
bloomers_pull	g	584
bubbles_(ppg)	c	584
firefighter	g	584
hollow_(bleach)	g	584
licking_another's_cheek	g	584
liliya_olenyeva	c	584
mismatched_thighhighs	g	584
netorase	g	584
ozymandias_(fate)	c	584
ribbon-trimmed_bra	g	584
shuangyaji	g	584
snow_white_and_the_seven_dwarfs	s	584
sun_print	g	584
takane_manaka	c	584
takozonesu	c	584
?_block	g	583
@asaya_minoru	a	583
@bengus	a	583
@fluffydango	a	583
@hxxg	a	583
@kazuma_(kazumav)	a	583
@naokomama	a	583
@riyo_(lyomsnpmp)	a	583
admiral_hipper_(azur_lane)	c	583
american_mcgee's_alice	s	583
artoria_caster_(swimsuit)_(fate)	c	583
ascii_media_works	s	583
canal	g	583
donkey_kong_country	s	583
illumi_zoldyck	c	583
neck_grab	g	583
one_arm_handstand	g	583
ookurikara	c	583
xinyan_(genshin_impact)	c	583
zutto_mayonaka_de_ii_no_ni	s	583
@g_reaper	a	582
@onono_imoko	a	582
@ryuki_(ryukisukune)	a	582
a_channel	s	582
after_battle	g	582
clow_card	c	582
detached_arm	g	582
enrico_pucci	c	582
hitsugaya_toushirou	c	582
pink_sports_bra	g	582
plackart	g	582
polka_dot_bowtie	g	582
print_scarf	g	582
ryunosuke_naruhodo	c	582
sengoku_rance	s	582
shu_yamino	c	582
spiked_headband	g	582
x-ray_vision	g	582
yuzu_(maid)_(blue_archive)	c	582
@blushyspicy	a	581
@csyday	a	581
@denki_showgun	a	581
@nanashino	a	581
@naso4	a	581
@pairan	a	581
@ryosios	a	581
aegis_sword_(xenoblade)	g	581
animal_request	m	581
aqua_coat	g	581
arms_on_table	g	581
azusa_(swimsuit)_(blue_archive)	c	581
bmp-to-png_conversion	m	581
character-themed_food	g	581
ephraim_(fire_emblem)	c	581
fakemon	g	581
fingers_to_mouth	g	581
gift_wrapping	g	581
hot_air_balloon	g	581
intertwined_tails	g	581
kid_(chrono_cross)	c	581
king	g	581
kirschtaria_wodime	c	581
narutomaki	g	581
owada_mondo	c	581
rie_petoriyacowa	c	581
tangled	s	581
yuuka_(pajamas)_(blue_archive)	c	581
@aldharoku	a	580
@comodomodo	a	580
@hidulume	a	580
@hitotose_rin	a	580
@ichihaya	a	580
@miyamoto_issa	a	580
@murata_tefu	a	580
@nagare	a	580
@non_(kumakawayusu)	a	580
@tebi_(tbd11)	a	580
@yayoi_maka	a	580
alolan_raichu	c	580
archery_shooting_glove	g	580
blue_haori	g	580
breast_pump	g	580
catria_(fire_emblem)	c	580
hand_on_own_foot	g	580
hands_on_another's_stomach	g	580
hanging_scroll	g	580
heles	c	580
henshin_pose	g	580
himiko_(fate)	c	580
hod_(project_moon)	c	580
houkago_teibou_nisshi	s	580
kiryu_kazuma	c	580
kris_(dark_world)_(deltarune)	c	580
kushieda_minori	c	580
kyoufuu_all_back_(vocaloid)	s	580
momose_rio	c	580
rapi_(red_hood)_(nikke)	c	580
ruri_no_houseki	s	580
snk_heroines:_tag_team_frenzy	s	580
soukyuu_no_fafner	s	580
@dorontabi	a	579
@gentsuki	a	579
@reit	a	579
@you_(noanoamoemoe)	a	579
25-ji_nightcord_de._(project_sekai)	s	579
atelier_rorona	s	579
gear_fifth	g	579
hestia_(danmachi)_(cosplay)	g	579
james_moriarty_(archer)_(fate)	c	579
jubilee_2025	s	579
kaitou_kid	c	579
kanba_girls_high_school_uniform	g	579
liquor	g	579
lucia_(scott_malin)	c	579
nerv	g	579
one_piece_film:_gold	s	579
pravda_school_uniform	g	579
read_or_die	s	579
rex_lapis_(genshin_impact)	c	579
shirt_slip	g	579
stuffed_whale	g	579
w_over_eye	g	579
zeta_gundam_(mobile_suit)	c	579
@freng	a	578
@futa_(nabezoko)	a	578
@inoue_sora	a	578
@nakano_sora	a	578
@namauni	a	578
@sankuma	a	578
ass_freckles	g	578
bishoujo_senshi_sailor_moon_supers	s	578
chipmunk_tail	g	578
crimvael	c	578
dorothy_(arknights)	c	578
gatchaman_crowds	s	578
hylian_shield	g	578
panda_girl	g	578
piapro	s	578
twerking	g	578
@devilukez	a	577
@goshiki_suzu	a	577
@isse	a	577
@koi_(koisan)	a	577
@palcomix	a	577
@zaxwu	a	577
amano_pikamee	c	577
asbel_lhant	c	577
general-purpose_machine_gun	g	577
holding_pointer	g	577
licking_hand	g	577
luz_noceda	c	577
mary_(nikke)	c	577
midoriya_inko	c	577
miyamoto_musashi_(third_ascension)_(fate)	c	577
popuko	c	577
scamp_(kancolle)	c	577
shibayama_junpei	c	577
six_fanarts_challenge	g	577
stuffed_sheep	g	577
white_briefs	g	577
@akagi_rio	a	576
@ayatori_(aytr)	a	576
@mitsumomo_mamu	a	576
@moral_cacoethes	a	576
@nekoume	a	576
@sadamoto_yoshiyuki	a	576
@yumesato_makura	a	576
diabellstar_the_black_witch	c	576
frilled_bonnet	g	576
horns_pose	g	576
ikeda_chitose	c	576
kiana_kaslana_(white_comet)	c	576
minimap	g	576
moonlight_flower	c	576
puyopuyo_quest	s	576
sky_striker_ace_-_raye	c	576
sombrero	g	576
thetismon	c	576
turks_(ff7)	g	576
wario_land	s	576
@amano_kouki	a	575
@ravernclouk_design	a	575
@ruton-niki	a	575
@shoujo_donburi	a	575
@yasaikakiage	a	575
basketball_hoop	g	575
geoffroy's_cat_(kemono_friends)	c	575
hot_chocolate	g	575
kiryuu_yoshiya	c	575
lilith_(machikado_mazoku)	c	575
miss_cloud	c	575
mousse_(ranma_1/2)	c	575
penetration_through_clothes	g	575
rabbit_mask	g	575
racetrack	g	575
riot_shield	g	575
starfighter	g	575
tabitha_(zero_no_tsukaima)	c	575
very_hairy	g	575
virtua_fighter	s	575
wactor_production	s	575
yellow_hood	g	575
@andava	a	574
@combos_&_doodles	a	574
@dan_(kumadan)	a	574
@haneru	a	574
@kawagishi_keitarou	a	574
@potion_(moudamepo)	a	574
@thirty_8ght	a	574
@yomosaka	a	574
articuno	c	574
bad_yandere_id	m	574
dango_daikazoku	s	574
dolphin_girl	g	574
hisoka_morow	c	574
inari_one_(umamusume)	c	574
mami_mogu_mogu	g	574
ocarina	g	574
siegfried_(fate)	c	574
undone_bra	g	574
@kedama_milk	a	573
@muku_(muku-coffee)	a	573
@nakabayashi_zun	a	573
@oda_non	a	573
@youta	a	573
@zen_(kamuro)	a	573
bone_print	g	573
fujiwara_hazuki	c	573
grey_lips	g	573
holoadvent	s	573
howl_(howl_no_ugoku_shiro)	c	573
jumpluff	c	573
makoto_(princess_connect!)	c	573
mast_(nikke)	c	573
matsumae_ohana	c	573
mysta_rias	c	573
shiramine_nokia	c	573
suzu_(cookie)	c	573
text-only_page	g	573
tokino_sora_(1st_costume)	c	573
@qys3	a	572
@soon_(c-u-soon)	a	572
assassin's_creed	s	572
bitou_daisukenojou	c	572
bridle	g	572
comiket_105	s	572
cum_in_panties	g	572
dragon_ball_daima	s	572
expression_chart	g	572
fabulous	g	572
folded_clothes	g	572
joy_(pokemon)	c	572
kirito_(sao-ggo)	c	572
loose_bikini	g	572
minase_akiko	c	572
orange_one-piece_swimsuit	g	572
pink_eyeliner	g	572
sancho_(project_moon)	c	572
shampoo	g	572
sister_claire_(1st_costume)	c	572
soulcalibur_iii	s	572
texas_(winter_messenger)_(arknights)	c	572
tokiha_mai	c	572
wally_(pokemon)	c	572
@baba_(baba_seimaijo)	a	571
@betabeet	a	571
@doushimasho	a	571
@dross	a	571
@kanno_takanori	a	571
@okitakung	a	571
@somebody_(leiking00)	a	571
ayachi_nene	c	571
cure_flora	c	571
cutie_honey	s	571
depth_charge	g	571
disco_ball	g	571
ieiri_shoko	c	571
iida_tenya	c	571
jibanyan	c	571
kana_anaberal	c	571
paradox_live	s	571
pen_in_pocket	g	571
persona_1	s	571
pinwheel_hair_ornament	g	571
watercolor_effect	g	571
x_fingers	g	571
@a-ka	a	570
@georugu13	a	570
@gibun_(sozoshu)	a	570
@hondaranya	a	570
@kawase_seiki	a	570
@marukyuu_ameya	a	570
@oda_ken'ichi	a	570
@ougi_hina	a	570
@tiemu_(man190)	a	570
aika_granzchesta	c	570
amakusa_shirou_(fate)	c	570
aqua_one-piece_swimsuit	g	570
baby_animal	g	570
contrast	g	570
cotton_swab	g	570
feena_fam_earthlight	c	570
grim_aloe	c	570
heidimarie_w._schnaufer	c	570
jabami_yumeko	c	570
kamehameha_(dragon_ball)	g	570
lily_(vocaloid)	c	570
maruruk	c	570
penguin_tail	g	570
rakudai_ninja_rantarou	s	570
rifle_cartridge	g	570
sasaki_akebi	c	570
shamal	c	570
suou_pavlichenko	c	570
top_pull	g	570
water_slide	g	570
weasel	g	570
yumi_(bow)	g	570
@119	a	569
@akaza	a	569
@aogisa	a	569
@hidari_(left_side)	a	569
@hijiri_kogome	a	569
@karbo	a	569
@norizou_type-r	a	569
@segami_daisuke	a	569
@shindol	a	569
@taka_(takahirokun)	a	569
@walzrj	a	569
anal_fisting	g	569
anko_(gochiusa)	c	569
beastars	s	569
hoshimi_junna	c	569
inconvenient_breasts	g	569
large-spotted_genet_(kemono_friends)	c	569
reindeer_girl	g	569
yangyang_(wuthering_waves)	c	569
@amagai_tarou	a	568
@fjsmu	a	568
@kuro_(toi_et_moi)	a	568
@minamoto_(mutton)	a	568
@mochizuki_shiina	a	568
@momisan	a	568
@ohasi	a	568
@redlhzz	a	568
@teoi_(good_chaos)	a	568
beast_boy_(dc)	c	568
billhook	g	568
contortion	g	568
cum_on_fingers	g	568
dim_lighting	g	568
dragon_claw	g	568
dream_smp	s	568
hakuryuu_(inazuma_eleven)	c	568
holding_palette	g	568
kazama_iroha_(1st_costume)	c	568
mazinger_z	s	568
pokemon_ears	g	568
poppy_(flower)	g	568
print_bodysuit	g	568
side-seamed_legwear	g	568
yagi_toshinori	c	568
@ainy	a	567
@isaki_(gomi)	a	567
@kurarensuu	a	567
@lunaflame	a	567
@magister	a	567
@tro	a	567
@yajirushi_(chanoma)	a	567
backbeako_(torotei)	c	567
bubble_bath	g	567
eyecatch	g	567
ibara_mayaka	c	567
kikuzuki_(kancolle)	c	567
maron_(dragon_ball)	c	567
minazuki_(kancolle)	c	567
musou_isshin_(genshin_impact)	g	567
outstretched_legs	g	567
plants_vs_zombies	s	567
satellite_dish	g	567
turbo_granny	c	567
wrist_straps	g	567
@abandon_ranka	a	566
@enjaku_izuku	a	566
@fun_bo	a	566
@gabriel_evangel	a	566
@hatsunatsu	a	566
@lillly	a	566
@lunacle	a	566
@yan_(nicknikg)	a	566
carrot_print	g	566
genjitsu_no_yohane	s	566
greek_mythology	s	566
holding_petal	g	566
kyoko_(kunio-kun)	c	566
maam	c	566
mabel_pines	c	566
meowstic	c	566
morty_(pokemon)	c	566
mugetsu_(touhou)	c	566
orange_cardigan	g	566
peony_(flower)	g	566
print_apron	g	566
they_had_lots_of_sex_afterwards_(meme)	g	566
@deego_(omochi_bazooka)	a	565
@fuuen_(akagaminanoka)	a	565
@necomi	a	565
@pink_doragon	a	565
@puddinghomhom	a	565
@r-binon	a	565
@scott_malin	a	565
anzio_military_uniform	g	565
arena_(company)	s	565
bone_necklace	g	565
brown_hakama	g	565
burnt	g	565
cassette_player	g	565
fae_(fire_emblem)	c	565
fire_emblem_gaiden	s	565
foot_on_another's_face	g	565
jungle_cat_(kemono_friends)	c	565
kagura_suzu	g	565
kindergarten	g	565
liv_(punishing:_gray_raven)	c	565
marshmallow_(site)	g	565
mousepad_(medium)	g	565
multicolored_buttons	g	565
oiled	g	565
pieck_finger	c	565
pink_pubic_hair	g	565
reu_(cookie)	c	565
sangokushi_taisen	s	565
shinano_eiji	c	565
the_little_mermaid	s	565
tsukumo_kako	c	565
victorica_de_blois	c	565
@kuroi_suna	a	564
@kuromayu	a	564
@sasaame	a	564
@tappa_(esperanza)	a	564
@yoshida_seiji	a	564
=_hair_ornament	g	564
accidental_pervert	g	564
ainz_ooal_gown	c	564
flip_flappers	s	564
growlithe	c	564
hatsune_mikuo	c	564
kumatora	c	564
mei_mei_(jujutsu_kaisen)	c	564
osomatsu_(series)	s	564
puzzle	g	564
sk8_the_infinity	s	564
super_sailor_moon	c	564
toasting_(gesture)	g	564
tsukuyo_(blue_archive)	c	564
undone_neckerchief	g	564
@demizu_posuka	a	563
@yoshida_keiji	a	563
3.1-tan	c	563
asseylum_vers_allusia	c	563
between_pecs	g	563
cd_case	g	563
elize_lutus	c	563
eye_of_senri	g	563
flora_(dq5)	c	563
green_male_underwear	g	563
grimm's_fairy_tales	s	563
hinase_(cookie)	c	563
kumbhira_(granblue_fantasy)	c	563
noah_(xenoblade)	c	563
pajamas_pull	g	563
plugsuit_(evangelion)	g	563
sakaguchi_karina	c	563
shishiro_botan_(button-down)	c	563
snow_white_(nikke)	c	563
string_around_finger	g	563
super_saiyan_3	g	563
tied_penis	g	563
tokoyami_towa_(1st_costume)	c	563
translucent_hair	g	563
@komi_zumiko	a	562
@usume_shirou	a	562
akagi_towa	c	562
audino	c	562
bandana_waddle_dee	c	562
chougei_(kancolle)	c	562
cum_on_armpit	g	562
elira_pendora_(1st_costume)	c	562
evangeline_a.k._mcdowell	c	562
flak_jacket	g	562
ghost_print	g	562
heart_straw	g	562
hortensia_(fire_emblem)	c	562
ikaros	c	562
immaterial_and_missing_power	s	562
killer_queen	c	562
marui_hitoha	c	562
mouse_boy	g	562
nenohi_(kancolle)	c	562
ole-m	s	562
qurare_magic_library	s	562
shaped_lollipop	g	562
shared_speech_bubble	g	562
small-clawed_otter_(kemono_friends)	c	562
t-elos	c	562
trap_on_female	g	562
@dr.p	a	561
@mdf_an	a	561
@miko_(royal_milk)	a	561
@uneg	a	561
@wacchi	a	561
aesc_(fate)	c	561
aria_pokoteng	c	561
bikini_top_aside	g	561
blood_halo	g	561
bruce_lee's_jumpsuit	g	561
character_cutout	g	561
eugeo	c	561
family_guy	s	561
finger_to_eye	g	561
load_bearing_equipment	g	561
mihama_chiyo	c	561
miriam_(pokemon)	c	561
ogasawara_sachiko	c	561
ornate_armor	g	561
pixiv_fantasia_age_of_starlight	s	561
rain_mikamura	c	561
shaved_head	g	561
sorakado_ao	c	561
wooden_spoon	g	561
yu-gi-oh!_sevens	s	561
@60mai	a	560
@bigkwl	a	560
@branch_(blackrabbits)	a	560
@hm_(hmongt)	a	560
@tajima_yuuki	a	560
adachi_to_shimamura	s	560
brief_(psg)	c	560
coffee_table	g	560
female_service_cap	g	560
mukaido_manaka	c	560
pliers	g	560
poker	g	560
purple_sister	c	560
tenshinranman	s	560
tetra	c	560
@blackwhiplash	a	559
@cad_(caddo)	a	559
@cocoballking	a	559
@daive	a	559
@ddolbang	a	559
@katagiri_hachigou	a	559
@kukumomo	a	559
@meth_(emethmeth)	a	559
@militia_minpei	a	559
@tonarikeru	a	559
@toukaairab	a	559
@vertigris	a	559
blue_rose_(tiger_&_bunny)	c	559
costume_request	m	559
disembodied_hands	g	559
hikami_sumire	c	559
majima_goro	c	559
maki_(camp)_(blue_archive)	c	559
open_pajamas	g	559
plant_focus	g	559
salome_(one_piece)	c	559
sekai_ni_otoko_wa_jibun_dake_zensekai_no_josei_o_ninshin_sasete_jinrui_o_sukue!	s	559
vertical_forward_grip	g	559
water_lily_flower	g	559
yamabuki_high_school_uniform	g	559
@hanada_yanochi	a	558
@hijiri_rei	a	558
@jonsun	a	558
@natedecock	a	558
@noba	a	558
@piyodera_mucha	a	558
@srgrafo	a	558
@takaman_(gaffe)	a	558
@zundarepon	a	558
billy_kid	c	558
blowing_smoke	g	558
fishing_hook	g	558
kiawe_(pokemon)	c	558
komainu	g	558
masamune_(ff7)	g	558
mecha_girl	g	558
monocle_chain	g	558
riliane_lucifen_d'autriche	c	558
ryuuhou_(kancolle)	c	558
saileach_(arknights)	c	558
tamamo_cat_(third_ascension)_(fate)	c	558
unbirthing	g	558
usami_ichika	c	558
vegapunk_lilith	c	558
@coffeekite	a	557
@sasahara_yuuki	a	557
@shirako_(kirupi)	a	557
@shiro9jira	a	557
bokukawauso	g	557
chocolate_making	g	557
coffee_maker	g	557
hazuki_nagisa	c	557
loona_(helluva_boss)	c	557
masaki_sasami_jurai	c	557
minamimoto_shou	c	557
monster_hunter_portable_3rd	s	557
reuniclus	c	557
shiro_(no_game_no_life)	c	557
shoutmon	c	557
sword_maiden	c	557
two-tone_halo	g	557
wonder_acute_(umamusume)	c	557
@cslucaris	a	556
@hanabusaoekaki	a	556
@hounori	a	556
@jairou	a	556
@kuroonehalf	a	556
@kyuuba_melo	a	556
@minust	a	556
@missile228	a	556
@miyasu_risa	a	556
aqua_horns	g	556
ash_arms	s	556
beelzebub_(helltaker)	c	556
breath_of_fire_iv	s	556
cheese_trail	g	556
chibi_on_head	g	556
citrus_(saburouta)	s	556
hidaka_ai	c	556
hitotsuyanagi_riri	c	556
jackal_tail	g	556
kitarou	c	556
lace_border	g	556
marionette	g	556
ookiku_furikabutte	s	556
pretty_rhythm_rainbow_live	s	556
project_kv	s	556
spiked_wings	g	556
tomb_raider	s	556
traffic_mirror	g	556
wrist_cutting	g	556
yamada_tae	c	556
@hioyami	a	555
@nikoo	a	555
@sugiyuu	a	555
alvin_(tales)	c	555
amitie_(puyopuyo)	c	555
crutch	g	555
da_capo_ii	s	555
ears_through_hood	g	555
erina_pendleton	c	555
grand_theft_auto	s	555
koharu_rikka	c	555
limiter_(tsukumo_sana)	g	555
moe_moe_kyun!	g	555
peter_parker	c	555
sakamoto_(nichijou)	c	555
seikimatsu_occult_gakuin	s	555
shimakaze_(kantai_collection)	c	555
sonoda_yuu	c	555
tinkaton	c	555
togekiss	c	555
traffic_baton	g	555
underground	g	555
whale_hat	g	555
@baileys_(tranquillity650)	a	554
@kurasuke	a	554
@matilda_fiship	a	554
@miwabe_sakura	a	554
@mocha_(cotton)	a	554
@narue	a	554
@pudgeruffian	a	554
ange_vierge	s	554
challia_bull	c	554
ear_down	g	554
gaping_pussy	g	554
ghost_miku_(project_voltage)	c	554
hooded_leotard	g	554
kaname_buccaneer	c	554
mirror_selfie	g	554
muzzle_device	g	554
nakagawa_nana	c	554
nino_(fire_emblem)	c	554
pointing_weapon	g	554
purple_tunic	g	554
rena_lanford	c	554
rito	g	554
shinomiya_runa	c	554
shirakiin_ririchiyo	c	554
victini	c	554
yakuza	g	554
@ameto_yuki	a	553
@ayanakitori	a	553
@edjim	a	553
@fagi_(kakikaki)	a	553
@hirowa_nagi	a	553
@imoko_(imonatsuki)	a	553
@jeno	a	553
@kekemotsu	a	553
@lee_(colt)	a	553
@noah_(tettsui-sole)	a	553
@note2000	a	553
@ryo_(botugo)	a	553
@terrajin	a	553
a-pose	g	553
alicia_florence	c	553
chrome_dokuro	c	553
digitama	g	553
ebisuzawa_kurumi	c	553
framed_image	g	553
fujieda_yoshino	c	553
kaifuku_jutsushi_no_yarinaoshi_~sokushi_mahou_to_skill_copy_no_chouetsu_heal~	s	553
kriss_vector	g	553
love_escalator	s	553
market	g	553
modernia_(nikke)	c	553
suou_yuki	c	553
whitesmith_(ragnarok_online)	c	553
@lucyfer	a	552
@nishihara_isao	a	552
@pole_(ppp1409)	a	552
@sido_(slipknot)	a	552
@u_u_zan	a	552
@xiaoxi0619	a	552
aiz_wallenstein	c	552
clark_kent	c	552
hand_hair	g	552
heshikiri_hasebe	c	552
ink_wash_painting	g	552
kidou_keisatsu_patlabor	s	552
marina_(fear_&_hunger)	c	552
o-ring_panties	g	552
red_light	g	552
shirt_under_sweater	g	552
sinking	g	552
towel_over_breasts	g	552
tsurugi_kyousuke	c	552
umitsuki_productions	s	552
@fumitan_(humitan)	a	551
@gerusyu	a	551
@hood_(james_x)	a	551
@kul_tigin	a	551
@neit_ni_sei	a	551
@yuri_kyanon	a	551
bakery	g	551
belly_dancer	g	551
dola_(nijisanji)	c	551
double_m/	g	551
evil_eyes	g	551
ima-no-tsurugi	c	551
kana_(fire_emblem)	c	551
kuromiya_raika	c	551
laces	g	551
mismatched_horns	g	551
nail_(hardware)	g	551
nurarihyon_no_mago	s	551
pipe_in_mouth	g	551
scoop_neck	g	551
spoken_zzz	g	551
tsukumo_sana_(1st_costume)	c	551
urushibara_ruka	c	551
wang_liu_mei	c	551
werewolf_costume	g	551
yonomori_kobeni	c	551
@kanden_sky	a	550
@ken_(koala)	a	550
@misekai_555	a	550
@nyama	a	550
@qiandaiyiyu	a	550
@yamanashi_taiki	a	550
abigail_williams_(second_ascension)_(fate)	c	550
airi_(band)_(blue_archive)	c	550
alastor_(hazbin_hotel)	c	550
cat_panties	g	550
fuwa_minato	c	550
goose	g	550
hands_on_another's_ass	g	550
hirschgeweih_antennas	g	550
irys_(irys_2.0)_(hololive)	c	550
kageyama_tobio	c	550
kataginu	g	550
kayoko_(new_year)_(blue_archive)	c	550
kidou_yuuto	c	550
lara_croft	c	550
magicami	s	550
one_piece:_strong_world	s	550
pelvic_curtain_aside	g	550
qingxin_flower	g	550
unworn_pantyhose	g	550
vanilla_the_rabbit	c	550
@dantewontdie	a	549
@mr.romance	a	549
@rento_(rukeai)	a	549
@yokota_mamoru	a	549
anubis_(mythology)	c	549
aruruu	c	549
ayakashi_triangle	s	549
deer_boy	g	549
demonbane	s	549
fan_hair_ornament	g	549
fold-over_gloves	g	549
irelia	c	549
kishinami_hakuno_(male)	c	549
melusine_(swimsuit_ruler)_(fate)	c	549
millennium_science_school_logo	g	549
mogador_(kancolle)	c	549
monitoring_(vocaloid)	s	549
oogaki_chiaki	c	549
reno_(ff7)	c	549
rinpoo_chuan	c	549
selection_university_military_uniform	g	549
shuriken_hair_ornament	g	549
@kawayabug	a	548
@kayabakoro	a	548
@masayo_(gin_no_ame)	a	548
@saiwai_hiroshi	a	548
@stormcow	a	548
@takasaki_mako	a	548
@zunkome	a	548
akane_lize	c	548
aqua_belt	g	548
astarion	c	548
breasts_day	g	548
dieselmine	s	548
dj	g	548
head_steam	g	548
impossible_sweater	g	548
kamen_rider_ooo_(series)	s	548
kebab	g	548
koe_no_katachi	s	548
marco_(one_piece)	c	548
psychedelic	g	548
queen_marika_the_eternal	c	548
shirayuki_ren	c	548
swim_goggles	g	548
tickling_feet	g	548
wetland	g	548
yuu_(twisted_wonderland)	c	548
@akinashi_yuu	a	547
@dasdokter	a	547
@endou_hiroto	a	547
@mirin_chikuwa	a	547
@shooko	a	547
@torako_(toramaru)	a	547
@yuugen	a	547
aqua_pantyhose	g	547
arihara_nanami	c	547
black_butterfly	g	547
bouncing_penis	g	547
ejaculation_under_clothes	g	547
fire_emblem:_shadow_dragon_and_the_blade_of_light	s	547
kanon_(umineko)	c	547
nippaku_zanmu	c	547
oozora_subaru_(hololive_summer_2019)	c	547
rock_lee	c	547
star_ocean_the_last_hope	s	547
starscream	c	547
suneate	g	547
the_road_to_el_dorado	s	547
@baba_arumi	a	546
@beifeng_han	a	546
@elf_k	a	546
@fuji_shinobu	a	546
@kinoshita_(air_hike)	a	546
@miya_(miyaruta)	a	546
@rkrk12	a	546
@taki_minashika	a	546
@watanon_(gakushokutei)	a	546
ahsoka_tano	c	546
ant_tenna	c	546
black_overskirt	g	546
chieru_(princess_connect!)	c	546
dr._slump	s	546
floating_breasts	g	546
koshigaya_komari	c	546
kotetsu_isane	c	546
lace-trimmed_bikini	g	546
matsuoka_miu	c	546
pipkin_pippa	c	546
poketch	g	546
shark_boy	g	546
syndra	c	546
tote_bag	g	546
tsukumo_ima	c	546
@joy_division	a	545
@kamiya_tomoe	a	545
@namie-kun	a	545
@okota_mikan	a	545
@rui_shi_(rayze_ray)	a	545
@sapphire_(nine)	a	545
barding	g	545
cure_beat	c	545
djmax	s	545
fluff	g	545
gold_headwear	g	545
k/da_akali	c	545
label_girl_(dipp)	c	545
matsukai_mao	c	545
nagusa_(blue_archive)	c	545
prier	c	545
qin_liangyu_(fate)	c	545
queen_of_sheba_(fate)	c	545
sentai	g	545
shuu_(inazuma_eleven)	c	545
water_surface	g	545
white_scales	g	545
@nokoppa	a	544
@yae_(mono110)	a	544
digimon_world_re:digitize	s	544
elegg_(boom_and_shock)_(nikke)	c	544
hat_pin	g	544
holding_ofuda	g	544
jormungand_(manga)	s	544
krile_mayer_baldesion_(ff5)	c	544
lace-trimmed_headwear	g	544
machete	g	544
pegasus_wings	g	544
pyramid_head	c	544
tatsuno_malm	c	544
@giraffe_(ilconte)	a	543
@handplug	a	543
@konshin	a	543
@necro_(nekurodayo)	a	543
@simoyuki	a	543
@tilt-shift_(azalanz)	a	543
@utsusumi_kio	a	543
akemi_homura_(cosplay)	g	543
collared_shrug	g	543
food_wrapper	g	543
graf_eisen	c	543
heart_eyepatch	g	543
hiburi_(kancolle)	c	543
kagehira_mika	c	543
lady_avalon_(fate)	c	543
mayonnaise	g	543
medical	g	543
miltank	c	543
pokobee	c	543
reisen	c	543
shaving	g	543
tiger_paws	g	543
trinity_general_school_logo	g	543
waai_fu_(arknights)	c	543
@ayakashi_(monkeypanch)	a	542
@basukechi	a	542
@momoshiki_tsubaki	a	542
@suo_bu_ye_feng	a	542
@uo_denim	a	542
@yana_(nekoarashi)	a	542
amity_blight	c	542
anatomy	g	542
antonio_salieri_(fate)	c	542
barbie_(franchise)	s	542
bayonetta_1	s	542
cloth	g	542
crona_(soul_eater)	c	542
devil_fruit	g	542
elster_(signalis)	c	542
gake_no_ue_no_ponyo	s	542
glowing_lines	g	542
oounabara_to_wadanohara	s	542
phoenix_wright:_ace_attorney_-_dual_destinies	s	542
shamisen	g	542
sword_of_the_creator	g	542
@aaron_broscli	a	541
@erkaz	a	541
@gsusart	a	541
@nploser	a	541
@shouji_nigou	a	541
@tsurusaki_takahiro	a	541
azki_(4th_costume)_(hololive)	c	541
caesar_(girls_und_panzer)	c	541
character_mask	g	541
dream_soul	g	541
full_cleft	g	541
jade_(gemstone)	g	541
mosin-nagant	g	541
mutsuki_kai_ni_(kancolle)	c	541
naked_robe	g	541
omamori_himari	s	541
photographic_proof	g	541
roserade	c	541
ryuuzaki_umi	c	541
saotome_shino_(shino_to_ren)	c	541
shiina_kokomi	c	541
sidetail	g	541
@buran_buta	a	540
@illu_(illu_stratos)	a	540
@iroyopon	a	540
@izumi_sai	a	540
@jema	a	540
@mitsuba_choco	a	540
@ormille	a	540
@yqgkg	a	540
asashio_kai_ni_(kancolle)	c	540
brown_tank_top	g	540
flower_bed	g	540
hero_(dq5)	c	540
hololive_summer_2023_swimsuit	g	540
lemon_print	g	540
naganami_kai_ni_(kancolle)	c	540
necro_(guilty_gear)	c	540
nobi_nobita	c	540
raynare	c	540
ryu_lion	c	540
sof_(blue_archive)	c	540
steamed_bun	g	540
stone_walkway	g	540
tokarev_(girls'_frontline)	c	540
@akashieru	a	539
@ashraely	a	539
@dino_(dinoartforame)	a	539
@h_kasei	a	539
@kitajima_yuuki	a	539
@mobu	a	539
@peroponesosu.	a	539
@sankuro_(agoitei)	a	539
@shokuyou_mogura	a	539
aegislash	c	539
asteroid	g	539
elsa_granhilte	c	539
front-seamed_legwear	g	539
hope's_peak_academy_school_uniform	g	539
linked_collar	g	539
pixiv_fantasia_sword_regalia	s	539
print_clothes	g	539
rakudai_kishi_no_cavalry	s	539
spacecraft_interior	g	539
suguri	s	539
tooth_gap	g	539
yamabuki_saya	c	539
@abara_heiki	a	538
@cool-kyou_shinja	a	538
@goback	a	538
@kuroi_mimei	a	538
@pantsu-ripper	a	538
@prywinko	a	538
ave_mujica_(bang_dream!)	s	538
barasuishou	c	538
hand_on_another's_wrist	g	538
impa	c	538
lulu_(ff10)	c	538
metal_gear_solid_3:_snake_eater	s	538
mimic_chest	c	538
rahu_(path_to_nowhere)	c	538
sonic_the_hedgehog_(classic)	s	538
tokidoki_bosotto_roshia-go_de_dereru_tonari_no_arya-san	s	538
tougou_mimori	c	538
turkey_(food)	g	538
video_game_character	g	538
vigna_(arknights)	c	538
yuragisou_no_yuuna-san	s	538
@mikage_takashi	a	537
@mimimi_(mimimim9999)	a	537
@nekobaka	a	537
@pinkpawg	a	537
@suruga_(xsurugax)	a	537
@yanagi_(nurikoboshi)	a	537
aogiri_koukou	s	537
back_turned	g	537
bullet_(blazblue)	c	537
comiket	s	537
cyrillic	g	537
digimon_survive	s	537
dynamite	g	537
f-ism	s	537
front-to-back	g	537
green_helmet	g	537
hyena_girl	g	537
iv_stand	g	537
nagant_revolver_(girls'_frontline)	c	537
newhalf_with_male	g	537
nice_nature_(run&win)_(umamusume)	c	537
pov_feeding	g	537
sky:_children_of_the_light	s	537
zenno_rob_roy_(umamusume)	c	537
@atahuta	a	536
@chahan_(fried_rice0614)	a	536
@jourd4n	a	536
@kyo_(kuroichigo)	a	536
@rasukaru	a	536
ai-chan_(tawawa)	c	536
animal-themed_food	g	536
bay_(nikke)	c	536
covered_pectorals	g	536
fate/extra_ccc_fox_tail	s	536
glowing_flower	g	536
iei	g	536
invincible_(series)	s	536
iori_sei	c	536
iris_mysteria!	s	536
kaede_johan_nouvel	c	536
kobeya_uniform	g	536
kushima_kamome	c	536
mist_(fire_emblem)	c	536
print_leotard	g	536
red_panda	g	536
ribbon-trimmed_bikini	g	536
son_biten	c	536
@butter-t	a	535
@kon-kit	a	535
@mi_taro333	a	535
@taroimo_(00120014)	a	535
archie_(pokemon)	c	535
at_gunpoint	g	535
cana_alberona	c	535
classicaloid	s	535
crystal_hair_ornament	g	535
enomoto_noa	c	535
green_hanfu	g	535
hubert_von_vestra	c	535
kurosu_aroma	c	535
matoi_ryuuko_(cosplay)	g	535
prince_of_lan_ling_(fate)	c	535
tank_helmet	g	535
ulquiorra_cifer	c	535
yuunagi_tsubasa	c	535
@dars_(recolors)	a	534
@ica	a	534
@koumei_(twinameless)	a	534
@terada_tera	a	534
ace_trainer_(pokemon)	c	534
cooperative_grinding	g	534
diploma	g	534
glass_writing	g	534
goldeen	c	534
half_crown_braid	g	534
kiriko_(overwatch)	c	534
komasan	c	534
kotozume_yukari	c	534
lifebuoy_ornament	g	534
owarimonogatari	s	534
planetary_ring	g	534
qingque_(honkai:_star_rail)	c	534
seikan_hikou	g	534
sora_wo_kakeru_shoujo	s	534
transformers:_generation_1	s	534
urara_meirochou	s	534
@akino_sora	a	533
@gorgeous_mushroom	a	533
@icomochi	a	533
@kazutake_hazano	a	533
@muku_jirushi	a	533
@okuda_yasuhiro	a	533
@osakana_(denpa_yun'yun)	a	533
@sasamori_tomoe	a	533
@tayuri	a	533
@tksand	a	533
@yamamomo_(plank)	a	533
@z.taiga	a	533
alternate_ass_size	g	533
bobblehat	g	533
cure_rosetta	c	533
cyborg_009	s	533
dialga	c	533
doma_umaru	c	533
fujibayashi_ryou	c	533
gensou_suikoden_i	s	533
hikarizaka_private_high_school_uniform	g	533
hooded_shrug	g	533
ice_skating	g	533
ishigami_nozomi	c	533
lipstick_mark_on_testicles	g	533
nian_(unfettered_freedom)_(arknights)	c	533
onigiri_print	g	533
super_mario_3d_world	s	533
thorfinn	c	533
wristlet	g	533
@asanagi_shion	a	532
@eko	a	532
@fellatrix	a	532
@nigari_(ngari_0115)	a	532
@oosaka_kanagawa	a	532
@saraki	a	532
@tsukumiya_amane	a	532
@xiujia_yihuizi	a	532
botamon	c	532
cracking_knuckles	g	532
fujimaru_ritsuka_(male)_(polar_chaldea_uniform)	c	532
garland_(decoration)	g	532
kamen_rider_01_(series)	s	532
kingdom_hearts_358/2_days	s	532
kitagawa_yuusuke	c	532
moose_ears	g	532
multiple_arms	g	532
necromancer	g	532
ofuda_on_pussy	g	532
pac-man_eyes	g	532
red_bull	s	532
zombie_girl	g	532
@asa_no_ha_(awayuki)	a	531
@fugtrup	a	531
@kanzarin	a	531
@kyogoku_shin	a	531
@ninoko	a	531
@saitou_naoki	a	531
@shiitake_taishi	a	531
@siirakannu	a	531
@suke_(singekijyosei)	a	531
@yuano	a	531
<key>_(blue_archive)	c	531
amanda_o'neill	c	531
gorgon_(fate)	c	531
halo_(game)	s	531
hoshi_no_tsue	g	531
matsubara_kaoru	c	531
pac-man_(game)	s	531
sailboat	g	531
selphie_tilmitt	c	531
shiratsuyu_kai_ni_(kancolle)	c	531
tamamo_no_mae_(swimsuit_lancer)_(second_ascension)_(fate)	c	531
wehrmacht	g	531
yoga_mat	g	531
@aratama_(a-tama)	a	530
@baru_(val-val)	a	530
@nekomamire	a	530
@saintshiro	a	530
@sindoll	a	530
@yamasan	a	530
akimoto_katherine_reiko	c	530
asahi_breweries	s	530
azul_ashengrotto	c	530
captain_falcon	c	530
cleft_chin	g	530
comiket_106	s	530
cuffed	g	530
daitou_(kancolle)	c	530
egyptian_mythology	s	530
emma_(yakusoku_no_neverland)	c	530
guile	c	530
himemori_luna_(1st_costume)	c	530
karlach	c	530
mai_(touhou)	c	530
mint_chocolate	g	530
mizuhara_koyomi	c	530
nigirizushi	g	530
pink_armor	g	530
puniru_(puniru_wa_kawaii_slime)	c	530
rat_girl	g	530
rerebrace	g	530
sculpture	g	530
singlet	g	530
spiked_mace	g	530
tongue_grab	g	530
youkoso!_sukebe_elf_no_mori_e	s	530
yuuki_sakuna	c	530
@hyakumangoku_masurao	a	529
@kujou_ichiso	a	529
@mitsugu	a	529
@onyhakase	a	529
@peso_(cheese_company)	a	529
@sarukaiwolf	a	529
@shounen_(hogehoge)	a	529
angelica_(project_moon)	c	529
anya's_heh_face_(meme)	g	529
beige_skirt	g	529
control_rod	g	529
crumpled_paper	g	529
cumdump	g	529
cutie_mark	g	529
facebook_logo	g	529
forte_stollen	c	529
freezing_(series)	s	529
green_buruma	g	529
jet_set_radio	s	529
koga_mitsuki	c	529
lossy-lossless	m	529
mummymon	c	529
nagara_(kancolle)	c	529
penis_over_one_eye	g	529
pickup_truck	g	529
princess_tutu	s	529
thigh_straddling	g	529
wien_margarete	c	529
zagreus_(hades)	c	529
@focke_wulf	a	528
@hiraga_matsuri	a	528
@koyubi_(littlefinger1988)	a	528
@maydrawfag	a	528
@nilitsu	a	528
@rustle	a	528
@shiroshi_(denpa_eshidan)	a	528
@udon_(shiratama)	a	528
404_(girls'_frontline)	g	528
ahoge_wag	g	528
art_study	g	528
black_claws	g	528
cargo_shorts	g	528
carnelian_(arknights)	c	528
kasai_amane	c	528
kerberos_blade	s	528
kevin_kaslana	c	528
laura_la_mer	c	528
moomin	s	528
mythra_(massive_melee)_(xenoblade)	c	528
no_male_underwear	g	528
ribbon_panties	g	528
saint_seiya_omega	s	528
short-sleeved_sweater	g	528
side-tie_dress	g	528
spiked_gloves	g	528
thick_leg_hair	g	528
tile_roof	g	528
yuugiri_(zombie_land_saga)	c	528
@amisu	a	527
@coin_rand	a	527
@doppel_(bonnypir)	a	527
@marin_(marine-sky-earth)	a	527
@takepoison	a	527
angra_mainyu_(fate)	c	527
bedivere_(fate)	c	527
cave_interior	g	527
dolphin_hair_ornament	g	527
executor_(arknights)	c	527
fitting_room	g	527
itai_no_wa_iya_nano_de_bougyoryoku_ni_kyokufuri_shitai_to_omoimasu	s	527
mahoutsukai_no_yakusoku	s	527
melusine_(genshin_impact)	c	527
metagross	c	527
milgram	s	527
miyauchi_renge	c	527
psycho_soldier	s	527
puck_(re:zero)	c	527
sugimoto_reimi	c	527
tropical	g	527
trowel	g	527
yumekui_merry	s	527
@itachou	a	526
@jiji_(aardvark)	a	526
@kink_(tortoiseshell)	a	526
@kurone_rinka	a	526
@takaya_n	a	526
brick_road	g	526
force-feeding	g	526
frill_trim	g	526
hierophant_green	c	526
hu_tao_(cherries_snow-laden)_(genshin_impact)	c	526
katsura_kotonoha	c	526
meicrackmon_vicious_mode	c	526
neon_(nikke)	c	526
netnavi	g	526
princess_of_the_crystal	c	526
sakugawa_school_uniform	g	526
spongebob_squarepants	c	526
@minashirazu	a	525
@molu_stranger	a	525
age_of_ishtaria	s	525
bacchikoi!	s	525
brown_bear_(kemono_friends)	c	525
cherry_earrings	g	525
ecclesia_(yu-gi-oh!)	c	525
folded_twintails	g	525
foster's_home_for_imaginary_friends	s	525
gajeel_redfox	c	525
hiding_behind_another	g	525
justina_follower_(blue_archive)	c	525
knight_(hollow_knight)	c	525
knitting	g	525
long_mustache	g	525
miyabi_(senran_kagura)	c	525
ororon_(genshin_impact)	c	525
pixiv_fantasia_new_world	s	525
shimoneta_to_iu_gainen_ga_sonzai_shinai_taikutsu_na_sekai	s	525
u.n._spacy	g	525
vector_(girls'_frontline)	c	525
weapon_profile	g	525
wonderlands_x_showtime_(project_sekai)	g	525
@a.x.	a	524
@henria	a	524
@kaminagi_(kaminagi-tei)	a	524
@momose_(oqo)	a	524
@silhouette_sakura	a	524
@skai_kun	a	524
beeswax_(arknights)	c	524
caren_hortensia_(amor_caren)	c	524
four_goddesses_online:_cyber_dimension_neptune	s	524
futaki_kanata	c	524
gm_(mobile_suit)	c	524
gold_buckle	g	524
guel_jeturk	c	524
hakurei_shrine	g	524
henrietta_de_tristain	c	524
hermione_granger	c	524
hip_tattoo	g	524
holding_crown	g	524
jibaku_shounen_hanako-kun	s	524
kanpani_girls	s	524
kiyohime_(swimsuit_lancer)_(fate)	c	524
komori_kiri	c	524
marvel_vs._capcom_3	s	524
milking_handjob	g	524
richelieu_(azur_lane)	c	524
rider-tan	c	524
sidoh_(dqb2)	c	524
sitting_sideways	g	524
smock	g	524
strict_nun_(diva)	c	524
v_over_head	g	524
@chamaji	a	523
@cloba	a	523
@fujikawa	a	523
@ikegami_akane	a	523
@ment	a	523
@shnva	a	523
@tusia	a	523
agnes_claudel	c	523
atarashi_ako	c	523
black_sarong	g	523
briar_(league_of_legends)	c	523
carol_malus_dienheim	c	523
choso_(jujutsu_kaisen)	c	523
dildo_gag	g	523
disgaea_rpg	s	523
exposed_muscle	g	523
hair_tied	g	523
kingprotea_(fate)	c	523
kuremi_kyouko	c	523
pac-man	c	523
pilot_helmet	g	523
ranpha_franboise	c	523
sakura_miko_(school_uniform)	c	523
spots	g	523
stomach_punch	g	523
symbareangoramon	c	523
t-pose	g	523
the_super_mario_bros._movie	s	523
tiger_i	g	523
tweyen_(granblue_fantasy)	c	523
ulforcev-dramon	c	523
uranami_(kancolle)	c	523
v-taper	g	523
victory_pose	g	523
wizard_(ragnarok_online)	c	523
@btmr_game	a	522
@osananajimi_neko	a	522
@sakuraba_hikaru_(loveindog)	a	522
@shift_(waage)	a	522
@x-t3al	a	522
@zuharu	a	522
boombox	g	522
clockup	s	522
cure_muse	c	522
dies_irae	s	522
dog_paws	g	522
fie_claussell	c	522
fundoshi_aside	g	522
ginga_nakajima	c	522
kabu_(pokemon)	c	522
kazami_mizuho	c	522
kindergarten_bag	g	522
nakano_yuka	c	522
naked_chocolate	g	522
ninian	c	522
originium_arts_(arknights)	g	522
palkia	c	522
pidgey	c	522
pink_sarong	g	522
renge_(blue_archive)	c	522
sendou_aichi	c	522
southern_italy_(hetalia)	c	522
stick_nipples	g	522
taiko_drum	g	522
two-tone_stripes	g	522
uchi_emiri	c	522
undine_(guilty_gear)	c	522
washington_(kancolle)	c	522
yen_sign	g	522
@mo_(kireinamo)	a	521
@oniilus	a	521
@sorai_shin'ya	a	521
@tomari_(veryberry00)	a	521
@toritora	a	521
>;d	g	521
25-ji_miku	c	521
drowzee	c	521
fake_video	g	521
grabbing_another's_hand	g	521
griffin	g	521
izumi_(blue_archive)	c	521
kaijuu_no._8	s	521
mikisugi_aikurou	c	521
naruse_mio	c	521
oohinata_toshiya	c	521
person_on_head	g	521
pipimi	c	521
quilted_jacket	g	521
sideless_kimono	g	521
takeda_harumi_(shiromanta)	c	521
tenkuubashi_tomoka	c	521
@aiue_oka	a	520
@automatic_giraffe	a	520
@cosine	a	520
@murabito_c	a	520
@ryoi	a	520
@tokuura	a	520
@yukie_(peach_candy)	a	520
branded	g	520
figure_four_sitting	g	520
flat_chastity_cage	g	520
gundam_msv	s	520
jiaoqiu_(honkai:_star_rail)	c	520
kurumi_(lycoris_recoil)	c	520
mitsuka_souji	c	520
oryou_(girls_und_panzer)	c	520
otogi_(blue_archive)	c	520
pinecone	g	520
robin_(arknights)	c	520
roy_(pokemon)	c	520
shiratori_aira_(dandadan)	c	520
sledgehammer	g	520
sonia_strumm_(mega_man)	c	520
spain_(hetalia)	c	520
spork	g	520
tokisaki_mio	c	520
yamagishi_yukako	c	520
@amania_orz	a	519
@feguimel	a	519
@gearous	a	519
@goe_(g-o-e)	a	519
@greatodoggo	a	519
@hoshimiya_aki	a	519
@ironlily	a	519
@neropaso	a	519
@norza	a	519
@puchiman	a	519
@shouji_ayumu	a	519
@tateha_(marvelous_grace)	a	519
@yamaori	a	519
bb_dubai_(fate)	c	519
cuntboy	g	519
deedlit	c	519
doorknob	g	519
flapper_shirt	g	519
holding_another's_tail	g	519
houshou_marine_(marching_band)	c	519
kiryuuin_ragyou	c	519
koyanskaya_(assassin)_(first_ascension)_(fate)	c	519
raito-kun_(uenomigi)	c	519
sananana_(cookie)	c	519
the_world	c	519
tifa_lockhart_(cosplay)	g	519
xeno_(series)	s	519
@blacksaikou	a	518
@feint721	a	518
@minuspal	a	518
@re:shimashima	a	518
@shabana_may	a	518
@takanashi_ringo	a	518
@tsubasa_(abchipika)	a	518
@zurikishi	a	518
akaashi_keiji	c	518
alice:_madness_returns	s	518
black_mouth	g	518
brighid_(xenoblade)	c	518
comiket_102	s	518
covered_penetration	g	518
cure_muse_(yellow)	c	518
feather_duster	g	518
gradient_gloves	g	518
horizontal_magazine	g	518
kumashiro_maya	c	518
latifa_fleuranza	c	518
machina_x_flayon	c	518
madoka_runes	g	518
nero_claudius_(olympian_bloomers)_(fate)	c	518
rockruff	c	518
saunders_school_uniform	g	518
star_censor	g	518
surprised_arms	g	518
tachibana_miya	c	518
unworn_cape	g	518
@arachnart	a	517
@beruzumi-m	a	517
@daichi_(tokoya)	a	517
@eretto	a	517
@indexryo	a	517
@ogipote	a	517
@sempon_(doppio_note)	a	517
@yoru_nai	a	517
@yoshizawa_tsubaki	a	517
@yusha_m	a	517
dorumon	c	517
doukyuusei	s	517
fatal_fury:_city_of_the_wolves	s	517
five-seven_(girls'_frontline)	c	517
grey_pupils	g	517
hairline	g	517
hoshiguma_yuugi_(kimono)	c	517
kodona	g	517
lain_paterson_(1st_costume)	c	517
miraidon	c	517
nishizono_mio	c	517
onitsuka_tomari	c	517
pidgeot	c	517
polka_dot_camisole	g	517
shizuko_(blue_archive)	c	517
shizuru_(princess_connect!)	c	517
team_rocket_grunt	c	517
the_iron_of_yin_and_yang	s	517
yellow_tongue	g	517
yuzuriha_(under_night_in-birth)	c	517
zaizen_aoi	c	517
@blazpu	a	516
@chiyo_(pk19981234)	a	516
@dankestofdans	a	516
@feral_lemma	a	516
@fuyumi_kazuki	a	516
@koharu2.5	a	516
@raika9	a	516
@shinozuka_jouji	a	516
@shiory	a	516
dragapult	c	516
holding_handkerchief	g	516
irezumi	g	516
kafu_(cevio)	c	516
kamen_rider_geats_(series)	s	516
latin_text	g	516
monika_weisswind	c	516
phantom_thief	g	516
plus_sign	g	516
removing_bra	g	516
rumble_roses	s	516
saga_frontier	s	516
saury	g	516
scar_on_breasts	g	516
schwertkreuz	c	516
shiki_natsume	c	516
shiroko_(cycling)_(blue_archive)	c	516
shuten_douji_(first_ascension)_(fate)	c	516
simulacrum_(titanfall)	g	516
takasugi_shinsuke	c	516
twisted_neck	g	516
valkyrie_(apex_legends)	c	516
@aomizuan	a	515
@ayato	a	515
@kinta_(distortion)	a	515
@maou_alba	a	515
@muchi_maro	a	515
@pokachu	a	515
@takunomi	a	515
@wahiko_(black_bastard)	a	515
@wata_do_chinkuru	a	515
amada_ken	c	515
bunny_slippers	g	515
cesario_(umamusume)	c	515
cocktail_shaker	g	515
common_dolphin_(kemono_friends)	c	515
crown_print	g	515
cyphers	s	515
hand_on_another's_crotch	g	515
holding_headphones	g	515
huai_yunqing	c	515
jumpsuit_around_waist	g	515
komainu_boy	g	515
momomiya_ichigo	c	515
numby_(honkai:_star_rail)	c	515
royal_penguin_(kemono_friends)	c	515
striped_suit	g	515
ta-class_battleship	c	515
white_headphones	g	515
@alexmaster	a	514
@klaius	a	514
@manino_(mofuritaionaka)	a	514
@mcgunngu	a	514
@miwano_rag	a	514
@nakkar	a	514
@rudoni	a	514
@ssalbulre	a	514
@tinnies	a	514
@yudepii	a	514
ara_han	c	514
arifureta_shokugyou_de_sekai_saikyou	s	514
bedwetting	g	514
daiichi_ruby_(umamusume)	c	514
forward_facing_horns	g	514
hiro_(hidamari_sketch)	c	514
lurantis	c	514
male-female_symbol	g	514
marcus_(reverse:1999)	c	514
on_crescent	g	514
on_food	g	514
riot_games	s	514
seele_vollerei_(herrscher_of_rebirth)	c	514
squid_game	s	514
tifa_lockhart_(refined_dress)	c	514
@bbb_(friskuser)	a	513
@cessa	a	513
@efukei	a	513
@hanabi_(ocha)	a	513
@huanxiang_huifeng	a	513
@kerorira	a	513
@miazi	a	513
@opossumachine	a	513
@rkrk	a	513
@yuihico	a	513
battery	g	513
chloe_(fire_emblem)	c	513
dome	g	513
fading_border	g	513
field_of_blades	g	513
frilled_footwear	g	513
harmony_(splatoon)	c	513
mother's_day	g	513
motto!_haramase!_honoo_no_oppai_isekai_oppai_maid_gakuen!	s	513
pp_disk_magazine_collection	s	513
red_tunic	g	513
reona_west	c	513
tsukino_mito_(1st_costume)	c	513
tsumugi_wenders	c	513
white_overalls	g	513
yellow_innertube	g	513
@enpe	a	512
@haruakira	a	512
@harumachi_nagaaki	a	512
@hayashi_kewi	a	512
@kkopoli	a	512
@otokamu	a	512
@rosuuri	a	512
@sakura_hiyori	a	512
@shiromanta	a	512
@suzutsuki_kurara	a	512
ajaw_(genshin_impact)	c	512
aqua-framed_eyewear	g	512
big_boss	c	512
canister	g	512
cinnabar_(houseki_no_kuni)	c	512
corsola	c	512
elfen_lied	s	512
eliwood_(fire_emblem)	c	512
floating_sword	g	512
jigen_daisuke	c	512
kiyohime_(fate/grand_order)	c	512
listen!!	s	512
locket	g	512
maestrale_(kancolle)	c	512
minnie_mouse	c	512
olivia_(pokemon)	c	512
project_diva_2nd	s	512
red_panda_girl	g	512
striped_tank_top	g	512
suzi_q	c	512
swampert	c	512
triage_x	s	512
yoshimi_(band)_(blue_archive)	c	512
yui_(sao)	c	512
zelos_wilder	c	512
@colo_(nagrolaz)	a	511
@gatchan	a	511
@kotobuki_(momoko_factory)	a	511
@mel/a	a	511
@namanie	a	511
@sabamen	a	511
@sukage	a	511
@syroh	a	511
@tsuzuri_(tuzuri)	a	511
ao-chan_(ninomae_ina'nis)	c	511
arguing	g	511
engrish_commentary	m	511
flamingo	g	511
hinamatsuri	s	511
kawanishi_shinobu	c	511
pectoral_docking	g	511
sakamoto_ryouma_(fate)	c	511
scar_on_tail	g	511
shiranui_flare_(street)	c	511
sonic_frontiers	s	511
suzumura_sango	c	511
suzuya_kai_ni_(kancolle)	c	511
tailred	c	511
trample	g	511
@caracol	a	510
@jellcaps	a	510
@onomeshin	a	510
@poronegi	a	510
@sasanon_(sasapoliton)	a	510
@yoban	a	510
@yoshida_hideyuki	a	510
@yoshioka_yoshiko	a	510
adjusting_bra	g	510
amairo_islenauts	s	510
douki-chan_(douki-chan)	c	510
ermes_costello	c	510
groudon	c	510
holding_coat	g	510
holding_flashlight	g	510
kageyama_shien	c	510
little_tail_bronx	s	510
lyn_(blade_&_soul)	c	510
melona_(queen's_blade)	c	510
nipple_tag	g	510
one_piece_treasure_cruise	s	510
orange_outline	g	510
oz_(genshin_impact)	c	510
shot_glass	g	510
spiked_dildo	g	510
stasis_tank	g	510
yuusha_ou_gaogaigar	s	510
;<	g	509
@akatsuki_akane	a	509
@genkotsu_herajika	a	509
@goyain	a	509
@krokobyaka	a	509
@medu_(rubish)	a	509
@offbeat	a	509
@syunzou	a	509
@teddy_(khanshin)	a	509
@testa	a	509
@yostxxx	a	509
anna_miller	s	509
cross_tattoo	g	509
exs-tia_magica	c	509
fa_yuiry	c	509
followers_favorite_challenge	g	509
fullbokko_heroes	s	509
hand_on_weapon	g	509
ico_(megaman_x_dive)	c	509
irasutoya	s	509
kaku-san-sei_million_arthur	s	509
katarina_claes	c	509
kiso_kai_ni_(kancolle)	c	509
lemon_hair_ornament	g	509
mazda	s	509
ragnarok_masters	s	509
shoulder_grab	g	509
stuffed_lion	g	509
tomo-chan_wa_onna_no_ko	s	509
tomoe_gozen_(swimsuit_saber)_(first_ascension)_(fate)	c	509
zessica_wong	c	509
@greatm8	a	508
@hanato_(seonoaiko)	a	508
@kokone_(coconeeeco)	a	508
@kuroi_(liar-player)	a	508
@masakichi_(crossroad)	a	508
@parororo	a	508
@task_(s_task80)	a	508
ai_(digimon)	c	508
apple_(reverse:1999)	c	508
aqua_cape	g	508
arcee	c	508
bailu_(honkai:_star_rail)	c	508
big_head	g	508
chise_(swimsuit)_(blue_archive)	c	508
dratini	c	508
drifters	s	508
metalgarurumon	c	508
mordred_(swimsuit_rider)_(first_ascension)_(fate)	c	508
moroboshi_ataru	c	508
risky_boots	c	508
sitting_on_water	g	508
sleeping_bag	g	508
slouching	g	508
stamp_mark	g	508
turntable	g	508
uppercut	g	508
utawarerumono:_futari_no_hakuoro	s	508
weight_gain	g	508
yellow_overalls	g	508
zone-tan	c	508
@kita_senri	a	507
@kochiya_(gothope)	a	507
@mibry_(phrysm)	a	507
@niina_ryou	a	507
@suiren_yurei	a	507
@tachimi_(basue)	a	507
aiba_takumi	c	507
ancient_egyptian	g	507
breath_of_fire_iii	s	507
cinder_fall	c	507
colored_smoke	g	507
fur_(clothing)	g	507
himemiya_tori	c	507
iriam	s	507
kazami_kazuki	c	507
medicine	g	507
numemon	c	507
penis_measuring	g	507
pokemon_bdsp	s	507
red_(pokemon_frlg)	c	507
sakura_hibiki	c	507
self-portrait	g	507
senbei	g	507
takizawa_kyouko	c	507
tarutaru	g	507
zamasu	c	507
@deras	a	506
@flipper	a	506
@kakage	a	506
@matrix16	a	506
@mistynight	a	506
@murata_yuusuke	a	506
@oohara_kyuutarou	a	506
@saijou_satoru	a	506
@yumaru_(marumarumaru)	a	506
alternate_facial_hair	g	506
bunting	g	506
crossed_belts	g	506
female_trainer_(umamusume)	c	506
futari_ecchi	s	506
gible	c	506
goutokuji_miyako	c	506
ice_crystal	g	506
kenny_mccormick	c	506
kuya_(nu_carnival)	c	506
microsoft	s	506
noctchill_(idolmaster)	c	506
pandemonica_(helltaker)	c	506
prinz_heinrich_(azur_lane)	c	506
rukawa_kaede	c	506
ryouko_(tenchi_muyou!)	c	506
severed_arm	g	506
shorts_under_shorts	g	506
sneezing	g	506
unworn_gag	g	506
ushiromiya_rosa	c	506
usui_nagi	c	506
white_len_(tsukihime)	c	506
@akiyama_enma	a	505
@kurofudo	a	505
@matsuda_yuusuke	a	505
@san-pon	a	505
@swkl:d	a	505
@tabe_koji	a	505
asmr	g	505
cure_magical	c	505
dokamon	c	505
haiiro_teien	s	505
hitachi_mako	c	505
mareep	c	505
oosawa_aya	c	505
oryou_(fate)	c	505
paw_print_soles	g	505
print_male_underwear	g	505
queen's_blade_grimoire	s	505
quincy_(bleach)	g	505
radar	g	505
sceptile	c	505
space_ishtar_(fate)	c	505
warspite_(azur_lane)	c	505
@gar32	a	504
@jill_07km	a	504
@namiorii	a	504
@nasuno_(nasuno42)	a	504
@newo_(shinra-p)	a	504
@takatisakana	a	504
@tsukui_kachou	a	504
@ume_(plumblossom)	a	504
@yuuki_tatsuya	a	504
cartoonized	g	504
ceres_fauna_(1st_costume)	c	504
cross-laced_cutout	g	504
furious	g	504
hands_on_another's_neck	g	504
harpoon	g	504
hisuian_typhlosion	c	504
kamihama_university_affiliated_school_uniform	g	504
mimino_kurumi	c	504
miramikaru_riran	c	504
pickelhaube	g	504
prince_of_wales_(azur_lane)	c	504
sheriff_badge	g	504
shibari_under_clothes	g	504
tacet_discord_(wuthering_waves)	g	504
tamamura_gunzo	c	504
tsumami_kanzashi	g	504
tsunderia	s	504
wild_arms_1	s	504
young_zelda	c	504
@eiwa	a	503
@riarutoruchokku	a	503
@shamakho	a	503
ariel_(disney)	c	503
blue_tube_top	g	503
end_of_evangelion	s	503
flapping	g	503
giovanni_(pokemon)	c	503
kunou_kodachi	c	503
lizardman	g	503
marvel_vs._capcom_2	s	503
miyazaki_nodoka	c	503
on_toilet	g	503
patterned_hair	g	503
pawmi	c	503
shinda_sekai_sensen_uniform	g	503
string_of_light_bulbs	g	503
stuffing	g	503
taiwan_(hetalia)	c	503
ursula_callistis	c	503
waltrud_krupinski	c	503
@hyper_heiki	a	502
@kojima_takeshi	a	502
@lumo_1121	a	502
@lvlv	a	502
@piyodesu	a	502
@sh_(shinh)	a	502
@yukiwo	a	502
balalaika_(black_lagoon)	c	502
castration	g	502
crotch_focus	g	502
drain_(object)	g	502
fellatio_under_mask	g	502
flower_focus	g	502
ichigo_(cookie)	c	502
llenn_(sao)	c	502
nora_valkyrie	c	502
nymph_(sora_no_otoshimono)	c	502
panda_boy	g	502
pink_robe	g	502
princess_peach:_showtime!	s	502
qilin_(mythology)	g	502
tanto	g	502
ushiromiya_natsuhi	c	502
@amazuki_jou	a	501
@huyandere	a	501
@kanzaki_hiro	a	501
@langbazi	a	501
@mikagami_sou	a	501
@ray-k	a	501
@shiraha_maru	a	501
@tenchisouha	a	501
@tooo	a	501
@trefle_r	a	501
@yukimaru_(gojo)	a	501
@zanamaoria	a	501
7th_dragon_2020	s	501
blue_oath	s	501
camus_(dq11)	c	501
capitano_(genshin_impact)	c	501
cherino_(blue_archive)	c	501
diantha_(pokemon)	c	501
fairy_leviathan_(mega_man)	c	501
fukuji_mihoko	c	501
gouenji_shuuya	c	501
gundam_aerial	c	501
hyper_blossom	c	501
julia_(idolmaster)	c	501
lace_collar	g	501
luminous_witches	s	501
maki_oze	c	501
mutsuki_(dress)_(blue_archive)	c	501
neo_zeon	g	501
plaid_coat	g	501
portal_(series)	s	501
raikou	c	501
samurai_jacket_(cyberpunk)	g	501
shared_blanket	g	501
shirogane_miyuki	c	501
tadashi_hamada	c	501
translucent_skin	g	501
umbrella_(skullgirls)	c	501
wanted_poster	g	501
wave_print	g	501
@apios	a	500
@artsy-rc	a	500
@chigasaki_yukari	a	500
@chikusan_nurseman	a	500
@djheycha	a	500
@rea_loixacra	a	500
@sage_joh	a	500
@silver_(chenwen)	a	500
@tem10	a	500
antonio_lopez	c	500
bardock	c	500
bijin_onna_joushi_takizawa-san	s	500
blue_bandeau	g	500
casino_card_table	g	500
female_ejaculation_through_clothes	g	500
hololive_dance_practice_uniform	g	500
horn_(instrument)	g	500
ice_cream_cup	g	500
jax_(the_amazing_digital_circus)	c	500
onodera_kosaki	c	500
pink_stripes	g	500
resting	g	500
sepia_background	g	500
stan_marsh	c	500
tako-san_wiener	g	500
thigh_focus	g	500
utage_(summer_flowers)_(arknights)	c	500
voyager_(reverse:1999)	c	500
@abutomato	a	499
@ask_(askzy)	a	499
@chinomaron	a	499
@kakone	a	499
@tsukudani_norio	a	499
asada_shino	c	499
ayanami_rei_(cosplay)	g	499
black_unitard	g	499
breast_zipper	g	499
fuuma_kotarou_(fate)	c	499
handrail	g	499
istina_(arknights)	c	499
komori_met	c	499
lapis_lazuli_(houseki_no_kuni)	c	499
licking_another's_neck	g	499
lunchbox	g	499
nier_(granblue_fantasy)	c	499
oxfords	g	499
shadow_chaser_(ragnarok_online)	c	499
two-sided_gloves	g	499
waiting	g	499
@jun_(aousa0328)	a	498
@mitsu_(mitsu_art)	a	498
@shellvi	a	498
@suterii	a	498
@watanabe_yoshihiro	a	498
@yajuu	a	498
@yuu_(higashi_no_penguin)	a	498
anchorage_(azur_lane)	c	498
arin	c	498
black_bullet	s	498
cookie_run:_ovenbreak	s	498
duskull	c	498
figure_skating	g	498
game_development_department_(blue_archive)	g	498
glowing_petals	g	498
hungary_(hetalia)	c	498
initial	g	498
kasukabe_tsumugi	c	498
katsushika_hokusai_(swimsuit_saber)_(fate)	c	498
kearsarge_(azur_lane)	c	498
korrina_(pokemon)	c	498
kurosaki_mea	c	498
miyaura_sanshio	c	498
olympics	s	498
palette_swap	g	498
romancing_saga_2	s	498
skull_belt	g	498
soma_peries	c	498
sura_(ragnarok_online)	c	498
wakaba_(kancolle)	c	498
waving_arms	g	498
@min-naraken	a	497
@subachi	a	497
@team-tanabe	a	497
@uno_makoto	a	497
@yuuki_(yuyuki000)	a	497
ana_coppola	c	497
arakune	c	497
bell_pepper	g	497
blue_leggings	g	497
botan_(yu_yu_hakusho)	c	497
chel_(the_road_to_el_dorado)	c	497
connected_beard	g	497
crimson_viper	c	497
ebisu_eika	c	497
harmonie_(arknights)	c	497
inaba_meguru	c	497
komekko	c	497
kon_kanaho	c	497
konjiki_no_gash!!	s	497
lockon_stratos	c	497
metal_sonic	c	497
nero_claudius_(bride)_(second_ascension)_(fate)	c	497
nightwing	c	497
onoda_yura	c	497
parlor_dragonmaid	c	497
pinky_swear	g	497
seto_no_hanayome	s	497
shiranui_flare_(old_design)	c	497
skadi_(elite_ii)_(arknights)	c	497
snom	c	497
virgilia_(umineko)	c	497
warrior_of_light_(ff1)	c	497
@azumi_(myameco)	a	496
@fukurou_(owl222)	a	496
@gouguru	a	496
@morino_donguri	a	496
@ree_(re-19)	a	496
@softmode	a	496
alipheese_fateburn_xvi	c	496
andrew_graves	c	496
blocking	g	496
chen_(cat)	c	496
cherry_tree	g	496
crosshair	g	496
elan_ceres	c	496
fairy_miku_(project_voltage)	c	496
frenda_seivelun	c	496
gentoo_penguin_(kemono_friends)	c	496
hannya	g	496
hina_(pajamas)_(blue_archive)	c	496
kogami_akira	c	496
mandibles	g	496
orgasm_denial	g	496
senkou_hanabi	g	496
sett_(league_of_legends)	c	496
shizuku_murasaki	c	496
soukou_kihei_votoms	s	496
stage_curtains	g	496
@akitokage	a	495
@anato_finnstark	a	495
@chobipero	a	495
@rucchiifu	a	495
@sameda_koban	a	495
@tokkyu	a	495
@umyonge_(lkakeu)	a	495
@yachima_tana	a	495
alia_(mega_man)	c	495
bao_(vtuber)	c	495
chevalier_d'eon_(fate)	c	495
doronjo	c	495
ekubo_(mob_psycho_100)	c	495
fire_keeper	c	495
gradient-tinted_eyewear	g	495
hairy_testicles	g	495
horn_(arknights)	c	495
ines_(arknights)	c	495
ines_fujin_(umamusume)	c	495
komichi_aya	c	495
lace-trimmed_apron	g	495
mp3_player	g	495
ookami-san	s	495
sakuranomiya_maika	c	495
sasori_(naruto)	c	495
shidou_hikaru	c	495
sirfetch'd	c	495
sumaga	s	495
toon_zelda	c	495
udagawa_tomoe	c	495
yanqing_(honkai:_star_rail)	c	495
yui_tsuruno	c	495
@asakura_sakura	a	494
@haida_katsuretsu	a	494
@maccha_(mochancc)	a	494
@nav_(itsnav)	a	494
@rebis	a	494
@shakemi_(sake_mgmgmg)	a	494
atelier_resleriana	s	494
barn	g	494
crobat	c	494
cure_honey	c	494
flying_nimbus	c	494
holding_pendulum	g	494
horsea	c	494
kawaii_dake_ja_nai_shikimori-san	s	494
knight_(ragnarok_online)	c	494
persona_4_the_golden	s	494
soredemo_ayumu_wa_yosetekuru	s	494
standing_on_person	g	494
third_eye_on_chest	g	494
white_album_2	s	494
yotsuya_miko	c	494
@ali_sun_mark	a	493
@amashiro_natsuki	a	493
@funsexydragonball	a	493
@gia	a	493
@houraku	a	493
@inugami_kira	a	493
@marumoru	a	493
@n9at	a	493
@nabeshima_tetsuhiro	a	493
@sunna_(nilsunna)	a	493
@yosin	a	493
@yujup	a	493
bat_tattoo	g	493
butterfly_brooch	g	493
comic_cover	m	493
comiket_104	s	493
fujibayashi_sheena	c	493
gene_(pso2)	c	493
grasslands	g	493
haku_(utawarerumono)	c	493
kagura_(azumanga_daioh)	c	493
kenjou_akira	c	493
komakusa_sannyo	c	493
mashle	s	493
mightyena	c	493
mikazuki_augus	c	493
mutsuki_(new_year)_(blue_archive)	c	493
nonohara_akane	c	493
pravda_(emblem)	g	493
silver_earrings	g	493
sleep_bubble	g	493
taimanin_asagi_zero	s	493
torn_bra	g	493
weedy_(arknights)	c	493
wishiwashi	c	493
@chiharu_(9654784)	a	492
@cozy	a	492
@fuchi_(nightmare)	a	492
@gin00	a	492
@ramanda	a	492
@tea_(nakenashi)	a	492
anakin_skywalker	c	492
autocannon	g	492
canyon	g	492
euphonium	g	492
female_builder_(dqb2)	c	492
food-themed_background	g	492
head_on_table	g	492
minami_mirei	c	492
my_life_as_a_teenage_robot	s	492
red_shrug	g	492
roomscape	g	492
stepping	g	492
tailless_(zenless_zone_zero)	c	492
takino_tomo	c	492
underwater_sex	g	492
waist_hug	g	492
wild_tiger	c	492
zentradi	c	492
@gogalking	a	491
@katsu_aki	a	491
@ro_g_(oowack)	a	491
@sody	a	491
@tomato_rice	a	491
@wanaca	a	491
bishoujo_senshi_sailor_moon_r	s	491
crystal_sword	g	491
empty_pool	g	491
golden_sun	s	491
hidan_no_aria	s	491
jack-o'-lantern_hair_ornament	g	491
kuro_no_kiseki_ii	s	491
lapis_(fire_emblem)	c	491
laurels	g	491
liver_city	s	491
loki_(marvel)	c	491
mario_kart_tour	s	491
mugendramon	c	491
ning_hai_(azur_lane)	c	491
no	g	491
orange_bag	g	491
panda_hair_ornament	g	491
tokyo_tower	g	491
vomiting	g	491
winged_heart_tattoo	g	491
@capura_lin	a	490
@damda	a	490
@dyson_(edaokunnsaikouya)	a	490
@edobox	a	490
@kilesha	a	490
@nakano_maru	a	490
@tomatto_(@ma!)	a	490
@weno	a	490
astel_leda	c	490
conductor	g	490
corrupted_metadata	m	490
drawing_(action)	g	490
future_card_buddyfight	s	490
himura_kenshin	c	490
holding_grenade	g	490
katy_(pokemon)	c	490
kneepit_sex	g	490
kohaku_(dr._stone)	c	490
kujou_hikari	c	490
longcat_(meme)	g	490
neta	g	490
nijou_aki	c	490
no_symbol	g	490
ooji_mochizou	c	490
sherlock_shellingford	c	490
single_barefoot	g	490
sounding	g	490
yabuki_kana	c	490
@arthur_ko	a	489
@core_(mayomayo)	a	489
@helloimtea	a	489
@jcdr	a	489
@kaos_art	a	489
@mao_lian_(nekokao)	a	489
@muu_(mumumer)	a	489
@rei_(tonbo0430)	a	489
@sen_(sansui)	a	489
asobi_ni_iku_yo!	s	489
atelier_live	s	489
cross-laced_shoes	g	489
dildo_under_panties	g	489
formidable_(the_lady_of_the_beach)_(azur_lane)	c	489
gaara_(naruto)	c	489
golden_snub-nosed_monkey_(kemono_friends)	c	489
great_ball	g	489
hachune_miku	c	489
hector_(fire_emblem)	c	489
hummy_(suite_precure)	c	489
kozume_kenma	c	489
looking_at_self	g	489
lunatic_gun	g	489
mario_kart_world	s	489
mikleo_(tales)	c	489
millhiore_f._biscotti	c	489
shion_(tensei_shitara_slime_datta_ken)	c	489
shirogane_noel_(summer_2020)	c	489
sugar_(one_piece)	c	489
taomon	c	489
vignette_tsukinose_april	c	489
year_of_the_dog	g	489
@jigatei_(omijin)	a	488
@neon-tetora	a	488
@niiya	a	488
@rohitsuka	a	488
@samurai_(movemusic)	a	488
adachi_sakura	c	488
air_jordan	s	488
cathedral	g	488
celebration	g	488
dragonaut	s	488
electric_plug_tail	g	488
homestuck	s	488
indonesian_commentary	g	488
k/da_ahri	c	488
kamen_rider_den-o_(series)	s	488
mashiroiro_symphony	s	488
pull_out	g	488
salmonid	g	488
sistermon_blanc	c	488
whipping	g	488
wily_beast_and_weakest_creature	s	488
@andou_shuki	a	487
@hatomugisan	a	487
@kkato	a	487
@muroku_(aimichiyo0526)	a	487
@nashidrop	a	487
@nonoririn	a	487
@teshima_nari	a	487
@zd_(pixiv6210083)	a	487
alice_liddell_(american_mcgee's_alice)	c	487
bad_leg	g	487
censored_identity	g	487
crack_of_light	g	487
cum_from_ass	g	487
escalator	g	487
grani_(arknights)	c	487
hand_in_pants	g	487
hatano_ririko	c	487
hector_(fate)	c	487
holding_rabbit	g	487
ikusaba_daisuke	c	487
kazuma_asogi	c	487
matsukaze_(kancolle)	c	487
mimori_(blue_archive)	c	487
mitsurugi_meiya	c	487
pie_slice	g	487
sakamoto_days	s	487
sherry_birkin	c	487
silver_skin	g	487
spiked_gauntlets	g	487
triceratops	g	487
wang_yujia	c	487
yan_qing_(fate)	c	487
@koume_keito	a	486
@neko_neko_koneko	a	486
@redjuice	a	486
@ryota_(ry_o_ta)	a	486
aegir_(housamo)	c	486
alsace_(azur_lane)	c	486
arm_pillow	g	486
chuatury_panlunch	c	486
cow_print_sleeves	g	486
ellee-chan	c	486
flat_screen_tv	g	486
greek_cross	g	486
kitsu_chiri	c	486
knee_guards	g	486
kurokami_medaka	c	486
matara_kan	c	486
multiple_thigh_straps	g	486
naga_(nikke)	c	486
nozomi_(princess_connect!)	c	486
oxygen_tank	g	486
pupiless_eyes	g	486
purple_pikmin	c	486
reina_(tekken)	c	486
ribbon-trimmed_panties	g	486
snow_white_(disney)	c	486
stuffed_octopus	g	486
tonari_no_kyuuketsuki-san	s	486
ultraman_(1st_series)	s	486
@christian_young	a	485
@deku_suke	a	485
@fengling_(furin-jp)	a	485
@hijiri_(resetter)	a	485
@homare_(suzu_no_oka)	a	485
@inuyama_nanami	a	485
@marimo_danshaku	a	485
@no+bi=	a	485
@nullma	a	485
@spellcaster_knight	a	485
@squeez_(artist)	a	485
@yutuki_ame	a	485
@zakusi	a	485
akemi_homura_(black_dress)	c	485
ar_tonelico_iii	s	485
asama_tomo	c	485
aurore	c	485
bleeding_from_forehead	g	485
cleavage_reach	g	485
eel_hat	g	485
gear_hair_ornament	g	485
houshou_marine_(businesswoman)	c	485
imperialdramon	c	485
loose_neck_ribbon	g	485
mario_(cosplay)	g	485
mighty_no._9	s	485
minami_rena	c	485
muchigaku	s	485
oran_berry	g	485
recluse_(elden_ring)	c	485
royal_robe	g	485
sakuma_jirou	c	485
sariel_(touhou)	c	485
schwarzesmarken	s	485
stuffed_fish	g	485
target	g	485
whisperain_(arknights)	c	485
@aelion_draws	a	484
@curss	a	484
@e_volution	a	484
@nobita_(makoto7060355)	a	484
@retsumaru	a	484
@tsubasa_tsubasa	a	484
@tyako_089	a	484
\\n/	g	484
cupping_glass	g	484
dorei_to_no_seikatsu_~teaching_feeling~	s	484
gag_harness	g	484
grimoire_no_shisho	s	484
hanasaki_miyabi	c	484
holding_clothes_hanger	g	484
kyle_broflovski	c	484
mii_(nintendo)	c	484
munna	c	484
quilava	c	484
see-through_bikini	g	484
shin_godzilla	s	484
shochuumimai	g	484
suicide_squad	s	484
tamagotchi	s	484
wooden_door	g	484
@beudelb	a	483
@denhijou_niki	a	483
@j@ck	a	483
@kibisake	a	483
@lk149	a	483
@machino_henmaru	a	483
@mashiro_aa	a	483
@neneneji	a	483
@ponzu_rui	a	483
@reeh_(yukuri130)	a	483
@rekaerb_maerd	a	483
@simao_(x_x36131422)	a	483
@takashia_(akimototakashia)	a	483
@torino_aqua	a	483
@wedge_(tyrl_stride)	a	483
aqua_wings	g	483
blame!	s	483
bound_breasts	g	483
demi-chan_wa_kataritai	s	483
factory	g	483
grandfather_and_grandson	g	483
hiramitsu_hinata	c	483
ink_bottle	g	483
mad_hatter_(alice_in_wonderland)	c	483
magisa_(granblue_fantasy)	c	483
makai_senki_disgaea_5	s	483
malkuth_(project_moon)	c	483
orange_capelet	g	483
ox_horns	g	483
pleinair	c	483
rat_god	c	483
salamence	c	483
shitodo_kuroji	c	483
soulcalibur_v	s	483
@accio	a	482
@hoshino_ouka	a	482
@hz_(666v)	a	482
@keigi	a	482
@koizumi_amane	a	482
@makihitsuji	a	482
@nyoro_(nyoronyoro000)	a	482
@pomelomelon	a	482
@tokyo_(great_akuta)	a	482
@urabi_(tomatohouse)	a	482
@wada_kazu	a	482
@yeong_r6	a	482
atelier_meruru	s	482
bandages_over_eyes	g	482
brawl_stars	s	482
critter_pick_(honkai:_star_rail)	c	482
crustacean	g	482
essex_(azur_lane)	c	482
europa_(granblue_fantasy)	c	482
hazawa_tsugumi	c	482
idia_shroud	c	482
inward_v	g	482
itsuki_shu	c	482
kujaku_mai	c	482
lady_nagant	c	482
mejiro_ryan_(umamusume)	c	482
mutsuki_(azur_lane)	c	482
niijima_sae	c	482
oda_nobuna_no_yabou	s	482
profile_picture	g	482
qixiong_ruqun	g	482
queen_(playing_card)	g	482
rabbit_vibrator	g	482
raiden_(metal_gear)	c	482
remodel_(azur_lane)	g	482
rockhopper_penguin_(kemono_friends)	c	482
thumb_sucking	g	482
vf-1	c	482
wild_arms_3	s	482
yotsuyu_goe_brutus	c	482
@chima_q	a	481
@jilu	a	481
@midnight_(banyex)	a	481
@morii_shizuki	a	481
@mukakin	a	481
@nez-box	a	481
@splashbrush	a	481
@thecon	a	481
alisa_reinford	c	481
dalachi_(headdress)	g	481
frankenstein's_monster_(cosplay)	g	481
frilled_garter	g	481
gumroad_username	g	481
hinata_(swimsuit)_(blue_archive)	c	481
hiraga_saito	c	481
holding_chess_piece	g	481
integrally-suppressed_firearm	g	481
lu_guang	c	481
manon_legrand	c	481
maylene_(pokemon)	c	481
mewo	c	481
myne_(honzuki_no_gekokujou)	c	481
onigirya_(nekomata_okayu)	c	481
ookami_mio_(street)	c	481
peeling	g	481
riju	c	481
sayo_(digimon)	c	481
shin'you_(kancolle)	c	481
shinazugawa_sanemi	c	481
shopping_basket	g	481
single_sleeve_past_fingers	g	481
ten_desires	s	481
the_big_o	s	481
totoro	c	481
@aoi_(annbi)	a	480
@aria_(koiiroharemoyou)	a	480
@cross_(crossryou)	a	480
@hagure_kedama	a	480
@mac_star	a	480
@menyoujan	a	480
@navy_(navy.blue)	a	480
@noshimurin	a	480
@skj	a	480
@todding	a	480
@yano_toshinori	a	480
amagi-chan_(azur_lane)	c	480
belly_piercing	g	480
bursting_pectorals	g	480
clover_theater	s	480
constance_von_nuvelle	c	480
devil_survivor_2	s	480
emaciated	g	480
engine	g	480
hanazono_tae	c	480
hidan_(naruto)	c	480
jester_costume	g	480
lamb	g	480
magilou_(tales)	c	480
manjoume_jun	c	480
mirai_akari	c	480
mizuho_(kancolle)	c	480
musuko_ga_kawaikute_shikatanai_mazoku_no_hahaoya	s	480
nest	g	480
pink_tattoo	g	480
pleated_shirt	g	480
raidian_(arknights)	c	480
sakurazaki_setsuna	c	480
salt_shaker	g	480
siren_(azur_lane)	c	480
towa_herschel	c	480
utaha_(blue_archive)	c	480
wind_breaker	s	480
@gujira	a	479
@homura_yuni	a	479
@ina_(gokihoihoi)	a	479
@kabuyama_kaigi	a	479
@kamizono_(spookyhouse)	a	479
@magion02	a	479
@mizuga	a	479
@ponytail_korosuke	a	479
@ry_(yagoyago)	a	479
@selcky	a	479
@soraneko_hino	a	479
@the_amazing_gambit	a	479
@yamanokami_eaka	a	479
adjusting_goggles	g	479
blazblue_variable_heart	s	479
bouncing	g	479
budew	c	479
ch'en_the_holungday_(arknights)	c	479
corn_dog	g	479
falling_star	g	479
five_nights_at_freddy's:_security_breach	s	479
food_on_clothes	g	479
ga-rei	s	479
heart_lock_(kantai_collection)	g	479
kamen_rider_build_(series)	s	479
kila_kushan	c	479
mahou_shoujo_ikusei_keikaku_unmarked	s	479
minidress	g	479
nick_wilde	c	479
power-up	g	479
rapunzel_(disney)	c	479
takano_miyo	c	479
togata_mirio	c	479
tumblr	s	479
uno_(game)	s	479
utensil	g	479
watarase_jun	c	479
will_(company)	s	479
@7saki	a	478
@aduti_momoyama	a	478
@hashira_14	a	478
@hi_you_(flying_bear)	a	478
@ikeda_jun_(mizutamari)	a	478
@iwasi_29	a	478
@tobi_(one)	a	478
after_war_gundam_x	s	478
arima_senne	c	478
boobs_in_book_(meme)	g	478
convertible	g	478
croissant_(arknights)	c	478
dendra_(pokemon)	c	478
dragonslayer_(sword)	g	478
foot_dangle	g	478
frankie_foster	c	478
glimmer_(xenoblade)	c	478
heart_hair_bun	g	478
holding_chalk	g	478
holding_watermelon	g	478
imminent_bite	g	478
kageyama_ritsu	c	478
liquid_clothes	g	478
magnamon	c	478
parking_lot	g	478
phoebe_(pokemon)	c	478
race_bib	g	478
satellite	g	478
shiota_nagisa	c	478
simoun	s	478
underwear_around_leg	g	478
urban_legend_in_limbo	s	478
vanilla_h	c	478
@aak	a	477
@alakoala	a	477
@hitec	a	477
@kamitsurugi_ouka	a	477
@neeba	a	477
@ryuuzaki_ichi	a	477
@shichigatsu	a	477
@wewe	a	477
4bpp	g	477
aqua_socks	g	477
argalia_(project_moon)	c	477
ayasaki_hayate	c	477
bare_stomach	g	477
bible_(object)	g	477
breast_mousepad	g	477
cum_on_armpits	g	477
cyclet	s	477
hand_on_own_wrist	g	477
iris_(konosuba)	c	477
luke_sullivan	c	477
okumura_yukio	c	477
ouji_fashion	g	477
rappa_(honkai:_star_rail)	c	477
red-tinted_glasses	g	477
symmetrical_pose	g	477
tuna	g	477
whistling	g	477
yellow_male_swimwear	g	477
@ashigaki_radar	a	476
@chocolat_(momoiro_piano)	a	476
@dedenden_(pixiv30568724)	a	476
@dolustoy	a	476
@kei_(soundcross)	a	476
@kiira	a	476
@l_hakase	a	476
@luicent	a	476
@muramasa_mikado	a	476
@nat_the_lich	a	476
@ryogo	a	476
anemone_(eureka_seven)	c	476
barcode_scanner	g	476
bishoujo_senshi_sailor_moon_s	s	476
breast_on_chest	g	476
coral_reef	g	476
cure_butterfly	c	476
dressing_another	g	476
eiken	s	476
fugue_(honkai:_star_rail)	c	476
ghostly_field_club	s	476
heart-shaped_bag	g	476
hemokinesis	g	476
kei_(m_k)	c	476
lee_(arknights)	c	476
lord_of_vermilion	s	476
mugino_shizuri	c	476
open_bag	g	476
paripi_koumei	s	476
ponytail_with_braided_base	g	476
rune_knight_(ragnarok_online)	c	476
sawaizumi_chiyu	c	476
sitting_on_head	g	476
smelling_flower	g	476
spreading_another's_pussy	g	476
theresa_apocalypse_(lunar_vow:_crimson_love)	c	476
youngster_(pokemon)	c	476
@boushi-ya	a	475
@cheer_(cheerpuppy14)	a	475
@cyclone_(reizei)	a	475
@kazo_(kazozakazo)	a	475
@kokihanada	a	475
@madoc	a	475
@sirosoil	a	475
@snegovski	a	475
@zuburoku	a	475
4koma	g	475
brant_(wuthering_waves)	c	475
christie_(doa)	c	475
cream_lemon	s	475
daifuku_(yukihana_lamy)	c	475
draenei	c	475
droopy_ears	g	475
falcon	g	475
full_mouth	g	475
gae_buidhe_(fate)	g	475
hatching	g	475
hourou_musuko	s	475
lighting_cigarette	g	475
miniskirt_pirates	s	475
nanakusa_hazuki	c	475
oono_aya	c	475
phantasy_star_online	s	475
princess_waltz	s	475
print_underwear	g	475
pyro_(tf2)	c	475
rindo_chihaya	c	475
ruru_amour	c	475
school_swimsuit_flap	g	475
sophist's_robe_(ff14)	g	475
spotted_fur	g	475
toddler	g	475
viewer_on_leash	g	475
vill-v	c	475
@big_shine	a	474
@egami	a	474
@habsida_(habsida_hpy)	a	474
@kirigakure_(kirigakure_tantei_jimusho)	a	474
@lzh	a	474
@niko_(tama)	a	474
@piripun	a	474
>:t	g	474
blood_on_mouth	g	474
courtney_(pokemon_oras)	c	474
cum_in_throat	g	474
dunkerque_(azur_lane)	c	474
edea_lee	c	474
florina_(fire_emblem)	c	474
gareth_(fate)	c	474
grabbing_another's_thighs	g	474
hydro_symbol_(genshin_impact)	g	474
lancelot_(fate/grand_order)	c	474
luna_platz_(mega_man)	c	474
mikura_(kancolle)	c	474
parachute	g	474
petra_leyte	c	474
poliwag	c	474
priscilla_barielle	c	474
rubber	g	474
snapchat	s	474
tachibana_taki	c	474
togruta	c	474
ukagaka	s	474
wall-eyed	g	474
zenobia_(fate)	c	474
@2equal8	a	473
@chikado	a	473
@emyo	a	473
@snm_(sunimi)	a	473
@tokunou_shoutarou	a	473
@tsurugi_hagane	a	473
alraune	c	473
black_blood	g	473
cassette_tape	g	473
caterpie	c	473
cerydra_(honkai:_star_rail)	c	473
china	g	473
cu-no	s	473
demi-fiend	c	473
doomguy	c	473
evil_twin_lil-la	c	473
ferret_ears	g	473
finn_the_human	c	473
flesh	g	473
floating_crown	g	473
ga-rei_zero	s	473
holding_sponge	g	473
ikazuchi_no_senshi_raidy	s	473
karin_(naruto)	c	473
kumamiko	s	473
natu	c	473
neon_palette	g	473
penny_polendina	c	473
ribbed_cardigan	g	473
sharp_tail	g	473
shigatsu_wa_kimi_no_uso	s	473
sideroca_(arknights)	c	473
ultraman	c	473
vine_print	g	473
zhu_xian	s	473
@4shi	a	472
@amonitto	a	472
@hane_yuki	a	472
@john_doe_shinobu	a	472
@kaho_0102	a	472
@meecosme	a	472
@nekomata_naomi	a	472
@shamo_(koumakantv)	a	472
@tomozero	a	472
arisaka	g	472
arm_across_chest	g	472
bead_anklet	g	472
densetsu_kyojin_ideon	s	472
genetic_(ragnarok_online)	c	472
highlander_twintails_conductor_(blue_archive)	c	472
hikawa_iona	c	472
koala_(one_piece)	c	472
koromaru_(persona)	c	472
lemonade	g	472
lifebuoy_hair_ornament	g	472
mini_durin_(genshin_impact)	c	472
multicolored_flower	g	472
nanjo_hikaru	c	472
nathan_seymour	c	472
oleana_(pokemon)	c	472
ventus_(kingdom_hearts)	c	472
water_balloon	g	472
@dakemakura-koubou	a	471
@guchico	a	471
@guriguri_(arayotto4351)	a	471
@herohero_(higashi_no_dou)	a	471
@nonco	a	471
@oshiki_hitoshi	a	471
@shin'ya_(nanp)	a	471
@tinker_bell_(pixiv_10956015)	a	471
alca_(wakatanka4)	c	471
azur_lane:_slow_ahead	s	471
blizzard_(company)	s	471
bones_(company)	s	471
charlotte_corday_(fate)	c	471
child_gilgamesh_(fate)	c	471
ikari_gendou	c	471
kamen_rider_555	s	471
kamen_rider_ryuki_(series)	s	471
lace_legwear	g	471
magnet_(vocaloid)	s	471
maria_holic	s	471
monobeno	s	471
one_finger_selfie_challenge_(meme)	g	471
shinomiya_himawari	c	471
strip_game	g	471
takemaru_(housamo)	c	471
tied_ears	g	471
tulip_hat	g	471
welt_yang	c	471
witch's_labyrinth	g	471
@ame_(amechan17391739)	a	470
@amedama_akihito	a	470
@doitsuken	a	470
@kagami_uekusa	a	470
@mappaninatta	a	470
@mathias_leth	a	470
@maullarmaullar	a	470
@nopetroto	a	470
@raine_(acke2445)	a	470
@throtem	a	470
@tsuki_tokage	a	470
@un_equals_shokutarou	a	470
astronauts	s	470
barista	g	470
chain_around_arm	g	470
cum_explosion	g	470
dobrynya_nikitich_(fate)	c	470
exposed_bone	g	470
fur-trimmed_vest	g	470
gelatin	g	470
midway_princess	c	470
new_jersey_(exhilarating_steps!)_(azur_lane)	c	470
newhalf_with_female	g	470
purple_sarong	g	470
religious_offering	g	470
rororina_fryxell	c	470
rose_(street_fighter)	c	470
s.e.e.s	g	470
sacabambaspis	g	470
top_wo_nerae_2!	s	470
velouria_(fire_emblem)	c	470
wanderer_(ragnarok_online)	c	470
white_petticoat	g	470
@andou_you	a	469
@daydarion	a	469
@dragon@harry	a	469
@gengorou	a	469
@kuronuko_neero	a	469
@shiro_kuma_shake	a	469
@shirogane_(platinum)	a	469
@tamayan	a	469
@totatokeke	a	469
akari_(blue_archive)	c	469
back-print_panties	g	469
black_jack_(series)	s	469
ender_lilies_quietus_of_the_knights	s	469
floral_print_shirt	g	469
goshujinsama_daisuki	s	469
heart-shaped_pubic_hair	g	469
i"s	s	469
jenny_wakeman	c	469
kanade_izuru	c	469
miles_morales	c	469
miru_tights	s	469
mythra_(radiant_beach)_(xenoblade)	c	469
pokemon_on_lap	g	469
princess_athena	c	469
professor_layton	s	469
seta_kaoru	c	469
single_eye	g	469
tategami_aoi	c	469
tenkuu_no_shiro_laputa	s	469
wicked_dragon_witch_ver._shinjuku_1999	g	469
@c_(theta)	a	468
@diisuke	a	468
@gemba_(dlfms75)	a	468
@gokuu_(acoloredpencil)	a	468
@kaedeko_(kaedelic)	a	468
@lala_(sputnik)	a	468
@lulu-chan92	a	468
@luminyu	a	468
@masuishi_kinoto	a	468
@rensyu	a	468
@suyohara	a	468
@yu_yu	a	468
@yutazou	a	468
@yuumei	a	468
akebi_komichi	c	468
alcremie_(strawberry_sweet)	c	468
ass_smack	g	468
bleach:_brave_souls	s	468
camera_flash	g	468
camouflage_skirt	g	468
car_seat	g	468
catching	g	468
code_vein	s	468
craft_lawrence	c	468
date_masamune_(sengoku_basara)	c	468
devilman_crybaby	s	468
female_doctor_(arknights)	c	468
final_gear	s	468
googly_eyes	g	468
half-erect	g	468
hijikata_toshizou_(fate)	c	468
iced_latte_with_breast_milk_(meme)	g	468
koishi_komeiji's_heart-throbbing_adventure	s	468
lasso	g	468
melone	c	468
relm_arrowny	c	468
takao_(aoki_hagane_no_arpeggio)	c	468
titanfall_(series)	s	468
umbrella_over_shoulder	g	468
@amog	a	467
@disco_brando	a	467
@hatori_mia	a	467
@kinocopro	a	467
@kippu	a	467
@mogiki_hayami	a	467
@shougun_(chuckni1)	a	467
@tachitsu_teto	a	467
air_mattress	g	467
alolan_exeggutor	c	467
amamiya_hibiya	c	467
aoba_kokona	c	467
black_liquid	g	467
blair_(soul_eater)	c	467
candy_(smile_precure!)	c	467
curly_brace	c	467
dyed_ahoge	g	467
flood	g	467
furyou_michi_~gang_road~	s	467
green_butterfly	g	467
green_umbrella	g	467
hanamichi_ran	c	467
idolmaster_shiny_colors_song_for_prism	s	467
jinki	s	467
leia_rolando	c	467
nero_claudius_(swimsuit_caster)_(third_ascension)_(fate)	c	467
nilou_(breeze_of_sabaa)_(genshin_impact)	c	467
nyotaimori	g	467
one-piece_thong	g	467
pan_pacific_defense_corps	g	467
qvga	g	467
rebecca_chambers	c	467
seitokai_yakuindomo	s	467
single_sandal	g	467
sumo	g	467
super_mario_rpg	s	467
@arim0k0	a	466
@azuma_yuki	a	466
@kobaji	a	466
@ks_(xephyrks)	a	466
@masha	a	466
@popporunga	a	466
@remsrar	a	466
@satou_atsuki	a	466
@sune_(mugendai)	a	466
amazon_(company)	s	466
baby_carry	g	466
baby_princess	s	466
charlotte_smoothie	c	466
elie_macdowell	c	466
elsword_(character)	c	466
fiona_frost	c	466
gotoh_hitori_(octopus)	c	466
grape_hat_ornament	g	466
holding_party_popper	g	466
in_bowl	g	466
kimura_natsuki	c	466
kuroba_kaito	c	466
mahira_(granblue_fantasy)	c	466
pixiv_fantasia_3	s	466
plasma	g	466
raspberyl	c	466
ribbon-trimmed_gloves	g	466
rotom_dex	c	466
sakuma_ritsu	c	466
sansei_muramasa	c	466
sentou_mecha_xabungle	s	466
shout_lines	g	466
sol-fa-soft	s	466
straw	g	466
swordsman_(ragnarok_online)	c	466
syuen_(nikke)	c	466
takigawa_miu	c	466
wigglytuff	c	466
@genek	a	465
@kakao_(chocolate_land)	a	465
@kishiyo	a	465
@neco	a	465
@noyama_takenoko	a	465
@some1else45	a	465
@suien	a	465
@tanishi_(tani4)	a	465
@woofycakes	a	465
atelier_ryza_3	s	465
christmas_sweater	g	465
eotech	g	465
fu_hua_(phoenix)	c	465
furoshiki	g	465
hyoudou_issei	c	465
iguro_obanai	c	465
inumaki_toge	c	465
kokoro_(hakui_koyori)	c	465
nagumo_haruya	c	465
plaid_trim	g	465
polka_dot_hairband	g	465
rabbit_ornament	g	465
rune_factory_4	s	465
spot_(arknights)	c	465
team_skull_grunt	c	465
the_witcher_3	s	465
troll_face	g	465
zanshomimai	g	465
@abo_(hechouchou)	a	464
@eltonel	a	464
@iahfy	a	464
@osisio	a	464
@shunichi	a	464
@waligner	a	464
armadimon	c	464
bikini_in_mouth	g	464
fish_in_mouth	g	464
footwear_flower	g	464
fossilized_wonders	s	464
fujiwara_hajime	c	464
gunbuster_pose	g	464
koban_(gold)	g	464
meguriya_ayumu	c	464
moon_print	g	464
motherly	g	464
multicolored_sky	g	464
orange_hair_ornament	g	464
robin_hood_(fate)	c	464
shuten_douji_(halloween_caster)_(fate)	c	464
socks_over_pantyhose	g	464
tea_party_(blue_archive)	g	464
.flow	s	463
@abazu-red	a	463
@asiri_senpai	a	463
@calin	a	463
@comah	a	463
@haruki_(colorful_macaron)	a	463
@karuro-kun	a	463
@kirero	a	463
@kuroi_susumu	a	463
@naidong_(artist)	a	463
@namamo_nanase	a	463
@rasusurasu	a	463
@saku_(kudrove)	a	463
@shiwasu_horio	a	463
belly-to-belly	g	463
flower_symbol	g	463
genryuusai_maki	c	463
hand_on_own_hat	g	463
loba_(apex_legends)	c	463
mahoujin_guruguru	s	463
meganium	c	463
moth_antennae	g	463
multicolored_boots	g	463
o-ring_collar	g	463
oc_x_canon	g	463
tanigawa_kanna	c	463
temari_ball	g	463
vibrator_in_anus	g	463
yoru_no_yatterman	s	463
@asahina_hikage	a	462
@ashikoshi_jakushi	a	462
@biyon	a	462
@dagasi	a	462
@hazuki_(nyorosuke)	a	462
@himiya_jouzu	a	462
@itou_life	a	462
@kamioka_shun'ya	a	462
@koh_(minagi_kou)	a	462
@maccha	a	462
@moekibara_fumitake	a	462
@namonashi	a	462
@nenobi_(nenorium)	a	462
@rantana_(lalalalackluster)	a	462
@sakuragi_ren	a	462
@shizuma_yoshinori	a	462
@ytrall	a	462
akai_haato_(gothic_lolita)	c	462
cheese-kun	c	462
cocktail_umbrella	g	462
dipper_pines	c	462
garnish	g	462
hirato_(kancolle)	c	462
kagura_mea	c	462
kudelia_aina_bernstein	c	462
medusa_(shingeki_no_bahamut)	c	462
ranger_(kancolle)	c	462
red_blood_cell_(hataraku_saibou)	c	462
unown	c	462
unworn_belt	g	462
ushiromiya_lion	c	462
usugumo_(kancolle)	c	462
white_pikmin	c	462
@aomushi_(mushamusha)	a	461
@baretto_(karasi07)	a	461
@buriki	a	461
@kannatsuki_noboru	a	461
@kantaka	a	461
@kibihimi	a	461
@kouda_tomohiro	a	461
@mameojitan	a	461
@mirei	a	461
@nakamura_yukitoshi	a	461
@nanahime	a	461
@nanao_(mahaya)	a	461
@sekai_saisoku_no_panda	a	461
@suzuho_hotaru	a	461
african_wild_dog_(kemono_friends)	c	461
amayadori_machi	c	461
halter_leotard	g	461
hataraku_saibou_black	s	461
jet_black	c	461
kukuri_(mawaru)	c	461
low_horns	g	461
multiple_cats	g	461
mutsu-no-kami_yoshiyuki	c	461
nexton	s	461
pill_bottle	g	461
princess_(princess_principal)	c	461
problem_solver_68_(blue_archive)	g	461
rainbow_eyes	g	461
samurott	c	461
schezo_wegey	c	461
sphinx	g	461
suplex	g	461
sylvie_(dorei_to_no_seikatsu)	c	461
teddiursa	c	461
unworn_kimono	g	461
vintage_microphone	g	461
@aida_takanobu	a	460
@himitsu_(hi_mi_tsu_2)	a	460
@kurowa	a	460
@muimui	a	460
@pizza_(pizzania_company)	a	460
@satsumapotato	a	460
@suisogenshi	a	460
2001	g	460
album_name	g	460
azuma_(azur_lane)	c	460
celty_sturluson	c	460
changing_clothes	g	460
crying_with_eyes_closed	g	460
ear_cleaning	g	460
final_fantasy_i	s	460
hip_attack	g	460
hugo_vlad	c	460
jelly_bean	g	460
krul_tepes	c	460
little_busters!_school_uniform	g	460
mechanical_fixation	g	460
naked_dogeza	g	460
nori_(seaweed)	g	460
oichi	c	460
polaroid_photo	g	460
pompompurin	c	460
satyr	g	460
shinn_asuka	c	460
shiny_anus	g	460
typing	g	460
yui_shousetsu_(fate)	c	460
zuikaku_kai_ni_(kancolle)	c	460
@aposine	a	459
@dismaiden	a	459
@kakizaki_(chou_neji)	a	459
@mori_toshiaki	a	459
@oldsickkim	a	459
@takehana_note	a	459
@unya	a	459
alisha_diphda	c	459
arcana_heart_3	s	459
biplane	g	459
burn_the_witch	s	459
cowering	g	459
demon's_souls	s	459
dororo_(character)	c	459
dorothy_west	c	459
fudo_yusei	c	459
hakui_koyori_(summer)	c	459
hitoribocchi_no_marumaru_seikatsu	s	459
icon_(computing)	g	459
integral_suppressor	g	459
isagi_yoichi	c	459
krita_(medium)	m	459
looking_at_flowers	g	459
moriya's_iron_rings	g	459
mortar_(bowl)	g	459
pink_headphones	g	459
podium	g	459
poison_ivy	c	459
pump-action_shotgun	g	459
red_overalls	g	459
sobbing	g	459
star_ocean_first_departure	s	459
summon_night_2	s	459
tayuya_(naruto)	c	459
watermelon_print	g	459
@beeeeen	a	458
@daimaou_ruaeru	a	458
@hozumi_kaoru	a	458
@mamiyama	a	458
@mil_(xration)	a	458
@muromaki	a	458
@papajay_(jennygin2)	a	458
@raiou	a	458
@rex_k	a	458
@robo_mikan	a	458
@saeki_tatsuya	a	458
@unsfrau	a	458
@yasuda_suzuhito	a	458
ak-12	g	458
asymmetrical_dress	g	458
asymmetrical_dual_wielding	g	458
azula	c	458
bear_paws	g	458
belfast_(shopping_with_the_head_maid)_(azur_lane)	c	458
danganronpa	s	458
dragon_quest_ix	s	458
emilico_(shadows_house)	c	458
ezreal	c	458
gypsy_(ragnarok_online)	c	458
hand_blush	g	458
heater	g	458
hysilens_(honkai:_star_rail)	c	458
jeanne_d'arc_(girl_from_orleans)_(fate)	c	458
katalina_(granblue_fantasy)	c	458
male_lactation	g	458
masou_gakuen_hxh	s	458
mogador_(azur_lane)	c	458
murkrow	c	458
musimon	c	458
prince_of_lorasia	c	458
roegadyn	g	458
shaft_look	g	458
two-tone_capelet	g	458
white_sweater_vest	g	458
xenoblade_chronicles_2:_torna_-_the_golden_country	s	458
@47agdragon	a	457
@bikkusama	a	457
@chimunge	a	457
@classic_(zildjian33)	a	457
@ehrrr	a	457
@flasher_(flasher_ura)	a	457
@greenopi	a	457
@ji_no	a	457
@mana_(remana)	a	457
@mizuhara_yuu	a	457
@n:go	a	457
@naoto_(tulip)	a	457
@s-a-murai	a	457
@shikei	a	457
@shu-mai	a	457
@thomasz	a	457
butterfly_on_head	g	457
crater	g	457
cygnet_(azur_lane)	c	457
delivery	g	457
fox_hat	g	457
iron_blood_(emblem)	g	457
military_combat_uniform	g	457
minervamon	c	457
mineva_lao_zabi	c	457
mirai_akari_project	s	457
obi-wan_kenobi	c	457
ofuda_on_nipples	g	457
paint_tube	g	457
princess_ruto	c	457
red_car	g	457
sagging_testicles	g	457
shizuhara_hiruko	c	457
tiger_cub	g	457
timerra_(fire_emblem)	c	457
yuri_briar	c	457
@5danny1206	a	456
@clear_glass_(mildmild1311)	a	456
@faustsketcher	a	456
@hato_haru	a	456
@ichiyou_moka	a	456
@isegawa_yasutaka	a	456
@jonylaser	a	456
@kotatu_(akaki01aoki00)	a	456
@miyako_(naotsugu)	a	456
@sekira_ame	a	456
@sho-n-d	a	456
@shungikuten	a	456
@sukemyon	a	456
@sumisu_(mondo)	a	456
adepta_sororitas	c	456
clam_shell	g	456
cleats	g	456
feena_(grandia)	c	456
getabako	g	456
halsin	c	456
hornet_(hollow_knight)	c	456
keizoku_school_uniform	g	456
koga_koharu	c	456
korwa	c	456
m16a1	g	456
plaid_capelet	g	456
ramza_beoulve	c	456
single_mechanical_leg	g	456
sistermon_noir	c	456
speed_painting	g	456
tabby_cat	g	456
viola_(pokemon)	c	456
yuki_(touhou)	c	456
@ayuma_sayu	a	455
@coffeeslice	a	455
@hashi	a	455
@niwatori_kokezou	a	455
@satsuki_neko	a	455
@shingyouji_tatsuya	a	455
@tomajiyama	a	455
@yasojima_nejiro	a	455
@yasuda_akira	a	455
angol_mois	c	455
collar_grab	g	455
d_(nikke)	c	455
doro_(nikke)	c	455
elbow_sleeves	g	455
gold_nails	g	455
hime_(kaibutsu_oujo)	c	455
holding_lightsaber	g	455
horizontal_bar	g	455
leopard_(yatterman)	c	455
lilith_(hazbin_hotel)	c	455
male_with_breasts	g	455
maria_marionette	c	455
multicolored_thighhighs	g	455
nakajima_(girls_und_panzer)	c	455
open_bikini	g	455
orimoto_rika	c	455
rapidash	c	455
ray_(arknights)	c	455
ribombee	c	455
roller_coaster	g	455
thick_lineart	g	455
warp_pipe	g	455
@alexander_dinh	a	454
@ameoto	a	454
@chuunioniika	a	454
@engawa_suguru	a	454
@ether_core	a	454
@fakepucco	a	454
@kamidan	a	454
@kanna_(plum)	a	454
@mizushima_(p201112)	a	454
@mukka	a	454
@pinta_(ayashii_bochi)	a	454
@qosic	a	454
@shimatani_azu	a	454
@sunnysundown	a	454
@yapo_(croquis_side)	a	454
@zkky2nd	a	454
allelujah_haptism	c	454
baobhan_sith_(swimsuit_pretender)_(first_ascension)_(fate)	c	454
chou-10cm-hou-chan	c	454
cid_highwind	c	454
error_musume	c	454
female_assassin_(fate/zero)	c	454
female_commander_(girls'_frontline)	c	454
fu_hua_(valkyrie_accipiter)	c	454
heart_ornament	g	454
hyakujuu-ou_golion	s	454
kabuterimon	c	454
konoka_(blue_archive)	c	454
koshirae_tsurugi	c	454
leaf_bikini	g	454
lifeline_(apex_legends)	c	454
lynn_minmay	c	454
meruccubus_(merunyaa)	c	454
pascal_(tales)	c	454
pink-tinted_glasses	g	454
shameimaru_aya_(newsboy)	c	454
slow_start	s	454
toe_cleavage	g	454
two-tone_nails	g	454
@ginta	a	453
@glitchedpuppet	a	453
@naik	a	453
@nakayama_miyuki	a	453
@surippa1010	a	453
@ukokkei	a	453
@water_beryl	a	453
@yamasaki_wataru	a	453
adjusting_another's_hair	g	453
ardbert_hylfyst	c	453
chouun_shiryuu	c	453
donald_duck	c	453
espada	g	453
everlasting_summer	s	453
fi_(zelda)	c	453
fungi_(genshin_impact)	c	453
habetrot_(fate)	c	453
holding_crowbar	g	453
isolated_island_oni	c	453
k2_(girls'_frontline)	c	453
kamimura_maika	c	453
king_(aotu_world)	c	453
pearl_fey	c	453
pink_brooch	g	453
red_heels	g	453
sen_no_kiseki_ii	s	453
shiraishi_yoshitake	c	453
splatter_background	g	453
stairwell	g	453
super_mario_bros._3	s	453
the_lego_group	s	453
viral_(ttgl)	c	453
@akira_(coffee_curry)	a	452
@betock	a	452
@ebiblue	a	452
@erubo	a	452
@masanaga_(tsukasa)	a	452
@mofu_namako	a	452
@momendoufu	a	452
@moribe_(rabumanyo)	a	452
@nekoguruma	a	452
@shirokitsune	a	452
@tatami_to_hinoki	a	452
anabel_(pokemon)	c	452
bikini_day	g	452
billiards	g	452
blood_spray	g	452
carriage	g	452
chinchou	c	452
combat_shotgun	g	452
concentrating	g	452
crucifix	g	452
giraffe_ears	g	452
jintsuu_kai_ni_(kancolle)	c	452
kromer_(project_moon)	c	452
miyamoto_rei	c	452
nijino_yume	c	452
nyon_(randal's_friends)	c	452
oda_nobunaga_(swimsuit_berserker)_(fate)	c	452
pia_carrot_(series)	s	452
raboot	c	452
ratna_petit	c	452
sheikah_slate	g	452
@3_small_spiders	a	451
@kippuru	a	451
@kunifuto	a	451
@lm7_(op-center)	a	451
@narutaki_shin	a	451
@takamine_nadare	a	451
aphrodisiac	g	451
ashe_(league_of_legends)	c	451
chapayev_(azur_lane)	c	451
cheetah_ears	g	451
cumdrip_onto_panties	g	451
devil_summoner	s	451
flonne_(fallen_angel)	c	451
hinatsuki_mikan	c	451
kan'u_(koihime_musou)	c	451
kimberly_jackson	c	451
koi_saku_miyako_ni_ai_no_yakusoku_wo_~annaffiare~	s	451
leomon	c	451
lila_decyrus	c	451
lumen_(arknights)	c	451
mustard	g	451
nika_nanaura	c	451
otonari_no_tenshi-sama_ni_itsu_no_mani_ka_dame_ningen_ni_sarete_ita_ken	s	451
pink_slippers	g	451
rika_(m_k)	c	451
see-through_gloves	g	451
sweater_tug	g	451
tamamo_no_mae_(swimsuit_lancer)_(third_ascension)_(fate)	c	451
tassel_choker	g	451
wing_print	g	451
xia_fei	c	451
@baram	a	450
@chiba_toshirou	a	450
@dakusuta	a	450
@hakika	a	450
aqua_hoodie	g	450
asakusa_midori	c	450
back_hair	g	450
bulleta	c	450
caseless_firearm	g	450
chloe_lemaire	c	450
cleopatra_(fate)	c	450
dark_elven_forest_ranger	c	450
footwear_focus	g	450
ganyu_(twilight_blossom)_(genshin_impact)	c	450
gyate_gyate	g	450
hand_around_neck	g	450
ikezawa_kazuma	c	450
jellyfish_(splatoon)	c	450
kagura_gumi	s	450
kaiten_muten-maru	s	450
kakumeiki_valvrave	s	450
kamiya_midori	c	450
kosaka_honoka	c	450
lokulo-chan	c	450
lotus_land_story	s	450
lovestruck	g	450
marikawa_shizuka	c	450
mayoi_neko_overrun!	s	450
mem-cho	c	450
nekko_(momosuzu_nene)	c	450
nisshin_(kancolle)	c	450
ostrich	g	450
pig_girl	g	450
playing_card_theme	g	450
rebecca_miyamoto	c	450
relief	g	450
supermarket	g	450
swimsuit_lift	g	450
symmetrical_hand_pose	g	450
tamamo_cat_(first_ascension)_(fate)	c	450
tensui_no_sakuna-hime	s	450
zange	c	450
zipper_leotard	g	450
@aoi_ogata	a	449
@ichijiku	a	449
@naoki_(2rzmcaizerails6)	a	449
@rnna	a	449
@samidare_(hoshi)	a	449
2channel	s	449
akemiho_tabi_nikki	s	449
curly_sidelocks	g	449
dress_aside	g	449
floragato	c	449
grabbing_another's_leg	g	449
grisaia_no_rakuen	s	449
half_up_half_down_braid	g	449
holding_magazine	g	449
holding_skateboard	g	449
koffing	c	449
mano_aloe	c	449
mlynar_(arknights)	c	449
my_adventures_with_superman	s	449
natsuki_karin	c	449
nina_(breath_of_fire_v)	c	449
putting_on_gloves	g	449
rufus_shinra	c	449
scary_monsters_(stand)	c	449
sliding	g	449
@beeru_(veil8801)	a	448
@inuno_rakugaki	a	448
@motsuaki	a	448
@ringo_sui	a	448
@shimo_(depthbomb)	a	448
@takeshima_eku	a	448
@xo_(xo17800108)	a	448
agent_(girls'_frontline)	c	448
clothed_paizuri	g	448
cuffs-to-collar	g	448
dilation_belt	g	448
dr_pepper	s	448
gyaruo	g	448
hyrule_warriors:_age_of_calamity	s	448
i-47_(kancolle)	c	448
indivisible	s	448
ipad	g	448
kamen_rider_dcd	s	448
kawakami_princess_(umamusume)	c	448
kaze_no_klonoa	s	448
kei_(blue_archive)	c	448
kukui_(pokemon)	c	448
lace_thighhighs	g	448
magik_(x-men)	c	448
making-of	m	448
military_cartridge	g	448
production_kawaii	s	448
saber_marionette_j	s	448
sakura-sou_no_pet_na_kanojo	s	448
sheep_nun_(diva)	c	448
shiragiku_hotaru	c	448
skirt_grab	g	448
spraying	g	448
striped_pillow	g	448
takao_(beach_rhapsody)_(azur_lane)	c	448
tana_(fire_emblem)	c	448
usami_(danganronpa)	c	448
@caidychen	a	447
@gerph	a	447
@imu_sanjo	a	447
@jagaimo_(kkamja)	a	447
@naru_(wish_field)	a	447
@sawayaka_samehada	a	447
@sekiya_asami	a	447
@takahero	a	447
accessories	g	447
ace_of_diamonds	g	447
axew	c	447
empty_picture_frame	g	447
european_architecture	g	447
harpy_boy	g	447
hiyajou_maho	c	447
hori-san_to_miyamura-kun	s	447
lantern_festival	g	447
luna_snow	c	447
man-portable_anti-tank_systems	g	447
mickey_mouse_&_friends	s	447
red_hood_(dc)	c	447
ridley	c	447
russo-ukrainian_war	g	447
sayonara_wo_oshiete	s	447
sinon_(sao-alo)	c	447
spiked_boots	g	447
tonbokiri_(touken_ranbu)	c	447
toy_hammer	g	447
tsukuyomi_moonphase	s	447
uni_create	s	447
waluigi	c	447
@blsh_(blshwrks)	a	446
@hihumi	a	446
@hikarikmy	a	446
@itsuka_neru	a	446
@kanzaki_muyu	a	446
@kutone_shirika	a	446
@makio_(makiomeigenbot)	a	446
@masabodo	a	446
@minami_(colorful_palette)	a	446
@takamichi	a	446
@try_(lsc)	a	446
@yun_cao_bing	a	446
alternative_girls	s	446
amoris_(bang_dream!)	c	446
evernight_(honkai:_star_rail)	c	446
gaia_(ff14)	c	446
glasses_nun_(diva)	c	446
grate	g	446
kazusa_(halloween)_(blue_archive)	c	446
king_hassan_(fate)	c	446
kurumi_(touhou)	c	446
kyon_no_imouto	c	446
liarsoft	s	446
mushroom_on_head	g	446
pokemon:_twilight_wings	s	446
ruler_(fate/grand_order)	c	446
satsuriku_no_tenshi	s	446
seele_vollerei_(stygian_nymph)	c	446
tokyo_mirage_sessions_fe	s	446
wallace_(pokemon)	c	446
wrestle_angels_survivor_2	s	446
zapdos	c	446
zubat	c	446
@almualim	a	445
@huanxiang_heitu	a	445
@kaoling	a	445
@kawakami_tetsuya	a	445
@kokuchuutei	a	445
@lock_heart_(juuryokudou)	a	445
@sankakusui	a	445
@wanimaru	a	445
@yagi_(ningen)	a	445
asari_nanami	c	445
bioshock_(series)	s	445
blueberry_academy_school_uniform	g	445
carnation	g	445
da_capo_i	s	445
enomoto_takane	c	445
frankenstein's_monster_(swimsuit_saber)_(fate)	c	445
furesawa_tousai	c	445
gooey_(kirby)	c	445
handjob_over_clothes	g	445
helm_(aqua_marine)_(nikke)	c	445
koseki_bijou_(1st_costume)	c	445
marius_von_hagen_(tears_of_themis)	c	445
metal_wings	g	445
pizza_hut	s	445
power_rangers	s	445
surintendante_chevalmarin	c	445
waraji	g	445
wild_geese	c	445
@alkemanubis	a	444
@count_zero	a	444
@errant	a	444
@hamushima	a	444
@kisuu	a	444
@kyuu_(plastic_night_q)	a	444
@piukute062	a	444
@poco_(asahi_age)	a	444
@ruri_rarako	a	444
@shimejinameko	a	444
@shirow_(mha03133)	a	444
@sugue_tettou	a	444
@super_zombie	a	444
aty_(summon_night)	c	444
chrono_genesis_(umamusume)	c	444
cream_on_body	g	444
double-blade	g	444
grimmjow_jaegerjaquez	c	444
kazuno_sarah	c	444
nira-chan	c	444
quattro_bajeena	c	444
saori_(swimsuit)_(blue_archive)	c	444
sasaki_kojirou_(fate)	c	444
senri_tsurubami	c	444
shuten_douji_(fate/grand_order)	c	444
sword_art_online:_code_register	s	444
taiho_shichauzo	s	444
@achiki	a	443
@bbc-chan	a	443
@bekotarou	a	443
@chihunhentai	a	443
@furanh	a	443
@hiyama_yuu_(wee259hiyama)	a	443
@ichiba_youichi	a	443
@mikagami_mamizu	a	443
@somechime_(sometime1209)	a	443
@wabaki	a	443
@warashi	a	443
back_muscles	g	443
chaos_(warhammer)	g	443
choujigen_game_neptune_mk2	s	443
chrno_crusade	s	443
dead_animal	g	443
elbows_on_knees	g	443
excessive_pussy_juice	g	443
hoozuki_no_reitetsu	s	443
hyuuga_neji	c	443
implied_nudity	g	443
infernape	c	443
kama_(second_ascension)_(fate)	c	443
la_pluma_(summer_flowers)_(arknights)	c	443
lotus_leaf	g	443
luviagelita_edelfelt	c	443
marching_band	g	443
nakiri_alice	c	443
plug_(piercing)	g	443
sakura_empire_(emblem)	g	443
senju_hashirama	c	443
shigure_ui_(vtuber)_(young)	c	443
skinny_dipping	g	443
stalker_(ragnarok_online)	c	443
tsutsukakushi_tsukiko	c	443
wet_pantyhose	g	443
white_lion_(kemono_friends)	c	443
yellow_sandals	g	443
yoshizuki_iori	c	443
yowai_totoko	c	443
@aoi_manabu	a	442
@cowfee	a	442
@island_(kossori)	a	442
@kagemusha	a	442
@kosokosomaru_(higashi_taishi)	a	442
@magowasabi	a	442
@meiji_ken	a	442
@pettan_p	a	442
@pukara	a	442
@pupps	a	442
@swav	a	442
@tokumi_yuiko	a	442
@xiacheng_tatsuya	a	442
aggressive_retsuko	s	442
ashelia_b'nargin_dalmasca	c	442
ben_tennyson	c	442
despair	g	442
flower_over_mouth	g	442
foodification	g	442
golden_week_bikini	g	442
hand_grenade	g	442
high_school_dxd_pi	s	442
lieza_(arc_the_lad)	c	442
makina_nakajima	c	442
manicure	g	442
muscular_child	g	442
noa_(pajamas)_(blue_archive)	c	442
peacock	g	442
print_cape	g	442
red_serafuku	g	442
shiina_mahiru_(otonari_no_tenshi-sama)	c	442
sirin	c	442
snow_halation	g	442
takizawa_asuka	c	442
tianzi	c	442
tsuki_ni_kawatte_oshioki_yo	g	442
@amane_ruri	a	441
@gucchiann	a	441
@jakko	a	441
@jet_yowatari	a	441
@k0ng	a	441
@kohatsuka	a	441
@ld_(luna_dial398)	a	441
@sakizaki_saki-p	a	441
@shirotsumekusa	a	441
@sonao	a	441
@tamagoroo	a	441
@trente	a	441
@vihua6	a	441
@yuuka_nonoko	a	441
aether_gazer	s	441
amae_koromo	c	441
animal_skeleton	g	441
block_(object)	g	441
bremerton_(kung_fu_cruiser)_(azur_lane)	c	441
cubone	c	441
doukyuusei_2	s	441
fallopian_tubes	g	441
female_byleth_(fire_emblem)	c	441
fujimaru_ritsuka_(female)_(decisive_battle_chaldea_uniform)	c	441
fuuma_tokiko	c	441
garlean	c	441
highlander_sidelocks_conductor_(blue_archive)	c	441
hinomori_shiho	c	441
human_stacking	g	441
ibuki_douji_(swimsuit_berserker)_(fate)	c	441
kouyouen_academy_school_uniform	g	441
loaf_of_bread	g	441
makino_(one_piece)	c	441
mujina	c	441
open_box	g	441
roux_louka	c	441
slingshot_(weapon)	g	441
suu_(monster_musume)	c	441
tankard	g	441
todoroki_yachiyo	c	441
torso	g	441
two-tone_bra	g	441
valkyrie_police_academy_swimsuit	g	441
@chikaretsu	a	440
@dais729sof	a	440
@gambler_club	a	440
@luminous_slime	a	440
@matoyama	a	440
@meis_(terameisu)	a	440
@name_john	a	440
@sooperman	a	440
@takatsuki_nato	a	440
@tetsurou_(fe+)	a	440
@torichamaru	a	440
akashi_tagiru	c	440
arm_scarf	g	440
braided_sidelocks	g	440
chiba_mamoru	c	440
chocolate_cornet	g	440
crying_emoji	g	440
dollar_bill	g	440
ebenholz_(arknights)	c	440
feather_coat	g	440
felarya	s	440
frilled_babydoll	g	440
grandfather_and_granddaughter	g	440
hina_(girls_band_cry)	c	440
hisuian_zoroark	c	440
hungry_nun_(diva)	c	440
inari	c	440
inflatable_dolphin	g	440
iz_(asteroid_ill)	c	440
k'_(kof)	c	440
king_ghidorah	c	440
leopard_boy	g	440
meowstic_(female)	c	440
mochizuki_meiko	c	440
musashi_kai_(kancolle)	c	440
nipple_bells	g	440
plaid_shawl	g	440
praying_mantis	g	440
re:birth_colony	s	440
red_sarong	g	440
sonic_adventure_2	s	440
untied_bikini_bottom	g	440
uzui_tengen	c	440
yesod_(project_moon)	c	440
@bae.c	a	439
@bebebe	a	439
@culter	a	439
@ez6	a	439
@haruyuki_(gffewuoutgblubh)	a	439
@hi_(ibisf5umauma)	a	439
@ikazu401	a	439
@kurotsuki_(luowei99)	a	439
@sasai_saji	a	439
archaic_set_(zelda)	g	439
axolotl	g	439
basin	g	439
coiled	g	439
cum_in_own_mouth	g	439
front_zipper	g	439
fudou_akio	c	439
headshot	g	439
holding_earphones	g	439
kasane_teto_(utau)	c	439
mahou_shoujo_oriko_magica	s	439
metal_gear_solid_4:_guns_of_the_patriots	s	439
minami_chiaki	c	439
mylene_jenius	c	439
nu_gundam	c	439
oiran	g	439
punching_bag	g	439
ryuugazaki_rei	c	439
sailor_uniform	g	439
sakaki_yuuya	c	439
sunbathing	g	439
tatsugiri	c	439
yak_(kemono_friends)	c	439
yumenosaki_school_uniform	g	439
@asada_hachi	a	438
@atelier-moo	a	438
@azuki_osamitsu	a	438
@chocomiru	a	438
@kazuharu_kina	a	438
@kionant	a	438
@kisairo_kaede	a	438
@monorus	a	438
@muryotaro	a	438
@nanohana_(november.)	a	438
@ninimo_nimo	a	438
@sanshoku_amido	a	438
@shishi_juuroku	a	438
bed_invitation	g	438
bondrewd	c	438
caramelldansen	g	438
chaos_emerald	g	438
entei	c	438
hair_around_ear	g	438
hatenna	c	438
honolulu_(kancolle)	c	438
jewelpet_twinkle	s	438
kanbe_kotori	c	438
laura_(precure)	c	438
listener_(inugami_korone)	c	438
moon_rabbit	g	438
padded_coat	g	438
privaty_(unkind_maid)_(nikke)	c	438
rabbit_ear_headphones	g	438
rfb_(girls'_frontline)	c	438
sexual_harassment	g	438
shy_guy	c	438
songover	g	438
stella_vermillion	c	438
vertical-striped_one-piece_swimsuit	g	438
@benimura_karu	a	437
@goki_buri	a	437
@hanpetos	a	437
@hashimoto_takashi	a	437
@kedamono_kangoku-tou	a	437
@koohiitei_shinbo	a	437
@nnyara	a	437
@saezuru_usagi	a	437
@seramikku	a	437
@shiratsuki_shiori	a	437
@zunta	a	437
akiyama_ryo	c	437
banana_boat	g	437
cheesecake	g	437
evil_neuro-sama	c	437
fletchling	c	437
idw_(girls'_frontline)	c	437
kodama_fumika	c	437
monet_(one_piece)	c	437
purple_wrist_cuffs	g	437
tonguejob	g	437
tsubaki_(guide)_(blue_archive)	c	437
variable_fighter	g	437
@d-m_(dii_emu)	a	436
@ddangbi	a	436
@dyun	a	436
@fujikawa_daichi	a	436
@ka_(marukogedago)	a	436
@kanaria_hisagi	a	436
@negi_(ulog'be)	a	436
@popopoka	a	436
@rotomdocs	a	436
@tokoroten_(hmmuk)	a	436
@usatarou	a	436
@wsman	a	436
alleyne_(queen's_blade)	c	436
ch'en_(ageless_afterglow)_(arknights)	c	436
cthugha_(nyaruko-san)	c	436
dangling_legs	g	436
hikaru_ga_shinda_natsu	s	436
himemiya_chikane	c	436
idolmaster_side-m_growing_stars	s	436
kukuru_(arc_the_lad)	c	436
lalamon	c	436
playing_flute	g	436
rina-chan_board	g	436
sephiroth_(ever_crisis)	c	436
unbuckled	g	436
yamazaki_sousuke	c	436
@batrobin_k	a	435
@dakku_(ogitsune)	a	435
@geshumaro	a	435
@haniwa_(leaf_garden)	a	435
@kurotofu	a	435
arcane_caitlyn	c	435
assassin	g	435
beelzebub_(manga)	s	435
cat_nose	g	435
checkered_ribbon	g	435
colored_text	g	435
concealed_weapon	g	435
darth_vader	c	435
drawn_tail	g	435
freckles_on_breasts	g	435
grey_feathers	g	435
hair_floating_upwards	g	435
harbor	g	435
kaburagi_kaede	c	435
kemurikusa	s	435
maiden_(nikke)	c	435
matches	g	435
pgm_hecate_ii	g	435
punch-out!!	s	435
shino_hajime	c	435
tsumugi_(princess_connect!)	c	435
@chups	a	434
@everyntrge	a	434
@full_power_elbow	a	434
@haraya_manawari	a	434
@kishibe	a	434
@mabanna	a	434
@makin_tama	a	434
@mizuta_kenji	a	434
@saku_(osake_love)	a	434
@z-epto_(chat-noir86)	a	434
@zirba	a	434
abigail_williams_(swimsuit_foreigner)_(first_ascension)_(fate)	c	434
aihara_yuzu	c	434
akashiya_moka	c	434
alicia_(granblue_fantasy)	c	434
asta_(honkai:_star_rail)	c	434
baizhu_(genshin_impact)	c	434
bitou_raimu	c	434
bonfire	g	434
floral_print_skirt	g	434
flowey_(undertale)	c	434
flynn_scifo	c	434
hatono_chihiro	c	434
hirose_yasuho	c	434
holding_bone	g	434
inflatable_orca	g	434
leather_skirt	g	434
lying_on_another	g	434
metalgreymon	c	434
notes	g	434
oshiro_project:re	s	434
pink_mittens	g	434
ryoma_(fire_emblem)	c	434
sae_(hidamari_sketch)	c	434
see-through_bra	g	434
spider-man_(2099)	c	434
tall_hair	g	434
torn_sleeve	g	434
tumblr_sample	m	434
vegetation	g	434
yamanouchi_kano	c	434
yellow_eyeshadow	g	434
@ai_takurou	a	433
@cyicheng	a	433
@h2so4	a	433
@kameseru	a	433
@kereno	a	433
@kitaku_(nakamachi_machi)	a	433
@kugimiya_atsuki	a	433
@mizunashi_(second_run)	a	433
@myusha	a	433
@nekoshoko	a	433
@siraha	a	433
@sugina_miki	a	433
@wata_(attaka_towel)	a	433
@yoon_cook	a	433
2.5_jigen_no_ririsa	s	433
bakusou_kyoudai_let's_&_go!!	s	433
blue_school_swimsuit	g	433
championship_belt	g	433
chansey	c	433
charging_forward	g	433
confrontation	g	433
crown_(nikke)	c	433
digimoji	g	433
dinosaur_girl	g	433
donut_hair_bun	g	433
fudou_akira	c	433
fur_capelet	g	433
gaiters	g	433
iwato_kasumi	c	433
kaidou_(one_piece)	c	433
kama_(third_ascension)_(fate)	c	433
kamen_rider_fourze_(series)	s	433
kantele	g	433
little_mermaid_(nikke)	c	433
misaki_mei	c	433
mother_(yoru_mac)	c	433
mouthwashing	s	433
natalia_luzu_kimlasca_lanvaldear	c	433
ouran_high_school_host_club	s	433
player_character_(degrees_of_lewdity)	c	433
rag	g	433
rokudenashi_majutsu_koushi_to_akashic_record	s	433
satsuki_kai_ni_(kancolle)	c	433
seafloor	g	433
selkie_(fire_emblem)	c	433
shakujou	g	433
shirai_yuyu	c	433
stirring	g	433
through_panties	g	433
tio_plato	c	433
world_war_i	g	433
yellow_robe	g	433
yuzuki_yukari_(shizuku)	c	433
@elleciel.eud	a	432
@hana_mori	a	432
@hyanna-natsu	a	432
@ikusagawa	a	432
@katakura_shinji	a	432
@katori_(mocchidou)	a	432
@kurata_rine	a	432
@ryuu_ryuu	a	432
@ui_frara	a	432
@wrato	a	432
ashe_ubert	c	432
ayla_(chrono_trigger)	c	432
bandeau_bikini	g	432
citrinne_(fire_emblem)	c	432
coco_bandicoot	c	432
conductor_baton	g	432
gokotai's_tigers	c	432
gyakushuu_no_fantasica	s	432
heart_sticker	g	432
lookism	s	432
matsudaira_touko	c	432
meliodas	c	432
mushroom_hat	g	432
nakatsu_shizuru	c	432
nargacuga_(armor)	g	432
one_(cevio)	c	432
ox_ears	g	432
pink_mask	g	432
pirate_ship	g	432
reno_(azur_lane)	c	432
seelie_(genshin_impact)	c	432
sengoku_otome	s	432
silent_princess	g	432
taito	s	432
the_simpsons	s	432
thompson_submachine_gun	g	432
tirpitz_(azur_lane)	c	432
viridi	c	432
@cygnus_(cygnus7)	a	431
@dema_hmw	a	431
@kazetto	a	431
@kisaragi_yuu_(fallen_sky)	a	431
@mogu_(au1127)	a	431
@nada_haruka	a	431
@naz_(garyuuya)	a	431
@regular_mow	a	431
@ziro_(zirorong)	a	431
airborne	g	431
ama_usa_an_uniform	g	431
chibimon	c	431
constriction	g	431
dianamon	c	431
energy_barrier	g	431
girls_und_panzer_ribbon_no_musha	s	431
lisanna_strauss	c	431
mermaid_costume	g	431
mundane_utility	g	431
norimaki_arale	c	431
pants_under_shorts	g	431
selen_tatsuki_(1st_costume)	c	431
space_monster	g	431
steam_from_mouth	g	431
super_sonic	c	431
twister	s	431
volcarona	c	431
yamanobe_tomo	c	431
yellow_blood	g	431
@aetherion	a	430
@andou_hiroyuki	a	430
@haguhagu_(rinjuu_circus)	a	430
@hsin	a	430
@igayan	a	430
@koyashaka	a	430
@kshimu	a	430
@leonmandala	a	430
@massala	a	430
@mayogii	a	430
@spindle_(aidenr0)	a	430
@sumisumii	a	430
@takahama	a	430
@vent_arbre	a	430
akiha_rumiho	c	430
aozaki_touko	c	430
bowser_jr.	c	430
cheek_tattoo	g	430
digimon_story:_cyber_sleuth_hacker's_memory	s	430
digital_thermometer	g	430
fighter_(granblue_fantasy)	c	430
gagaga_girl	c	430
gquuuuuux	c	430
gradient_border	g	430
hands_on_another's_arms	g	430
horizontal-striped_legwear	g	430
instrument_request	m	430
iwatooshi	c	430
kampfer	s	430
locke_cole	c	430
mahou_shoujo_no_majo_saiban	s	430
male_underwear_aside	g	430
mew_ichigo	c	430
miyagawa_takane	c	430
paint_roller	g	430
red_garter_straps	g	430
rope_marks	g	430
sekiro	c	430
sweat_stain	g	430
team_plasma	g	430
tia_(nikke)	c	430
@eruu_(eruuman)	a	429
@irohara	a	429
@koizumi_arata	a	429
@minosu	a	429
@refeia	a	429
@vivivoovoo	a	429
a.b.a	c	429
apple_pie	g	429
archetto_(arknights)	c	429
brown_headband	g	429
decorations	g	429
druaga_no_tou	s	429
futa_on_loli	g	429
gluko	c	429
ikayaki	g	429
integra_hellsing	c	429
klukai_(girls'_frontline_2)	c	429
maihama_ayumu	c	429
mushishi	s	429
oikawa_tooru_(haikyuu!!)	c	429
pina_(sao)	c	429
saigyouji_yuyuko's_fan_design	g	429
storm_(x-men)	c	429
suzune_(senran_kagura)	c	429
tseng	c	429
wooden_bridge	g	429
@akou_roushi	a	428
@bkyu	a	428
@c-low	a	428
@inoshira	a	428
@kaz_(shade)	a	428
@kazaana	a	428
@kirisame_mia	a	428
@ko_yu	a	428
@kosmos_beta	a	428
@noto_kurumi	a	428
@sakidesu	a	428
@saku_anna	a	428
@sgk	a	428
@tachibana_roku	a	428
@takemura_sessyu	a	428
@tina_fate	a	428
@tsuutenkaaku	a	428
@ursica	a	428
@yamano_rokamizu	a	428
@yukijirushi_nyugyou	a	428
aak_(arknights)	c	428
asuka_momoko	c	428
bakumatsu_rouman	s	428
bb_(swimsuit_mooncancer)_(first_ascension)_(fate)	c	428
dedue_molinaro	c	428
drifblim	c	428
ellen_(touhou)	c	428
emma_august	c	428
emotional_engine_-_full_drive	g	428
flametail_(arknights)	c	428
kalifa_(one_piece)	c	428
kasumi_(princess_connect!)	c	428
luminous_arc	s	428
pallas_(arknights)	c	428
pantyhose_around_one_leg	g	428
rainbow_print	g	428
rotom_(normal)	c	428
shinigami_(rain_code)	c	428
tenki_no_ko	s	428
torn_leggings	g	428
tropical_kiss	s	428
webbed_feet	g	428
@akira_shiun	a	427
@cotowari	a	427
@ebinku	a	427
@fupoo	a	427
@kaguyuzu	a	427
@kito_(sorahate)	a	427
@kumatora_tatsumi	a	427
@narumi_suzune	a	427
@ningen_mame	a	427
@panties_(pantsu-pirate)	a	427
@tsukumizu_yuu	a	427
@urutsu_sahari	a	427
@yamamori_kinako	a	427
@zono_(inokura_syuzo029)	a	427
aipom	c	427
akashi_(live_a_hero)	c	427
arm_over_shoulder	g	427
charlotte_katakuri	c	427
crotch_strap	g	427
double_scoop	g	427
flower_on_liquid	g	427
fukuda_haru	c	427
hamaguchi_ayame	c	427
heart_in_heart_hands	g	427
karate	g	427
kirifuji_nozomi	c	427
olivier_mira_armstrong	c	427
ouroboros	g	427
sasayaku_you_ni_koi_wo_utau	s	427
scimitar	g	427
serie_(sousou_no_frieren)	c	427
tasting	g	427
watering	g	427
white_haori	g	427
@claireiosity	a	426
@eisu_(eith)	a	426
@fukuro_daizi	a	426
@hayama_eishi	a	426
@kazenoko	a	426
@monchan_rev3	a	426
@nakamura_takeshi	a	426
@nemu_(nebusokugimi)	a	426
@oda_eiichirou	a	426
@olchas	a	426
@shirosuzu	a	426
@squeezable	a	426
@tomodachi_(tomofanart)	a	426
@toriyama_akira	a	426
arato_nagi	c	426
asakura_karen_(heaven_burns_red)	c	426
bimbofication	g	426
black_order_uniform	g	426
camouflage_shorts	g	426
chevreuse_(genshin_impact)	c	426
cinderella_girls_card_parody	g	426
dark_magician	c	426
dog_costume	g	426
eye_tattoo	g	426
flaming_skull	g	426
ghiaccio	c	426
girlfriend_(friday_night_funkin')	c	426
gohan_beast	c	426
jaeger_(pacific_rim)	c	426
kosode	g	426
lava_(arknights)	c	426
linhardt_von_hevring	c	426
ludger_will_kresnik	c	426
luther_von_ivory	c	426
makai_tenshi_djibril	s	426
matsuda_arisa	c	426
red_jumpsuit	g	426
robot_dragon	g	426
run_elsie_jewelria	c	426
station_memories	s	426
stuffed_pegasus	g	426
takopii_no_genzai	s	426
torn_capelet	g	426
yukimura_suzuno	c	426
@haryuu_(poetto)	a	425
@henreader	a	425
@isa_(peien516)	a	425
@mikeran_(mikelan)	a	425
@mikimoto_haruhiko	a	425
@nanaken_nana	a	425
@nns_(sobchan)	a	425
@shugao	a	425
@tanihara_natsuki	a	425
apricot_the_lich	c	425
artoria_pendragon_(swimsuit_archer)_(fate)	c	425
bag_over_head	g	425
chronoa	c	425
eyeball_hair_ornament	g	425
fist_in_hand	g	425
forced_partners	g	425
fukae_(kancolle)	c	425
kawasumi_mai	c	425
macross:_do_you_remember_love?	s	425
mettaton	c	425
murakumo_(senran_kagura)	c	425
naoi_ayato	c	425
nyen_(randal's_friends)	c	425
pebble	g	425
roulette_table	g	425
sena_(blue_archive)	c	425
taihou_(temptation_on_the_sea_breeze)_(azur_lane)	c	425
taisa_(cookie)	c	425
tavern	g	425
the_silmarillion	s	425
tristan_(fate)	c	425
umbilical_cord	g	425
zero_(code_geass)	c	425
@aslindsamure	a	424
@fundarikettari	a	424
@hitoto	a	424
@junkpuyo	a	424
@kuurunaitsu	a	424
@minami_aomori	a	424
@natuna_natu	a	424
@shinanoya_(satanicad)	a	424
@t_jiroo_(ringofriend)	a	424
@tostantan	a	424
@wasabi60	a	424
@yukineko1018	a	424
body_modification	g	424
buront	c	424
chiaki_(blue_archive)	c	424
chuck_(psg)	c	424
elina_(queen's_blade)	c	424
game_arts	s	424
hinamori_momo	c	424
hongbao	g	424
jeremiah_gottwald	c	424
lalah_sune	c	424
liu_qingcheng	c	424
miyazono_kawori	c	424
purple_petals	g	424
roshin_yuukai_(vocaloid)	s	424
skull_brooch	g	424
snow_leopard	g	424
south_dakota_(azur_lane)	c	424
square_print	g	424
sukeban_(smg)_(blue_archive)	c	424
ukuru_(kancolle)	c	424
volkner_(pokemon)	c	424
whip_(kof)	c	424
@bayeuxman	a	423
@gao_(gaolukchup)	a	423
@haikawa_hemlen	a	423
@kawacy	a	423
@nanashii_(soregasisan)	a	423
@pumpkinpan	a	423
@purin_jiisan	a	423
@rella	a	423
abarai_renji	c	423
airplane_interior	g	423
ayase_yue	c	423
band_shirt	g	423
crotchless_leotard	g	423
detonator	g	423
ex-rumia	c	423
gebura_(project_moon)	c	423
iuno_(wuthering_waves)	c	423
legend_of_the_cryptids	s	423
lightning_ahoge	g	423
locomotive	g	423
mamemaki	g	423
marle_(chrono_trigger)	c	423
metal_belt	g	423
monster_farm	s	423
nipple-to-nipple	g	423
penelo	c	423
phoenix_wright:_ace_attorney_-_spirit_of_justice	s	423
pixiv-tan	c	423
raimon_natsumi	c	423
rixia_mao	c	423
sawatari_makoto	c	423
two-tone_pantyhose	g	423
undone_sarashi	g	423
vice_(kof)	c	423
vileplume	c	423
wake_up_girls!	s	423
yukine_(vocaloid)	c	423
@akai_sashimi	a	422
@chata_maru_(irori_sabou)	a	422
@darkalx	a	422
@gouta_(nagishiro6624)	a	422
@kusano_(torisukerabasu)	a	422
@lamb_(hitsujiniku)	a	422
@love_cacao	a	422
@mizushina_minato	a	422
@naegi_(naegidokoro)	a	422
@okamisaga	a	422
@sebu_illust	a	422
@speh	a	422
@takemori_shintarou	a	422
@tantanmen72	a	422
@tenneko_yuuri	a	422
@zuizi	a	422
aisaki_emiru	c	422
artemis_(sailor_moon)	c	422
bodycon	g	422
breaking_bad	s	422
cockroach_girl	g	422
computer_tower	g	422
dottore_(genshin_impact)	c	422
guardians_of_the_galaxy	s	422
kamui_(kill_la_kill)	c	422
koala	g	422
leopard_print_bikini	g	422
logos_(arknights)	c	422
ludvico_private_girls'_academy_school_uniform	g	422
meika_hime	c	422
ochikobore_fruit_tart	s	422
panda_costume	g	422
push-ups	g	422
sig_sauer_556	g	422
squirting_liquid	g	422
standing_cunnilingus	g	422
steve_(minecraft)	c	422
strong_zero	s	422
the_citadel	s	422
trotter_(honkai:_star_rail)	c	422
winged_heart	g	422
wiping_blood	g	422
yamanin_zephyr_(umamusume)	c	422
yoshino_(date_a_live)	c	422
@akaneko_(redakanekocat)	a	421
@brll	a	421
@enma_(enmanuelart)	a	421
@eroe	a	421
@gin_(shioyude)	a	421
@jan_azure	a	421
@limn044	a	421
@mamemix	a	421
@matemi	a	421
@nagi_ryou	a	421
@sakai_kyuuta	a	421
@suou-sensei	a	421
atalanta_alter_(fate)	c	421
athena_(series)	s	421
bakuon!!	s	421
broken_wall	g	421
dick_gumshoe	c	421
food_fantasy	s	421
fruits_basket	s	421
fujoshi	g	421
godzilla:_king_of_the_monsters	s	421
in_bottle	g	421
inflatable_armbands	g	421
milo_(pokemon)	c	421
minato_tomoka	c	421
misaka_worst	c	421
noihara_himari	c	421
polka_dot_pillow	g	421
psd_available	m	421
shimamura_hougetsu	c	421
silent_hill_3	s	421
silver_hairband	g	421
starly	c	421
tentacruel	c	421
zouni_soup	g	421
@ishimiso_(ishimura)	a	420
@mimikaki_(men_bow)	a	420
@nejime	a	420
@omunikin	a	420
@sakura_chiyo_(konachi000)	a	420
@saruton	a	420
@satofuji_masato	a	420
@shipii_(jigglypuff)	a	420
@wachiwo	a	420
afk_journey	s	420
against_table	g	420
armored_vehicle	g	420
bankai	g	420
boruto:_naruto_the_movie	s	420
chloroform	g	420
display	g	420
fukuda_noriko	c	420
futa_without_pussy	g	420
galge.com	s	420
garurumon	c	420
hanafuda_earrings	g	420
hayashio_(kancolle)	c	420
higher_resolution_available	g	420
katara	c	420
konngara_(touhou)	c	420
legendary_super_saiyan	g	420
magical_sapphire	c	420
mailbox_(incoming_mail)	g	420
maruyama_akane	c	420
mons_pubis	g	420
multicolored_capelet	g	420
nina_(breath_of_fire_ii)	c	420
paint_stains	g	420
sakutarou_(umineko)	c	420
sashimi	g	420
shiba_miyuki	c	420
short	g	420
stuffed_eggplant	g	420
the_joker	c	420
viola_(one_piece)	c	420
wednesday_(netflix)	s	420
wendy's	s	420
white_headscarf	g	420
witch_craft_works	s	420
yae_sakura_(goushinnso_memento)	c	420
@9x2no18	a	419
@ereka	a	419
@fukuro_(maruaru00)	a	419
@inker_comics	a	419
@ken_(coffee_michikusa)	a	419
@leonat	a	419
@mame1645	a	419
@orion_(orionproject)	a	419
@samegami	a	419
@thanabis	a	419
@tsuranukko	a	419
alpaca_tail	g	419
arjuna_alter_(fate)	c	419
bandaid_on_stomach	g	419
diorama	g	419
disgaea_d2	s	419
etou_kanami	c	419
forced_to_watch	g	419
hands_on_stomach	g	419
katanagatari	s	419
katou_danzou_(fate)	c	419
loaded_interior	g	419
mahou_shoujo_lyrical_nanoha_the_movie_1st	s	419
manaphy	c	419
maou-jou_de_oyasumi	s	419
multicolored_armor	g	419
naked_paint	g	419
olga_discordia	c	419
pinky_ring	g	419
plate_carrier	g	419
raven_cronwell	c	419
roro_(gunvolt)	c	419
rotated	m	419
skull_choker	g	419
sonny_brisko	c	419
tomoe_mami_(cosplay)	g	419
white_bonnet	g	419
zenkoku_seifuku_bishoujo_grand_prix	s	419
@folks_(nabokof)	a	418
@henyaan_(oreizm)	a	418
@kuronyan	a	418
@kutabireta_neko	a	418
@sakanaya_(sakanaya952)	a	418
@toi8	a	418
@toriniku_senshi_chikinman	a	418
@yan_kodiac	a	418
adventurer_(ff11)	c	418
bamboo_shoot	g	418
bandana_over_mouth	g	418
banzoin_hakka	c	418
comic_kairakuten	s	418
corpse_party	s	418
doupo_cangqiong	s	418
h&k_mp5	g	418
holding_mushroom	g	418
kankyuu_goujuu	s	418
mahou_shoujo_lyrical_nanoha_a's_portable:_the_battle_of_aces	s	418
mienshao	c	418
oden	g	418
pea_pod	g	418
pink_tulip	g	418
salmon	g	418
shimushu_(kancolle)	c	418
shindou_mitsuko	c	418
suzuno_fuusuke	c	418
the_transformers_(idw)	s	418
unicorn_gundam	c	418
unlimited_blade_works_(fate)	g	418
vex_(league_of_legends)	c	418
will-o'-the-wisp_(mythology)	g	418
winter_schnee	c	418
yokune_ruko	c	418
@akita_hika	a	417
@ankoromochi	a	417
@cocozasa	a	417
@ctrlz77	a	417
@gara_ayuri	a	417
@koshika_rina	a	417
@muoto	a	417
@rusky	a	417
@suzushiro_kurumi	a	417
aladdin_(magi)	c	417
chaos_online	s	417
chesed_(project_moon)	c	417
cogita_(pokemon)	c	417
dew_drop	g	417
ein_(cowboy_bebop)	c	417
elfilin	c	417
envy_(fma)	c	417
gaomon	c	417
gunpla	g	417
h&k_g11	g	417
holding_hair_dryer	g	417
kanzaki_souma	c	417
lethe_(fire_emblem)	c	417
manticore_(arknights)	c	417
o-ring_strap	g	417
paladin_(final_fantasy)	c	417
scarecrow	g	417
sela_(23)	c	417
seraphim_(one_piece)	c	417
tone_kai_ni_(kancolle)	c	417
two-tone_socks	g	417
urethral_beads	g	417
wolf_(league_of_legends)	c	417
@amedamacon	a	416
@aoi_rena	a	416
@dean_(momodean)	a	416
@goekawa	a	416
@kokka_han	a	416
@little_blood	a	416
@nac000	a	416
@ojo_aa	a	416
@shiba_itsuki	a	416
@tamada_heijun	a	416
@tarakanovich	a	416
aburaage	g	416
atelier_yumia	s	416
bible_black_only	s	416
boros_(ouro_kronii)	c	416
bort	c	416
commentary_typo	g	416
cure_wonderful	c	416
daki_(kimetsu_no_yaiba)	c	416
death-sensei_(mori_calliope)	c	416
devil_fruit_power	g	416
echidna_(queen's_blade)	c	416
gashapon	g	416
gate_of_babylon_(fate)	g	416
hands_on_another's_shoulder	g	416
handsfree_paizuri	g	416
holding_stethoscope	g	416
human_chair	g	416
ichijou_seiya	c	416
lying_on_ground	g	416
miyasaka_ryou	c	416
munakata_atsumi	c	416
no_entry_sign	g	416
pino_(jashin-chan_dropkick)	c	416
rice_cooker	g	416
taurus_mask	c	416
tokido_saya	c	416
vermeil_(arknights)	c	416
vivian_(paper_mario)	c	416
yellow_shawl	g	416
yukimin_(yukihana_lamy)	c	416
@akabane_(zebrasmise)	a	415
@aoki_ume	a	415
@free_style	a	415
@gurimjang	a	415
@makigai	a	415
@moribuden	a	415
@natsu_no_koucha	a	415
@rockthebull	a	415
@ya-man	a	415
@yuri_ai	a	415
choukai_kai_ni_(kancolle)	c	415
dazai_osamu_(bungou_stray_dogs)	c	415
dou	g	415
isekai_ojisan	s	415
kamen_rider_kuuga_(series)	s	415
kunoichi_(sengoku_musou)	c	415
lilamon	c	415
matilda_bouanich	c	415
momone_momo	c	415
nontraditional_school_swimsuit	g	415
olive_laurentia	c	415
pink_clouds	g	415
rukkhadevata_(genshin_impact)	c	415
sagara_emi	c	415
shiba_tomoshibi	c	415
shinganji_kurenai	c	415
soda_(twinkling_bunny)_(nikke)	c	415
souya_(kancolle)	c	415
tied_sleeves	g	415
tionishia	c	415
toujou_tsukasa	c	415
tupet	g	415
@arikawa_satoru	a	414
@bukimi_isan	a	414
@gnns	a	414
@hinata_(user_rjkt4745)	a	414
@kuroshinki	a	414
@merrytail	a	414
@powerlesssong	a	414
@so-bin	a	414
@suwaneko	a	414
@toridamono	a	414
amasawa_keisuke	c	414
armored_legwear	g	414
bear_trap	g	414
comiket_103	s	414
face_grab	g	414
feather_necklace	g	414
genocider_shou	c	414
h&k_mp7	g	414
hula_hoop	g	414
human_dog	g	414
hut	g	414
kousaka_china	c	414
leona_(league_of_legends)	c	414
m16a1_(boss)_(girls'_frontline)	c	414
madan_no_ou_to_vanadis	s	414
manhole_cover	g	414
marida_cruz	c	414
mma_gloves	g	414
nightingale_(arknights)	c	414
panties_in_mouth	g	414
panting	g	414
paradeus	g	414
rectangular_pupils	g	414
shinonome_mari	c	414
sono_midoriko	c	414
takashi_shirogane	c	414
voyager_(fate)	c	414
yakisoba	g	414
yokoyama_chika	c	414
@akinaie	a	413
@ebifly	a	413
@haruyuki_(yukichasoba)	a	413
@hinata_yuu	a	413
@honda_naoki	a	413
@kat_(bu-kunn)	a	413
@machi_(7769)	a	413
@masukuza_j	a	413
@tsukumo_(soar99)	a	413
angel_blade	s	413
antlers_through_headwear	g	413
blue_reflection	s	413
clitoris_tweak	g	413
cum_bath	g	413
gingham_apron	g	413
hair_over_mouth	g	413
haxorus	c	413
heixiu	c	413
insemination	g	413
jeanne_(bayonetta)	c	413
kitashirakawa_anko	c	413
messmer_the_impaler	c	413
progression	g	413
saegusa_akina	c	413
scuba_gear	g	413
sig_(puyopuyo)	c	413
snowball_(overwatch)	c	413
spheal	c	413
sugar_sugar_rune	s	413
thick_outlines	g	413
transformers_animated	s	413
trombone	g	413
ultra_instinct	g	413
zhuge_yuan	c	413
@bakkanki	a	412
@fujieda_uzuki	a	412
@kiona_(giraffe_kiona)	a	412
@marui_koishi	a	412
@matanukinuki	a	412
@o_(rakkasei)	a	412
@okiyumi_kase	a	412
@pumpkinspicelatte	a	412
@shigatake	a	412
@shinozuka_atsuto	a	412
@spec_(artist)	a	412
@tidsean	a	412
@urec	a	412
chameleon	g	412
compact_(cosmetics)	g	412
fu_hua_(garuda)	c	412
girly_boy	g	412
gothic_architecture	g	412
gotoh_hitori_(tsuchinoko)	c	412
hajimete_no_gal	s	412
hand_under_swimsuit	g	412
inuyama_mana	c	412
kaya_rinha	c	412
keytar	g	412
kikirara_vivi	c	412
moltres	c	412
penis_silhouette	g	412
purple_pajamas	g	412
sengoku_musou_3	s	412
sunken_cheeks	g	412
swanna	c	412
teepo_(tales)	c	412
trapinch	c	412
udagawa_ako	c	412
yaopei	g	412
@eckert&eich	a	411
@happa_(cloverppd)	a	411
@igni_tion	a	411
@kaorihero	a	411
@nekozuki_yuki	a	411
@potg_(piotegu)	a	411
@riokasen	a	411
@ruhika	a	411
@sawaya_(mizukazu)	a	411
@senju_(snz0)	a	411
@tabigarasu	a	411
@takasugi_kou	a	411
@takoyaki_(roast)	a	411
@yatsu_(sasuraino)	a	411
@yourfreakyneighbourh	a	411
alpaca	g	411
amagi_rinne	c	411
amestris_military_uniform	g	411
aoi_kimi	c	411
catheter	g	411
crooked_eyewear	g	411
deviantart_logo	g	411
fever	g	411
fighter_(dq3)	c	411
fukube_satoshi	c	411
giant_brush	g	411
hotpot	g	411
normal_suit_(gundam)	g	411
nyatasha_nyanners	c	411
pokemon_egg	g	411
seiya_kou	c	411
skyfire_(arknights)	c	411
stretched_limb	g	411
team_star	g	411
toadette	c	411
vs	g	411
well	g	411
yamcha	c	411
yaranaika	g	411
zanpakutou	g	411
@fouriasensei	a	410
@hoshime	a	410
@inudori	a	410
@kaede_(sayappa)	a	410
@km_yama	a	410
@koya_(koya_x_00)	a	410
@morizono_shiki	a	410
@nemo_(leafnight)	a	410
@sakamata_(sakamata4)	a	410
@sasaki_tomomi	a	410
@snowball22	a	410
alice_(megami_tensei)	c	410
bald_eagle	g	410
blacksmith_(ragnarok_online)	c	410
chain_chomp	c	410
fainted	g	410
fur_wrist_cuffs	g	410
harry_potter	c	410
holding_goggles	g	410
homu	g	410
ichika_(swimsuit)_(blue_archive)	c	410
kimi_to_semi_blue_(idolmaster)	g	410
korok	c	410
lowleg_pantyhose	g	410
magnetic_weapon	g	410
mole_on_chest	g	410
playstation_vita	g	410
postage_stamp	g	410
queen_of_hearts_(alice_in_wonderland)	c	410
recursion	g	410
ryuushen	c	410
shoulder_patch	g	410
spoken_x	g	410
tooth_fairy_(reverse:1999)	c	410
undone_bowtie	g	410
@ama-tou	a	409
@hater_(hatater)	a	409
@kanekiyo_miwa	a	409
@kinomiki_nobori	a	409
@kugelschreiber	a	409
@misumi_(niku-kyu)	a	409
@nanana_(nanana_iz)	a	409
@niku_(ni23ku)	a	409
@senmu_(0107)	a	409
@sukoyaka_(100hituzi)	a	409
@yetworldview_kaze	a	409
doseisan	c	409
evil_twin_ki-sikil	c	409
firion	c	409
front-hook_bra	g	409
giving_birth	g	409
in_bathtub	g	409
jinshi_(kusuriya_no_hitorigoto)	c	409
kisaragi_kai_ni_(kancolle)	c	409
kouzuki_hiyori	c	409
mina_(blue_archive)	c	409
nagisa_(swimsuit)_(blue_archive)	c	409
pink_helmet	g	409
plant_roots	g	409
ribbon_bra	g	409
sekaiju_no_meikyuu_4	s	409
sengoku_musou_2	s	409
shinomiya_karen	c	409
sotheby	c	409
spool	g	409
suou_amane	c	409
wolf_hood	g	409
yuubari_kai_ni_(kancolle)	c	409
@fuooooo	a	408
@gibagiba	a	408
@gojarun	a	408
@gulp5959	a	408
@higashi_shino	a	408
@hijikawa_arashi	a	408
@ishigaki_takashi	a	408
@karasusou_nano	a	408
@koyama_hirokazu	a	408
@lam_(ramdayo)	a	408
@negija	a	408
@racchi.	a	408
@shino_(eefy)	a	408
@shiraue_yuu	a	408
@shoking-kai	a	408
@shoku_king-kai	a	408
ambrosia_(dungeon_meshi)	g	408
baccano!	s	408
backless_pants	g	408
bronya_zaychik_(herrscher_of_reason)	c	408
cool_mita_(miside)	c	408
crescent_rose	g	408
deal_with_it_(meme)	g	408
deviantart	s	408
elaine_(pokemon)	c	408
endro!	s	408
folding_screen	g	408
gold_ship_(run_revolt_launcher)_(umamusume)	c	408
hatsune_miku_(nt)	c	408
jamie_siu	c	408
kaguya_madoka	c	408
kakyuusei	s	408
kanzaki_sumire	c	408
kishibe_(chainsaw_man)	c	408
large_buttons	g	408
me!me!me!	s	408
monoko	c	408
nina_williams	c	408
persona_5_scramble:_the_phantom_strikers	s	408
purple_shawl	g	408
removing_panties	g	408
ronald_mcdonald	c	408
rose_bush	g	408
sen_(granblue_fantasy)	c	408
shamu_meruruusa	c	408
shokushu_hunter_yuri	s	408
sitting_on_food	g	408
spamton_g._spamton	c	408
thanatos_(persona)	c	408
tiphereth_a_(project_moon)	c	408
underbarrel_grenade_launcher	g	408
@akisome_hatsuka	a	407
@azuki_yui	a	407
@cirilla_lin	a	407
@hamaken._(novelize)	a	407
@hatoyama_itsuru	a	407
@horokusa_(korai)	a	407
@kani_club	a	407
@lynus	a	407
@onineko-chan	a	407
@sakayama_shinta	a	407
@sc_naru	a	407
@shizuna_kaede	a	407
@suzaku_(zaku6584)	a	407
@taurine_8000mg	a	407
@teranekosu	a	407
@tsukimori_usako	a	407
@yamamoto_kazue	a	407
artoria_pendragon_(lancer_alter)_(royal_icing)_(fate)	c	407
constantine_xi_(fate)	c	407
emma_millstein	c	407
eyjafjalla_(summer_flower)_(arknights)	c	407
fennec_fox	g	407
hand_out_of_frame	g	407
hands_on_own_knee	g	407
huyan_zhuo_(fate)	c	407
jack_atlas	c	407
karulau	c	407
navel_insertion	g	407
on_moon	g	407
picking_up	g	407
pink_hood	g	407
pink_overalls	g	407
pretzel	g	407
q-bee	c	407
rectangle	g	407
ryuubi_gentoku	c	407
snapping_fingers	g	407
soundwave_(transformers)	c	407
suou_tatsuya	c	407
teaching	g	407
the_murder_of_sonic_the_hedgehog	s	407
weeds	g	407
@chipa_(arutana)	a	406
@circussion	a	406
@john_kafka	a	406
@lotosu	a	406
@matatabi_(2ccp)	a	406
@necrosmos	a	406
@nidy	a	406
@nyan_(reinyan_007)	a	406
@putcher	a	406
@ruteko_(ruko220)	a	406
@sanagi_torajirou	a	406
@shiba_yuuji	a	406
@tiv	a	406
after_fingering	g	406
crono_(chrono_trigger)	c	406
destroyer_princess	c	406
green_blood	g	406
heinrike_prinzessin_zu_sayn-wittgenstein	c	406
iws_2000_(girls'_frontline)	c	406
mon_colle_knights	s	406
nursery_slime	s	406
ok_sign_over_eye	g	406
overexposure	g	406
pinecone_(arknights)	c	406
protagonist_2_(housamo)	c	406
saint-louis_(azur_lane)	c	406
sky_striker_ace_-_roze	c	406
toxtricity	c	406
u-1196	c	406
venusmon	c	406
@547th_sy	a	405
@fantongjun	a	405
@goldowl	a	405
@gomulgong	a	405
@harukigenia	a	405
@interstellar	a	405
@kisou_(kisou00)	a	405
@lillithlauda	a	405
@mizuki_(flowerlanguage)	a	405
@nakamura_hinato	a	405
@ohlia	a	405
@rin-sin	a	405
>:/	g	405
alternate_design	g	405
atri-my_dear_moments-	s	405
atsushi_toushirou	c	405
black_bloomers	g	405
casting_couch	g	405
cerestia_of_life	c	405
chain_earrings	g	405
chimecho	c	405
colored_lineart	g	405
cure_chocolat	c	405
cure_milky	c	405
digimon_adventure:_(2020)	s	405
hanazono_hakari	c	405
industrial	g	405
jason_voorhees	c	405
kotonomiya_yuki	c	405
maitetsu	s	405
morgana_(league_of_legends)	c	405
neo-porte	s	405
spoken_flying_sweatdrops	g	405
taihou_(sweet_time_after_school)_(azur_lane)	c	405
too_many_birds	g	405
walking_away	g	405
yellow_bird	g	405
yuuki_chihiro	c	405
@fuuzasa	a	404
@kane-neko	a	404
@kuro_(be_ok)	a	404
@nagu	a	404
@norakura_(nr_kura)	a	404
@noya_makoto	a	404
@nyaa_(nnekoron)	a	404
@rokko	a	404
@sasucchi95	a	404
@yamaguchi_yuu	a	404
@yukimoto_shuuji_(gurigura)	a	404
aila_jyrkiainen	c	404
alakazam	c	404
aliza_(granblue_fantasy)	c	404
amane_kanata_(nurse)	c	404
ana_(overwatch)	c	404
blood_on_gloves	g	404
bounsweet	c	404
canaan_(series)	s	404
casca_(berserk)	c	404
cross_ange	s	404
edytha_rossmann	c	404
freija_crescent	c	404
fur-trimmed_mittens	g	404
giratina_(origin)	c	404
grenade_hair_ornament	g	404
k.s.miracle_(umamusume)	c	404
kanokon	s	404
kinagase_tsumugu	c	404
koganei_niko	c	404
little_mac	c	404
lucifer_(shingeki_no_bahamut)	c	404
merry_nightmare	c	404
no.21_(punishing:_gray_raven)	c	404
pages	g	404
plaid_kimono	g	404
presenting_ass	g	404
recycle_bin	g	404
single_vambrace	g	404
sun_wukong	c	404
transverse_flute	g	404
walther_wa_2000	g	404
yuitsuka_inori	c	404
@aoi_riko	a	403
@hataraki_ari	a	403
@hizakake	a	403
@iumi_urura	a	403
@momo_765	a	403
@momoji_(lobolobo2010)	a	403
@nagano_rira	a	403
@nofuture	a	403
@porqueloin	a	403
@raskasar	a	403
@rimuu	a	403
@saikawa_yusa	a	403
@serizawa_(serizawaroom)	a	403
@yana_mori	a	403
@yuizaki_kazuya	a	403
aragami_oga	c	403
arrow_in_body	g	403
aurea_juniper	c	403
cleaning_fellatio	g	403
clothes_in_front	g	403
cut-here_line	g	403
destroyer	g	403
door_handle	g	403
extra_hands	g	403
finger_gun_to_head	g	403
fur_sleeves	g	403
holding_drinking_straw	g	403
igarashi_rika	c	403
journey_to_the_west	s	403
machoke	c	403
niya_(blue_archive)	c	403
nyto_(girls'_frontline)	c	403
pocket_square	g	403
prosthetic_hand	g	403
purple_hands	g	403
rachel_gardner	c	403
rina_atherina	c	403
saber_(fate)_(cosplay)	g	403
saeki_kaori	c	403
shizuna_rem_misurugi	c	403
single_wide_sleeve	g	403
studio_microphone	g	403
surtr_(liberte_echec)_(arknights)	c	403
tamamo_(mon-musu_quest!)	c	403
wolf_link	c	403
yoshinon	c	403
@achromaru	a	402
@eggman_(pixiv28975023)	a	402
@kani_bonara	a	402
@mayura_(lucadia)	a	402
@mdthetest	a	402
@murakami_yuichi	a	402
@nishizawa	a	402
@oza_osuwari	a	402
@saburoo	a	402
@shironeko_yuuki	a	402
amillion_(zenless_zone_zero)	c	402
ayase_fuuka	c	402
blindfold_lift	g	402
dlanor_a._knox	c	402
dragonstone	g	402
ema_skye	c	402
empoleon	c	402
hikari_(arcaea)	c	402
kendou_itsuka	c	402
klee_(blossoming_starlight)_(genshin_impact)	c	402
koi_dance	g	402
manyuu_hikenchou	s	402
number_pun	g	402
nurse_witch_komugi-chan	s	402
rope_walking	g	402
sherlock_holmes_(fate)	c	402
shining_wind	s	402
sisters_~natsu_no_saigo_no_hi~	s	402
sturm_(granblue_fantasy)	c	402
tenshouin_eichi	c	402
@amino_(tn7135)	a	401
@kazepana	a	401
@kisaragi_tsurugi	a	401
@oro_(sumakaita)	a	401
@sun_iiinu	a	401
@tnr_(horiko1525)	a	401
@tomoshibi_hidekazu	a	401
@yomogi_(black-elf)	a	401
@yuzuki_gao	a	401
annerose_vajra	c	401
bepo	c	401
caption	g	401
chidori_kaname	c	401
cure_aqua	c	401
dark_samus	c	401
digicore	g	401
dildo_harness	g	401
falkner_(pokemon)	c	401
finger_to_tongue	g	401
flat_(company)	s	401
gatchaman	s	401
hamster_ears	g	401
hiiragi_shinoa	c	401
hydra	g	401
ichinose_minori	c	401
iwasawa_masami	c	401
kagurabachi	s	401
lavender_(flower)	g	401
matsuoka_gou	c	401
merchant_(ragnarok_online)	c	401
mitsugashira_enoko	c	401
regis_altare	c	401
shigino_mutsumi	c	401
t-head_trainer	g	401
wooden_ceiling	g	401
@ahenn	a	400
@ario	a	400
@hibioes	a	400
@isedaichi_ken	a	400
@kyokucho	a	400
@letdie1414	a	400
@lolicom	a	400
@mak066	a	400
@onoe	a	400
@puge	a	400
@shino_(ponjiyuusu)	a	400
@sorapoi	a	400
@togetoge	a	400
@tomoyuki_kotani	a	400
@watarase_piro	a	400
@yagami_(mukage)	a	400
amane_kanata_(1st_costume)	c	400
andou_ringo	c	400
bicycle_helmet	g	400
bladder	g	400
bluesky_logo	g	400
bready_(nikke)	c	400
crow_(gravity_daze)	c	400
cure_yell	c	400
escoffier_(genshin_impact)	c	400
gynoid	g	400
heroine_(dq4)	c	400
horaki_hikari	c	400
karen_(pokemon)	c	400
kirishima_romin	c	400
kobushi_abiru	c	400
kon_(bleach)	c	400
kouzuki_mahiru	c	400
low_poly	g	400
lucy_maria_misora	c	400
m14_(girls'_frontline)	c	400
on_swing	g	400
pony_play	g	400
roccia_(wuthering_waves)	c	400
sanada_yukimura_(sengoku_basara)	c	400
sequins	g	400
she-hulk	c	400
sina_(pokemon)	c	400
snow_leopard_ears	g	400
spiked_knuckles	g	400
takaramonozu	g	400
ump40_(girls'_frontline)	c	400
yat_anshin_uchuu_ryokou	s	400
yukikaze_kai_ni_(kancolle)	c	400
yuuhi_kurenai	c	400
@deel_(rkeg)	a	399
@ekita_kuro	a	399
@hata4564	a	399
@mabing	a	399
@marisasu_(marisa0904)	a	399
@ranma_(kamenrideroz)	a	399
@sameyama_jiro	a	399
@suwa_yasai	a	399
@tomatojam	a	399
@tsukikage_oyama	a	399
@yaruku	a	399
aina_(mao_lian)	c	399
aino_heart	c	399
animal_helmet	g	399
batgirl	c	399
black_pajamas	g	399
breasts_on_another's_back	g	399
ceres_fauna_(goth)	c	399
clock_hands	g	399
defy_(girls'_frontline)	c	399
ferdinand_von_aegir	c	399
fischl_(ein_immernachtstraum)_(genshin_impact)	c	399
flora_(fire_emblem)	c	399
helena_douglas	c	399
konoe_a._mercury	c	399
kujou_miyako	c	399
minori_(senran_kagura)	c	399
miyanaga_teru	c	399
nori_(hidamari_sketch)	c	399
ogawa_sumireko	c	399
ripple_star_queen	c	399
senya_(dq11)	c	399
seolla_schweizer	c	399
tsuchiya_(girls_und_panzer)	c	399
tsukuyomi_ai	c	399
white_raincoat	g	399
xblaze_code:_embryo	s	399
yami_sukehiro	c	399
@carlo_montie	a	398
@hazakura_hinata	a	398
@hoshi_(snacherubi)	a	398
@hyudora	a	398
@kevin.g.tuck	a	398
@kuragari	a	398
@kuwashima_rein	a	398
@musen-shiki_sanhankikan	a	398
@nababa	a	398
@negurie	a	398
@shishinon	a	398
@sw_(taco)	a	398
@takano_yuki_(allegro_mistic)	a	398
@takappe	a	398
@ueda_ryou	a	398
@yuki_(12cut)	a	398
ass_on_glass	g	398
black_jammers	g	398
borderlands_(series)	s	398
cave_(developer)	s	398
crystal_exarch	c	398
dynamax	g	398
gazer_(monster_girl_encyclopedia)	c	398
gladiator	g	398
kamishiro_rio	c	398
kazamaki_matsuri	c	398
kirara_fantasia	s	398
legend_clover	s	398
motherly_netorare	g	398
okamoto_condoms	g	398
pink_corset	g	398
queen's_blade_lost_worlds	g	398
richter_belmont	c	398
rosanna_(nikke)	c	398
sasasegawa_sasami	c	398
senjou_no_valkyria_3	s	398
shelly_(pokemon)	c	398
tenko_shibuki	c	398
wide_oval_eyes	g	398
yuigahama_yui's_mother	c	398
yukihira_souma	c	398
@akayama_yukihe	a	397
@centurii-chan_(artist)	a	397
@erica_(naze1940)	a	397
@hamedoragon	a	397
@kikuta	a	397
@kino_(kino_konomi)	a	397
@koboshi_no_niwa	a	397
@min_(myna8247)	a	397
@momofuki_rio	a	397
@mountain_han	a	397
@paddy_field	a	397
@razalor	a	397
@shishimaru_ken'ya	a	397
@yuran	a	397
akeno(itsnafulol)	c	397
angel_mort	g	397
clerk	g	397
cure_nyammy	c	397
danshi_koukousei_no_nichijou	s	397
diddy_kong	c	397
elona	s	397
for_adoption	g	397
gauze_on_knee	g	397
hibiscus_print	g	397
hinata_aki	c	397
holding_wallet	g	397
julia_(cowboy_bebop)	c	397
king_(playing_card)	g	397
kissing_hair	g	397
lens_flare_abuse	g	397
maruko_gaku	c	397
marvelous_sunday_(umamusume)	c	397
pink_armband	g	397
prostate	g	397
prushka	c	397
ribbon-trimmed_bow	g	397
rocket_raccoon	c	397
shiiko_sugai	c	397
stussy_(one_piece)	c	397
suzunari_shizuku	c	397
team_rocket_(cosplay)	g	397
tokyo_exe_girls	s	397
waist_bag	g	397
yubel	c	397
@ai-wa	a	396
@coubalty	a	396
@da-kuro	a	396
@darkuro_27	a	396
@diforland	a	396
@dokan_(dkn)	a	396
@haga_yui	a	396
@hwansang	a	396
@kamata_yuuya	a	396
@kekitopu	a	396
@kokuzou	a	396
@nai_ga	a	396
@renetan	a	396
@shirogane_hina	a	396
@silvertsuki	a	396
@toshizou_(0714)	a	396
@tsunashima_shirou	a	396
ae-3803	c	396
alphinaud_leveilleur	c	396
cain_highwind	c	396
caution	g	396
digimon_new_century	s	396
dusk_(everything_is_a_miracle)_(arknights)	c	396
ferret_girl	g	396
firefighter_jacket	g	396
grandfather_clock	g	396
hamidashi_creative	s	396
hand_around_waist	g	396
k-on!_movie	s	396
kyubimon	c	396
large_bulge	g	396
laundromat	g	396
lifting_covers	g	396
liquid_(company)	s	396
miyama_mizuki	c	396
morisawa_chiaki	c	396
pussy_focus	g	396
saitou_ena	c	396
samus_aran_(cosplay)	g	396
sitonai_(fate)	c	396
spire	g	396
steelix	c	396
sweety_(zenless_zone_zero)	c	396
victreebel	c	396
wagon	g	396
yamagami_karuta	c	396
@bowalia	a	395
@c.r.	a	395
@ikeda_yuuki	a	395
@koahri	a	395
@kobinbin	a	395
@kotoribako	a	395
@kurowana	a	395
@maromi_(am97)	a	395
@mikoto_akemi	a	395
@nikku_(ra)	a	395
@nksk	a	395
@onedoo	a	395
@peach11_01	a	395
@pocari66	a	395
@ricochet-gou	a	395
@tenobe	a	395
@tetsujin_momoko	a	395
@youkai_ankake	a	395
ansel_(arknights)	c	395
bili_girl_33	c	395
bread_bun	g	395
brown_hood	g	395
cerberus	c	395
coronavirus_pandemic	g	395
crownslayer_(arknights)	c	395
cum_on_testicles	g	395
cure_macaron	c	395
dog_(mixed_breed)_(kemono_friends)	c	395
friday_the_13th	s	395
game_screenshot	g	395
holding_gourd	g	395
jedi	g	395
lonely	g	395
mage_(dq3)	c	395
morpeko_(hangry)	c	395
nagi_seishirou	c	395
nidalee	c	395
our_life:_beginnings_and_always	s	395
outlaw_star	s	395
pitching	g	395
ribbon_legwear	g	395
shower_curtain	g	395
wolf_o'donnell	c	395
yan_vismok	c	395
@afunai	a	394
@goomrrat	a	394
@gotou_hisashi	a	394
@hai_ookami	a	394
@hakkasame	a	394
@kinfuji	a	394
@kurojiya	a	394
@melaton	a	394
@minami_koyogi	a	394
@nosuku	a	394
@rascal_(feuille)	a	394
@taiki_(6240taiki)	a	394
afk_(series)	s	394
aihara_mei	c	394
borrowed_hairstyle	g	394
celtic_knot	g	394
cleaning_brush	g	394
color_contrast	g	394
dog_hood	g	394
dragonfly_wings	g	394
exit_sign	g	394
frog_costume	g	394
fur-trimmed_pants	g	394
giraffe_horns	g	394
goalkeeper	g	394
hakamada_hinata	c	394
holding_ring	g	394
little_ica_(honkai:_star_rail)	c	394
mass_production_eva	c	394
mega_man_x:_command_mission	s	394
minos_(jashin-chan_dropkick)	c	394
nessie_(respawn)	c	394
off-shoulder_leotard	g	394
ogami_sakura	c	394
oogami_sachi	c	394
sakura_mochi	g	394
sharpedo	c	394
shoshinsha_mark	g	394
shuuniichido_classmate_wo_kau_hanashi	s	394
sora_yori_mo_tooi_basho	s	394
tongue_tattoo	g	394
transformers_prime	s	394
uruha_rushia_(school_uniform)	c	394
victorious_(azur_lane)	c	394
yamato_(sword)	g	394
@asterisk_kome	a	393
@butcherboy	a	393
@ech	a	393
@haruichi_(komikal)	a	393
@hdkg	a	393
@kawagoe_pochi	a	393
@kienbiu	a	393
@kiriyama_taichi	a	393
@mashima_shima	a	393
@mile_(off8mile)	a	393
@nekopuchi	a	393
@picter	a	393
@q_azieru	a	393
@sakurame	a	393
@shinmon_akika	a	393
@tyone	a	393
axel_syrios	c	393
bad_arm	g	393
binder	g	393
brown_scrunchie	g	393
bucket_of_water	g	393
cara_the_blood_lord	s	393
complets	s	393
dismemberment	g	393
ecchi_na_bunny-san_wa_kirai?	s	393
goshiki_agiri	c	393
gravity_daze_2	s	393
holding_tennis_racket	g	393
imitating	g	393
implied_incest	g	393
kagamine_rin_(cosplay)	g	393
kamen_rider_ex-aid_(series)	s	393
konpeitou	g	393
melting_popsicle	g	393
necktie_in_mouth	g	393
pandoria_(xenoblade)	c	393
pc-98_(style)	g	393
peach_hair_ornament	g	393
rolling_bubbles	c	393
sabitsuki	c	393
saemonza_(girls_und_panzer)	c	393
saionji_mary	c	393
sakuna-hime	c	393
sakura_taisen_v	s	393
scorpion	g	393
slytherin	g	393
super_mario_bros._wonder	s	393
the_incredibles	s	393
two-tone_shoes	g	393
unicorn_horn	g	393
yune_(fire_emblem)	c	393
@baku-p	a	392
@batako_(batakoart)	a	392
@ebonyxh	a	392
@gyouza_(mhea5724)	a	392
@hebitsukai-san	a	392
@hxd	a	392
@jirou_(chekoro)	a	392
@kokukyukeo	a	392
@lusterise	a	392
@nagayama_yuunon	a	392
@nephlite	a	392
@orenji_(wholesomeorenji)	a	392
@reinama	a	392
@someoka_yusura	a	392
@unacchi_(nyusankin)	a	392
artoria_caster_(third_ascension)_(fate)	c	392
bloodstained:_ritual_of_the_night	s	392
blue_mask	g	392
charmeleon	c	392
check_clothing	m	392
coppelion	s	392
ekko_(league_of_legends)	c	392
firo_(tate_no_yuusha_no_nariagari)	c	392
giratina_(altered)	c	392
girl_cafe_gun	s	392
heart_stickers	g	392
hero_(dq4)	c	392
horkeu_kamui	c	392
in_bag	g	392
kurama_(yu_yu_hakusho)	c	392
north_carolina_(azur_lane)	c	392
o-ring_dress	g	392
peke	c	392
penguin_logistics_logo	g	392
sakae_general_school_uniform	g	392
yukino_bijin_(umamusume)	c	392
@aarokira	a	391
@aga_marino	a	391
@arcie_albano	a	391
@atelier_bono	a	391
@c.cu	a	391
@daito	a	391
@hendra	a	391
@himuro_shunsuke	a	391
@hoppege	a	391
@imai_kazunari	a	391
@j-kisarazu	a	391
@junpaku_karen	a	391
@momozu_komamochi	a	391
@pudding_(skymint_028)	a	391
@rob_ishi	a	391
@sakiryo_kanna	a	391
@salmon88	a	391
@sevie	a	391
@spicy_bardo	a	391
@tansuke	a	391
alcryst_(fire_emblem)	c	391
android_17	c	391
baby_5	c	391
bridge_piercing	g	391
chiester_sisters	c	391
cobra_(animal)	g	391
dark_souls_ii	s	391
darkest_dungeon	s	391
faceoff	g	391
fin_e_ld_si_laffinty	c	391
frilled_coat	g	391
fuwa_fuwa_cinnamoroll	s	391
heero_yuy	c	391
highway	g	391
hiwatashi_nazuna	c	391
impossible_hair	g	391
karenina_(punishing:_gray_raven)	c	391
meira_(touhou)	c	391
mikagura_mirei	c	391
minato_aqua_(school_uniform)	c	391
monster_hunter_frontier	s	391
nut_(food)	g	391
ovipositor	g	391
penis_sheath	g	391
powered_buttercup	c	391
public_masturbation	g	391
rumi_(kpop_demon_hunters)	c	391
sage_(sonic)	c	391
scaffolding	g	391
seaplane	g	391
star_butterfly	c	391
teardrop-framed_glasses	g	391
wakasa_yuuri	c	391
windsong_(reverse:1999)	c	391
@black_beat	a	390
@fengmo	a	390
@hirasawa_seiji	a	390
@ichirugi	a	390
@kotobuki_tsukasa	a	390
@minatsuki_randoseru	a	390
@mizukoshi_(marumi)	a	390
@moshimoshibe	a	390
@nanashin_naomi	a	390
@neve_(morris-minicooper)	a	390
@robaco	a	390
@sana_(kerarino)	a	390
@sohin	a	390
@yuuge_(hangoban)	a	390
22/7_ongaku_no_jikan	s	390
albert_wesker	c	390
bandaged_torso	g	390
blanka	c	390
breathing	g	390
chain_paradox	s	390
compile	s	390
credit_card	g	390
forbidden_scrollery	s	390
gold_gloves	g	390
grey_pubic_hair	g	390
hanami_kotoha	c	390
holding_tongs	g	390
jeanne_d'arc_alter_(avenger)_(first_ascension)_(fate)	c	390
kubo_tite_(style)	g	390
liru	c	390
may_(pokemon_emerald)	c	390
musharna	c	390
musical_staff_print	g	390
narmaya_(summer)_(granblue_fantasy)	c	390
nijou_noriko	c	390
nude_modeling	g	390
sarutobi_konohamaru	c	390
satomi_touka	c	390
serafall_leviathan	c	390
servant_(danganronpa)	c	390
silhouette_demon	g	390
star_bracelet	g	390
suzumi_(blue_archive)	c	390
table_tennis	g	390
tanemura_koyori	c	390
the_king_of_fighters_xiii	s	390
united_kingdom	g	390
wolfrun	c	390
wonder_egg_priority	s	390
yellow_slingshot_swimsuit	g	390
yukoku_roberu	c	390
@ankkoyom	a	389
@gishu	a	389
@gray_impact	a	389
@green322	a	389
@inunoko.	a	389
@kakeru_(dbskakeru)	a	389
@kanade_(kanade_3344)	a	389
@kemuri_haku	a	389
@kuro_yuzu	a	389
@maruro	a	389
@mimizuki90	a	389
@nonaka_ritsu	a	389
@sakakiba_misogi	a	389
@shinmai_(kyata)	a	389
@solar_(happymonk)	a	389
@takeda_yukimura	a	389
@tamanegiya	a	389
@tomite	a	389
@unadon	a	389
@yoye_(pastel_white)	a	389
ash_(titanfall_2)	c	389
butterfly_necklace	g	389
chupa_chups	s	389
cuisses	g	389
fine_(futagohime)	c	389
grandmother_and_granddaughter	g	389
holding_case	g	389
implied_handjob	g	389
jasmine_(disney)	c	389
juuni_kokuki	s	389
klonoa	c	389
manga_time_kirara	s	389
marta_lualdi	c	389
multicolored_sleeves	g	389
nipple_biting	g	389
omamori	g	389
ooba_minori	c	389
pastry_box	g	389
percival_(granblue_fantasy)	c	389
playstation_5	g	389
reeds	g	389
rivalry	g	389
rosetta_(granblue_fantasy)	c	389
sagan_(skullgirls)	c	389
sonic_the_hedgehog_(archie_comics)	s	389
tachibana_momoka	c	389
tentacle_in_mouth	g	389
toriko_(series)	s	389
valentino_(hazbin_hotel)	c	389
zygarde	c	389
@akane_souichi	a	388
@aki_(broccoli-t)	a	388
@ao_usagi	a	388
@beleven	a	388
@bittercream	a	388
@borusen	a	388
@kaoming	a	388
@keita_(tundereyuina)	a	388
@lucknight	a	388
@namazu_(yamasonson)	a	388
@ochinsama	a	388
@shimano_natsume	a	388
@shiming_liangjing	a	388
@steve_chopz	a	388
@tanuki_gakuen	a	388
@tokita_monta	a	388
@vivo_(vivo_sun_0222)	a	388
@yokoshima_(euphoria)	a	388
@yuuyu_(777)	a	388
@zawameki	a	388
amagi_hiiro	c	388
ankh_necklace	g	388
asagami_fujino	c	388
bakugan	s	388
carmen_(project_moon)	c	388
chris_(konosuba)	c	388
dragoon_(final_fantasy)	c	388
fujimaru_ritsuka_(female)_(brilliant_summer)	c	388
hardboiled_egg	g	388
henya_the_genius	c	388
houjou_karen	c	388
kiddy_grade	s	388
kuriboh	c	388
luocha_(honkai:_star_rail)	c	388
motoori_shiro	c	388
reina_prowler	c	388
scolding	g	388
sheet_ghost	g	388
short_sideburns	g	388
sports_utility_vehicle	g	388
summoner_(ragnarok_online)	c	388
takamine_takane	c	388
tamatsukuri_misumaru	c	388
terminator_(series)	s	388
ushiromiya_eva	c	388
yua_serufu	c	388
@akino_ell	a	387
@amano_mitsurugi	a	387
@fyuo	a	387
@harihisa	a	387
@hominamia	a	387
@inoue_takuya_(tactactak)	a	387
@iury_padilha	a	387
@mantan	a	387
@mofuringu	a	387
@nannung	a	387
@nyabeyo	a	387
@raku_soukutsu	a	387
@rat_huang	a	387
@rejean_dubois	a	387
@shiren_(ourboy83)	a	387
@takase_muh	a	387
@uousa-ou	a	387
aerial_battle	g	387
airport	g	387
armored_core_4	s	387
ball_bra	g	387
capybara	g	387
display_case	g	387
fushimi_gaku	c	387
grasshopper	g	387
haaton_(akai_haato)	c	387
kinoshita_hinata	c	387
kiryuu_moeka	c	387
larva_tiamat_(fate)	c	387
lilith_aensland_(cosplay)	g	387
lisa_hamilton	c	387
mauser_c96	g	387
mini_dragon	g	387
onsoku_no_sonic	c	387
reinhardt_(overwatch)	c	387
salazzle	c	387
shiratama_mikan	c	387
shy_(character)	c	387
standing_on_object	g	387
sunny_side_up_egg	g	387
takeya_yuki	c	387
tatsunoko_production	s	387
tomari_mari	c	387
tool_belt	g	387
twin_angel	s	387
waku_waku_7	s	387
@74	a	386
@ayuayu_(shouyu_no_sato)	a	386
@ikelag	a	386
@inuzumi_masaki	a	386
@kaidou_zx	a	386
@leviathan_(hikinito0902)	a	386
@michihasu	a	386
@radishkek	a	386
@reiq	a	386
@sakazaki_freddy	a	386
@sakura_romako	a	386
@santa_matsuri	a	386
@scarlet_(wv0102)	a	386
@tadano_akira	a	386
aircraft_carrier_princess	c	386
allen_avadonia	c	386
angelic_layer	s	386
azure_striker_gunvolt_2	s	386
butterfly_choker	g	386
calling	g	386
card_game	g	386
ceo_(fap_ceo)	c	386
chaika_trabant	c	386
chibikemo	g	386
crinoline	g	386
daybit_sem_void	c	386
erio_mondial	c	386
frustrated	g	386
gabi_braun	c	386
giselle_gewelle	c	386
heavy	g	386
jailbird_(nerissa_ravencroft)	c	386
kikunojo_(one_piece)	c	386
kurumi_(blue_archive)	c	386
large_ribbon	g	386
lying_pov	g	386
mammon_(umineko)	c	386
manaria_friends	s	386
mini_flag	g	386
panette_(fire_emblem)	c	386
presea_combatir	c	386
sakurako_(idol)_(blue_archive)	c	386
samsung	s	386
saratoga_(azur_lane)	c	386
silver_bikini	g	386
sitting_on_tree_stump	g	386
soleil_(fire_emblem)	c	386
talkex	s	386
tangela	c	386
uchuu_patrol_luluco	s	386
uneven_bangs	g	386
vittorio_veneto_(azur_lane)	c	386
white_horse	g	386
@armadillo-tokage	a	385
@chorefuji	a	385
@easy_(aqk7bdqt)	a	385
@fenyon	a	385
@itohana	a	385
@kanola_u	a	385
@kawachi_koorogi	a	385
@limebreaker	a	385
@motomiya_mitsuki	a	385
@mutsumi_masato	a	385
@nonoyama	a	385
@rioka_(southern_blue_sky)	a	385
@salt_(salty)	a	385
@shigure_ui	a	385
@studiozombie	a	385
@takimoto_dojo	a	385
@torigoe_takumi	a	385
@wangxiii	a	385
@y.ssanoha	a	385
ariane_yeong	c	385
bomber	g	385
camel	g	385
diamond_clan_outfit	g	385
duramente_(umamusume)	c	385
encasement	g	385
famicom	g	385
hand_on_own_breast	g	385
helena_(kancolle)	c	385
holding_shuriken	g	385
kitchen_dragonmaid	c	385
last_exile	s	385
loremaster_(helltaker)	c	385
lysandre_(pokemon)	c	385
male_priest_(dungeon_and_fighter)	c	385
miki_sayaka_(magical_girl)	c	385
monarch_(azur_lane)	c	385
otome_game_sekai_wa_mob_ni_kibishii_sekai_desu	s	385
ourai_no_gahkthun	s	385
pepe_(arknights)	c	385
print_eyepatch	g	385
pterosaur	g	385
rattata	c	385
rear-view_mirror	g	385
rizu-kyun	c	385
sakuma_rei_(ensemble_stars!)	c	385
saliva_swap	g	385
scarle_yonaguni	c	385
seahorse	g	385
suna_no_wakusei_(vocaloid)	s	385
taco	g	385
tekken_5_(dark_resurrection)	s	385
the_lord_of_the_rings	s	385
trianne_(honkai:_star_rail)	c	385
ueno-san_wa_bukiyou	s	385
@ankoku_emu_shougun	a	384
@ddal	a	384
@doradorakingyo	a	384
@ebimomo	a	384
@fujishima-sei_ichi-gou	a	384
@fuumi_(radial_engine)	a	384
@hiyuu_(hiyualice)	a	384
@hyakuhachi_(over3)	a	384
@jaku_sono	a	384
@kim_eb	a	384
@kodamari	a	384
@nishimura_kinu	a	384
@rindou_(p41neko)	a	384
@rokkotsu	a	384
@saito_katuo	a	384
@sengoku_chidori	a	384
@takahashi_tetsuya	a	384
@takecha	a	384
@tenjou_ryuka	a	384
@toho10min	a	384
@trubka	a	384
@usoneko	a	384
agarest_senki_(series)	s	384
agnimon	c	384
armless_amputee	g	384
arulumaya	c	384
atelier_escha_&_logy	s	384
cliffheart_(arknights)	c	384
cutemon	c	384
doppelganger	g	384
ear_insertion	g	384
elis_(touhou)	c	384
eversoul	s	384
funny_valentine	c	384
ishizu_ishtar	c	384
kasen_kanesada	c	384
kishido_temma	c	384
looking_at_creature	g	384
mickey_mouse_ears	g	384
mononoke	s	384
murakami_fumio	c	384
nikaidou_(dorohedoro)	c	384
ohishi_izumi	c	384
overhead_line	g	384
sakimiya_iruka	c	384
shin_sakura_taisen	s	384
sideboob_cutout	g	384
single_arm_guard	g	384
van_arkride	c	384
x_navel	g	384
@1=2	a	383
@ah-lyong_lee	a	383
@arsenixc	a	383
@cierra_(ra-bit)	a	383
@kazari_tayu	a	383
@maru_ccy	a	383
@okayado	a	383
@polyle	a	383
@rerrere	a	383
@sasaki_akira_(ugc)	a	383
@shinomu_(cinomoon)	a	383
@wamudraws	a	383
arche_klein	c	383
bewear	c	383
black_cat_(marvel)	c	383
blurry_edges	g	383
bokoblin	c	383
bunk_bed	g	383
checkered_headwear	g	383
collar_x_malice	s	383
d;	g	383
de_ruyter_(kancolle)	c	383
ensemble_girls!	s	383
fake_beard	g	383
gary_oak	c	383
goblin_slayer	c	383
grey_leggings	g	383
hulk	c	383
jacques_de_molay_(foreigner)_(fate)	c	383
jia_xichun_(project_moon)	c	383
kirishima_ikuya	c	383
klavier_gavin	c	383
kumo_desu_ga_nani_ka?	s	383
orange_butterfly	g	383
orange_tabard	g	383
originium_(arknights)	g	383
pantsing	g	383
paw-shaped_pupils	g	383
pile_of_books	g	383
ray_(aotu_world)	c	383
sekishiro_mico	c	383
shimizu_kiyoko	c	383
shirakami_fubuki_(fubukitek)	c	383
single_sode	g	383
straw_doll	g	383
sun_glare	g	383
tamura_manami	c	383
tim_drake	c	383
wolfgang_amadeus_mozart_(fate)	c	383
yana_(chihuri)	c	383
yumekawa_yui	c	383
@abenattou	a	382
@fizintine	a	382
@fukuda_tomonori	a	382
@gero_zoukin	a	382
@hirai_yuzuki	a	382
@kageshio_(276006)	a	382
@mm_(mm_chair)	a	382
@moketa	a	382
@namidame	a	382
@nekominase	a	382
@t_k_g	a	382
alternate_height	g	382
anne_boonchuy	c	382
dark_sky	g	382
fainting	g	382
fighter_(7th_dragon)	c	382
flannel	g	382
gen_9_pokemon	g	382
hatsune_miku_(vocaloid4)	c	382
jessica_(reverse:1999)	c	382
kakuzu_(naruto)	c	382
leaf_censor	g	382
leoparde_(mahou_shoujo_ni_akogarete)	c	382
marciana_(nikke)	c	382
marina_ismail	c	382
mirage_(apex_legends)	c	382
nemophila_(flower)	g	382
paladin	g	382
qi_lolita	g	382
quintuplets	g	382
rana_(queen's_blade)	c	382
rance	c	382
rope_around_neck	g	382
sawamura_daichi	c	382
silence_glaive	g	382
snow_leopard_tail	g	382
thistle_(dungeon_meshi)	c	382
torn_ribbon	g	382
unleashed	s	382
winx_club	s	382
zeke_von_genbu_(xenoblade)	c	382
@felipe_godoy	a	381
@gaou_(babel)	a	381
@minamimachi_naname	a	381
@nimura_yuuji	a	381
@ningen_(ningen96)	a	381
@observerz	a	381
@pot-de	a	381
@rakugakiraid	a	381
@ripu_(lipi)	a	381
@sowel_(sk3)	a	381
@straw_(yokubou_hiroba)	a	381
@suerte	a	381
@tata_(tataice)	a	381
@tekehiro	a	381
@tengu_(tetuo_kun)	a	381
@tft_(tft7822)	a	381
@yuguraniru	a	381
alpha_pokemon	g	381
angel_(evangelion)	c	381
artem_wing_(tears_of_themis)	c	381
black_bonnet	g	381
brand_of_the_exalt	g	381
ceruledge	c	381
curse_maker	c	381
double_cheese_(mcdonald's)	c	381
email_address	g	381
exs-tia	c	381
grasshopper_manufacture	s	381
guillotine_cross_(ragnarok_online)	c	381
gulusgammamon	c	381
higekiri_(touken_ranbu)	c	381
husband_and_husband	g	381
in_locker	g	381
kaneda_shoutarou_(akira)	c	381
kitami_reika	c	381
kyokugen_dasshutsu	s	381
lampent	c	381
m1903_springfield	g	381
misora_(princess_connect!)	c	381
mitsuki_felicia	c	381
multicolored_bowtie	g	381
pokemon_on_arm	g	381
sengoku_taisen	s	381
suou_mikoto_(school_rumble)	c	381
template	g	381
tsukimi_eiko	c	381
urinal_use	g	381
vespa	s	381
yuzuki_roa	c	381
@airisubaka	a	380
@fujishima_shinnosuke	a	380
@hideko_(l33l3b)	a	380
@ikemen'na_ore-shi	a	380
@jan_(lightdragoon)	a	380
@jinguu_(4839ms)	a	380
@keyaki_chimaki	a	380
@man_(man-room)	a	380
@metagraft	a	380
@mizuki_(koko_lost)	a	380
@sazamiso_rx	a	380
@sub-res	a	380
@yu_3	a	380
akershus_fortress_(oshiro_project)	c	380
ar_tonelico_i	s	380
buckler	g	380
cigarette_butt	g	380
city_hunter	s	380
frederica_baumann	c	380
fukiyose_seiri	c	380
heroic_spirit_festival_outfit	g	380
hisaishi_kanade	c	380
holding_shell	g	380
kaya_(blue_archive)	c	380
lucemon	c	380
masamune-kun_no_revenge	s	380
meika_mikoto	c	380
misako_(kunio-kun)	c	380
oomiya_shinobu	c	380
open-toe_shoes	g	380
otter_spirit_(touhou)	c	380
philena_ivy	c	380
pink_nightgown	g	380
ring-con	g	380
sakura_miko_(casual)	c	380
sakurakoji_kinako	c	380
shennong_(housamo)	c	380
shield_module	g	380
shinra_infantry_uniform	g	380
shirogane_kei	c	380
sistermon_ciel	c	380
toy_block	g	380
velma_dace_dinkley	c	380
yamato_kai_ni_(kancolle)	c	380
@1041_(toshikazu)	a	379
@edoya_inuhachi	a	379
@guilegaze	a	379
@hanazawa_suou	a	379
@inoue_takuya	a	379
@kakiko210	a	379
@kinako_(shiratama_mochi)	a	379
@kita_(kitairoha)	a	379
@lakilolom	a	379
@naitou_kouse	a	379
@papino	a	379
@q_(ed69)	a	379
@risui_(suzu_rks)	a	379
@tokyogenso	a	379
@toshinoshin	a	379
@wataboku	a	379
abukuma_kai_ni_(kancolle)	c	379
adoptable	g	379
argenti_(honkai:_star_rail)	c	379
augustine_sycamore	c	379
bkub_(style)	g	379
cure_whip	c	379
galarian_ponyta	c	379
golf	g	379
harada_mutei	c	379
holding_own_foot	g	379
lucy_(elfen_lied)	c	379
maeda_toushirou	c	379
minette_(skullgirls)	c	379
misono_kirika	c	379
mitsumine_mashiro	c	379
natsuiro_matsuri_(matsuri's_day_off)	c	379
pink_buruma	g	379
print_hat	g	379
roman_clothes	g	379
romeo_to_cinderella_(vocaloid)	s	379
scuba	g	379
star_wars:_the_clone_wars	s	379
tapir	g	379
threo_(granblue_fantasy)	c	379
ukinami_yuzuha_(tanuki_in_broad_daylight)	c	379
velvet_scarlatina	c	379
white_car	g	379
yin_yang_hair_ornament	g	379
yukikaze_(azur_lane)	c	379
@aikei_ake	a	378
@arisaka_ako	a	378
@chalseu	a	378
@doroshe_(sdpw8474)	a	378
@garnet	a	378
@hitowa	a	378
@kiyomin	a	378
@oukawa_yuu	a	378
@pisagi	a	378
@senji_(tegone_spike)	a	378
@yotsumi_shiro	a	378
aristocratic_clothes	g	378
aroused_nosebleed	g	378
bard	g	378
black_mittens	g	378
bound_penis	g	378
bural_chingu	s	378
fengxi_(the_legend_of_luoxiaohei)	c	378
flying_saucer	g	378
freckles_on_ass	g	378
gotoh_futari	c	378
gunpod	g	378
hairstyle_request	m	378
haku_(p&d)	c	378
holding_anchor	g	378
hulkenberg_(metaphor:_refantazio)	c	378
kagurazaka_saya	c	378
kirby:_planet_robobot	s	378
kotona_elegance	c	378
marl_kingdom	s	378
melusine_(second_ascension)_(fate)	c	378
netsu_ijou_(utau)	s	378
nier_reincarnation	s	378
on_rooftop	g	378
open_towel	g	378
ortlinde_(fate)	c	378
poi	g	378
quiet_(metal_gear)	c	378
sanaki_kirsch_altina	c	378
shiny_footwear	g	378
shu_(spring_feast)_(arknights)	c	378
tekken_2	s	378
tosaki_mimi	c	378
unusually_visible	g	378
v4x	g	378
walkman	s	378
yellow_brooch	g	378
yu_mei-ren_(swimsuit_lancer)_(fate)	c	378
yuegui_(genshin_impact)	c	378
@akaga_hirotaka	a	377
@aki_(akikaze_asparagus)	a	377
@bakugadou	a	377
@blue_borscht	a	377
@choujiroo	a	377
@efreezerarts	a	377
@eiri_(eirri)	a	377
@jndfh	a	377
@ken_(shutenndouji1)	a	377
@kesoshirou	a	377
@kurono_yuzuko	a	377
@matsumoto_tomoyohi	a	377
@meziosaur	a	377
@mishima_hiroji	a	377
@miyai_sen	a	377
@nonono_(mino)	a	377
@sasa_onigiri	a	377
@sirachi	a	377
@solokitsune	a	377
@yu_65026	a	377
architect_(girls'_frontline)	c	377
astolfo_(memories_at_trifas)_(fate)	c	377
baking_sheet	g	377
black_sun	g	377
black_tunic	g	377
company_logo	g	377
giant_snake	g	377
gold_dress	g	377
gold_leotard	g	377
hazuki_(tsukuyomi)	c	377
holding_screwdriver	g	377
kahili_(pokemon)	c	377
lcl	g	377
li_sushang	c	377
marguerite_(one_piece)	c	377
michael_roa_valdamjong	c	377
otonashi_haruna	c	377
space_yoko	c	377
super_mario_strikers	s	377
to_heart_2_ad	s	377
zuifeng_tenkai	c	377
@devilhs	a	376
@fakeryway	a	376
@gekkou_(geccomajin)	a	376
@haku89	a	376
@hal_(goshujinomocha)	a	376
@hama!_(3toshinhmkz)	a	376
@maett	a	376
@mawaifu	a	376
@mosako	a	376
@okame_nin	a	376
@shiroshisu	a	376
@sparrowl	a	376
@tanaka_shoutarou	a	376
@vivi_(eve_no_hakoniwa)	a	376
@yoshiwa_tomo	a	376
arashio_kai_ni_(kancolle)	c	376
betamon	c	376
c_(control)	s	376
charging_device	g	376
cidney_aurum	c	376
double_finger_gun	g	376
double_middle_finger	g	376
hizamaru_(touken_ranbu)	c	376
james_buchanan_barnes	c	376
kana_(female)_(fire_emblem)	c	376
kokomine_cocona	c	376
konoe_konoka	c	376
lace-trimmed_bow	g	376
lao_jiu	c	376
latex_pants	g	376
mobile_trace_suit	g	376
narusegawa_naru	c	376
ookami_mio_(hololive_summer_2019)	c	376
s.a.t.8_(girls'_frontline)	c	376
samsung_sam	c	376
seki_hiromi	c	376
space_ereshkigal_(first_ascension)_(fate)	c	376
spider_tattoo	g	376
spiked_ball_and_chain	g	376
tatebayashi_sakurako	c	376
uchuu_no_stellvia	s	376
uehara_shikanosuke	c	376
weibo_id	g	376
yostar	s	376
ys_viii_lacrimosa_of_dana	s	376
zero_two_(kirby)	c	376
@allenes	a	375
@arind_yudha	a	375
@ayakumo	a	375
@conto	a	375
@cpt.tester_works	a	375
@curakuru	a	375
@dismassd	a	375
@hormone_koijirou	a	375
@ibaraki_natou	a	375
@in_(ain)	a	375
@kazukoto	a	375
@nekonyan	a	375
@okumari	a	375
@racer_(magnet)	a	375
@ryu_(ryu's_form_site)	a	375
@saya_(mychristian2)	a	375
@yuusuke-kun	a	375
aether_foundation_employee_(female)	c	375
aoshidan_school_uniform	g	375
argyle_pantyhose	g	375
atri	c	375
avatar_(mabinogi)	c	375
bandages_over_clothes	g	375
blueprint_(object)	g	375
castlevania:_rondo_of_blood	s	375
corviknight	c	375
cure_lemonade	c	375
dressrosa	g	375
dusknoir	c	375
etie_(fire_emblem)	c	375
fruit_tart	g	375
gold_anklet	g	375
holding_doughnut	g	375
jean_(sea_breeze_dandelion)_(genshin_impact)	c	375
kryptonian	g	375
lycanroc_(midnight)	c	375
michigami_nareko	c	375
mitty_(made_in_abyss)	c	375
mrs._snake_(fate)	c	375
night_vision_device	g	375
ninin_ga_shinobuden	s	375
ofanimon	c	375
plaid_sailor_collar	g	375
pokedex	g	375
roberta_(black_lagoon)	c	375
sakuragi_matsuri	c	375
sessyoin_kiara_(swimsuit_mooncancer)_(second_ascension)	c	375
silica_(sao-alo)	c	375
slav_squatting	g	375
smoke_grenade	g	375
sweeping	g	375
tekken_tag_tournament	s	375
the_legend_of_zelda:_spirit_tracks	s	375
vanessa_enoteca	c	375
vyn_richter_(tears_of_themis)	c	375
wartortle	c	375
wreck-it_ralph	s	375
@artsheops	a	374
@asuzemu	a	374
@ayul_(ayulneri_92)	a	374
@brikot	a	374
@chiro_(youkai_tamanokoshi)	a	374
@coldcat.	a	374
@h2o_(ddks2923)	a	374
@haseru_(ginku_mh)	a	374
@jouzaburou_(joe3)	a	374
@kansou_samehada	a	374
@maruma_(maruma_gic)	a	374
@nonamejd	a	374
@puuakachan	a	374
@remsor076	a	374
@sakiyo_cake	a	374
@sakura_no_tomoru_hi_e	a	374
@sesield	a	374
@suiso_(owp)	a	374
aizawa_kazuha	c	374
akita_toushirou	c	374
anne_bonny_(fate)	c	374
atlurkabuterimon	c	374
braided_beard	g	374
burnin_(boku_no_hero_academia)	c	374
cold_pack	g	374
colored_pencil	g	374
dart	g	374
heart_on_cheek	g	374
heather_mason	c	374
holding_boxcutter	g	374
holding_detached_head	g	374
lois_lane	c	374
maryland_(kancolle)	c	374
misaki_akeno	c	374
miyagi_ryouta	c	374
nidoking	c	374
open_cloak	g	374
reference_photo	m	374
ribbed_panties	g	374
samurai_champloo	s	374
sign_around_neck	g	374
sneer	g	374
snowball_fight	g	374
super_saiyan_rose	g	374
tokyo_big_sight	s	374
toy_gun	g	374
trinnon_(honkai:_star_rail)	c	374
urd_(aa_megami-sama)	c	374
valkyrie_no_densetsu	s	374
zombie_fairy_(touhou)	c	374
@anisdrawn	a	373
@aoba_(smartbeat)	a	373
@chabo_(fuketsudan)	a	373
@ero_kaeru	a	373
@k10k	a	373
@kizaki_yuuri	a	373
@lds_(dstwins97)	a	373
@matsurika_youko	a	373
@nvl	a	373
@sasahara_wakaba	a	373
@sorimura_youji	a	373
@terupancake	a	373
@yuasan	a	373
alisa_boskonovich	c	373
commander_shepard	c	373
cow_hat	g	373
diabolik_lovers	s	373
dragon_costume	g	373
enderman	c	373
hamuzou	c	373
ice_cream_spoon	g	373
isayama_yomi	c	373
komari_chika	c	373
kuramon	c	373
male_pregnancy	g	373
mochi_trail	g	373
moe_(phrase)	g	373
monado	g	373
multiple_weapons	g	373
nanami_lucia	c	373
okita_j._souji_(first_ascension)_(fate)	c	373
pet_walking	g	373
red_mage	c	373
shellder	c	373
shenhe_(frostflower_dew)_(genshin_impact)	c	373
souchou	c	373
striped_leotard	g	373
tsuki_possession	s	373
yuri_petrov	c	373
@ahegao8	a	372
@bitseon	a	372
@camui1104	a	372
@dearonnus	a	372
@hakaba_(dairiseki)	a	372
@ibuo_(ibukht1015)	a	372
@k_mugura	a	372
@kamia_(not_found)	a	372
@kiritoma	a	372
@kurenaiz_(kuayrenaiz)	a	372
@michibata_65	a	372
@oirin	a	372
@prat_rat	a	372
@sana_(37pisana)	a	372
@stanley_lau	a	372
alexander_(fate)	c	372
barrett_m82	g	372
bloodhound_(apex_legends)	c	372
champion_(ragnarok_online)	c	372
cure_mint	c	372
death_the_kid	c	372
furisode_sleeves	g	372
grey_rose	g	372
hoshirube_sho	c	372
incense_burner	g	372
kawashima_mizuki	c	372
lina_davis	c	372
lordknightmon	c	372
lumen_(gunvolt)	c	372
panther	g	372
pebble_(koseki_bijou)	c	372
power_fist	g	372
purrloin	c	372
sasahara_nonoka	c	372
severed_hand	g	372
suzuran_(yukibare)_(arknights)	c	372
tachimukai_yuuki	c	372
trinity_seven	s	372
ursula_hartmann	c	372
virtual_on	s	372
@agetama	a	371
@ama0805	a	371
@asa_(coco)	a	371
@asatsuki_(fgfff)	a	371
@dancho_(dancyo)	a	371
@danimaru	a	371
@feiyu30903448	a	371
@gorilla_(bun0615)	a	371
@jarckius	a	371
@kotosanomaa	a	371
@kuroda_akimi	a	371
@mike_inel	a	371
@mutsu_(layergreen)	a	371
@nakaaki_masashi	a	371
@nucomas	a	371
@popon_ta	a	371
@safi	a	371
@uno_ryoku	a	371
@ushiyama_ame	a	371
bikini_briefs	g	371
brown_tunic	g	371
chinstrap_beard	g	371
crossed_wrists	g	371
durandal_(umamusume)	c	371
fried_egg_on_toast	g	371
gradient_necktie	g	371
hazmat_suit	g	371
holding_trophy	g	371
kuroe_shizuku	c	371
milk_(yes!_precure_5)	c	371
miyagi_shiori	c	371
nohara_misae	c	371
prince_of_samantoria	c	371
princess_principal_game_of_mission	s	371
red_soles	g	371
risty_(queen's_blade)	c	371
sacred_heart	c	371
sasha_waybright	c	371
satsuki_rin	c	371
sora_no_method	s	371
sports_uniform	g	371
subscribestar_logo	g	371
temu_(temp_mumu)	g	371
thrud_(fate)	c	371
titans_(gundam)	g	371
valley	g	371
why_dis_ninja_look_so_mad_(meme)	g	371
@69_(tranquilo)	a	370
@catnnn	a	370
@dandara_(karakure)	a	370
@ikune_juugo	a	370
@kazu_(muchuukai)	a	370
@kyuuso_inukami	a	370
@loooyd	a	370
@myuu_(arisumeria)	a	370
@nakatokung	a	370
@nebusoku	a	370
@nokuhashi	a	370
@rethnick	a	370
@take_(trude1945oneetyan)	a	370
agumon_(digimon_savers)	c	370
amethio_(pokemon)	c	370
aoki_yuriko	c	370
azumaya_koyuki	c	370
bmw	s	370
breast_awe	g	370
canute	c	370
cheetah_tail	g	370
coffee_beans	g	370
entrance	g	370
fate/extella_link	s	370
gantz_suit	g	370
happy_(fairy_tail)	c	370
heart_ear_ornament	g	370
holding_cage	g	370
imari_kurumi	c	370
italy	g	370
kaji_ryouji	c	370
kingdom_hearts_i	s	370
melon_soda	g	370
orange_boots	g	370
perseus_(unfamiliar_duties)_(azur_lane)	c	370
precis_neumann	c	370
sanbaka_(nijisanji)	g	370
scott_pilgrim	c	370
shiro_seijo_to_kuro_bokushi	s	370
star_guardian_jinx	c	370
super_mario_sunshine	s	370
sushang_(honkai:_star_rail)	c	370
todoroki_shoto	c	370
vanity_table	g	370
@annindoufu_(oicon)	a	369
@bitchmotor	a	369
@chorimokki	a	369
@dk.senie	a	369
@kieed	a	369
@kuma-bound	a	369
@meme50	a	369
@nemoto_yuuma	a	369
@nyororiso_(muyaa)	a	369
@oofushi_ao	a	369
@tenjin_hidetaka	a	369
@terakoya	a	369
@wajuniorbox	a	369
3d_glasses	g	369
apron_hold	g	369
demitri_maximoff	c	369
fanbox_logo	g	369
gemma_(monster_hunter_wilds)	c	369
gundam_f91	s	369
hand_on_window	g	369
margay_(kemono_friends)	c	369
minakami_sayo	c	369
mochitsuki	g	369
pain_(naruto)	c	369
polygon_pictures	s	369
rabbit_earrings	g	369
sara_valestein	c	369
shigure_asa	c	369
skirt_caught_on_object	g	369
slow_loop	s	369
spit_take	g	369
towel_on_one_shoulder	g	369
white_lips	g	369
@akagi_(fmttps)	a	368
@aohashi_ame	a	368
@boyaking	a	368
@cloritin	a	368
@dogs_(dlrkdejr26)	a	368
@hidarikiki	a	368
@katsuobushi_(eba_games)	a	368
@kurogarasu	a	368
@luxuriou_s	a	368
@meion	a	368
@mogskg	a	368
@mokichi_(nvzy3n)	a	368
@ooji	a	368
@oozon_(ozon)	a	368
@perepere-kun	a	368
@pizzasi	a	368
@sendo_(sendrawz)	a	368
@tan_(tangent)	a	368
@tara_(szzj7733)	a	368
@yagi2013	a	368
@yakou_(4507770)	a	368
@yuzuriha_(active_homing)	a	368
@zan_(harukahime)	a	368
anal_hook	g	368
blacksmith	g	368
book_on_head	g	368
bulge_press	g	368
canada_(hetalia)	c	368
catherine	c	368
chitose_sana	c	368
drayton_(pokemon)	c	368
exposed_brain	g	368
gaijin_4koma_(meme)	g	368
holding_oar	g	368
houjou_satoshi	c	368
junkrat_(overwatch)	c	368
kida_masaomi	c	368
kukuri_(mahoujin_guruguru)	c	368
liechtenstein_(hetalia)	c	368
mega_man_volnutt	c	368
perfect_memento_in_strict_sense	s	368
phantasy_star_portable_2	s	368
project_diva_f	s	368
purple_leggings	g	368
rapunzel_(nikke)	c	368
recursive_genderswap	g	368
robert_e._o._speedwagon	c	368
sendai_hazuki	c	368
striped_hat	g	368
ta_ga_tame_no_alchemist	s	368
yorktown_(azur_lane)	c	368
@binggong_asylum	a	367
@chitosezaka_suzu	a	367
@fukuda_shuushi	a	367
@gengoroumaru_(ambidextrous)	a	367
@knifedragon	a	367
@marimo_(yousei_ranbu)	a	367
@mitomumitomu	a	367
@myu-po	a	367
@nagatsukiin	a	367
@sookmo	a	367
@teranen	a	367
@yoruny	a	367
@zenkou	a	367
adrien_agreste	c	367
ahiru_(princess_tutu)	c	367
bee_costume	g	367
boku_dake_ga_inai_machi	s	367
card_between_breasts	g	367
elaine_auclair	c	367
electro_symbol_(genshin_impact)	g	367
felt_(re:zero)	c	367
gris_swimsuit	g	367
gryffindor	g	367
holding_walkie-talkie	g	367
jenny_(pokemon)	c	367
kawamura_reo	c	367
kinuhata_saiai	c	367
kirino_(swimsuit)_(blue_archive)	c	367
lee-enfield_(girls'_frontline)	c	367
louise_(touhou)	c	367
marcille_donato_(lord)	c	367
persona_5:_dancing_star_night	s	367
pien_cat_(needy_girl_overdose)	c	367
prostate_stimulation	g	367
scar_across_eyebrow	g	367
seele_vollerei_(starchasm_nyx)	c	367
shiritsu_justice_gakuen	s	367
shitsuji_ga_aruji_wo_erabu_toki	s	367
takane_(blue_archive)	c	367
tendril	g	367
xiao_weiying	c	367
yagami_makino	c	367
@aleriia_v	a	366
@been	a	366
@ddari	a	366
@deogho_(liujinzy9854)	a	366
@ferret-san	a	366
@imaikuy0	a	366
@mendou_kusai	a	366
@okyou	a	366
@qing_wu	a	366
@scruffyturtles	a	366
@tsukino_(nakajimaseiki)	a	366
amamiya_elena	c	366
angelia_(girls'_frontline)	c	366
bastemon	c	366
blaidd_the_half-wolf	c	366
card_(r)	m	366
corset_piercing	g	366
cosplay_alien	s	366
daidouji_kira	c	366
ecstasy	g	366
eunhwa_(nikke)	c	366
flint_(girls_und_panzer)	c	366
glowing_spikes	g	366
highleg_dress	g	366
jingwei_(bird)	c	366
matsumi_kuro	c	366
mosin-nagant_(girls'_frontline)	c	366
mulberry_(arknights)	c	366
panties_visible_through_clothes	g	366
phoenix_print	g	366
pia_carrot_e_youkoso!!	s	366
purple_buruma	g	366
qinshi_mingyue	s	366
raora_panthera_(1st_costume)	c	366
ruqun	g	366
saijaku_muhai_no_bahamut	s	366
shinkansen_henkei_robo_shinkalion	s	366
sunoharasou_no_kanrinin-san	s	366
suzuhara_lulu_(1st_costume)	c	366
tsukimura_suzuka	c	366
vanillite	c	366
yura_kai_ni_(kancolle)	c	366
@ai_dongdong	a	365
@anti_(0324)	a	365
@bukkuri	a	365
@citron80citron	a	365
@fangxiang_cuoluan	a	365
@kankitsunabe_(citrus)	a	365
@kazeno	a	365
@kiriya_(552260)	a	365
@leon_(mikiri_hassha)	a	365
@liduke	a	365
@miri_(cherryjelly)	a	365
@pinkkoffin	a	365
@ponchi_(menchi0925)	a	365
@ranf	a	365
@sen_(sen0910)	a	365
@suimya	a	365
@ura_(hamburg_oniku)	a	365
@vzmk2	a	365
@yewang19	a	365
ace_of_clubs	g	365
asuka_ryou	c	365
breakfast	g	365
condenser_unit	g	365
crazy_raccoon	s	365
criss-cross_back-straps	g	365
cuphead_(game)	s	365
diamond_mouth	g	365
dimitri_alexandre_blaiddyd_(timeskip)	c	365
echocalypse	s	365
erika_(blue_archive)	c	365
eyelash_ornament	g	365
france	g	365
hellaverse	s	365
holding_golf_club	g	365
holydramon	c	365
jiyan_(wuthering_waves)	c	365
kirche_augusta_frederica_von_anhalt_zerbst	c	365
koonago	g	365
lightning_bolt_earrings	g	365
minami_kana	c	365
mizusawa_mao	c	365
mode_aim	s	365
moetan	s	365
mutou_kazuki	c	365
nanami_mami	c	365
orange_collar	g	365
poniko	c	365
rhein_kraft_(umamusume)	c	365
seisenshi_dunbine	s	365
semi-automatic_shotgun	g	365
shin_(dorohedoro)	c	365
shoto_(vtuber)	c	365
skirt_rolled_up	g	365
spiked_thighlet	g	365
steel_beam	g	365
steenee	c	365
sung_jin-woo	c	365
tactics_ogre	s	365
takashiro_hiroko	c	365
tekken_4	s	365
the_legend_of_zelda:_echoes_of_wisdom	s	365
tub	g	365
video_thumbnail	m	365
white_innertube	g	365
@afuro	a	364
@akino_komichi	a	364
@aono_shimo	a	364
@arizuka_(catacombe)	a	364
@blueorca	a	364
@cai_geng	a	364
@clarevoir	a	364
@coa_(chroo_x)	a	364
@crescentia_fortuna	a	364
@fujishiro_emyu	a	364
@ha-ru	a	364
@hiranko	a	364
@ikurauni	a	364
@kinakomochi_(user_vedc2333)	a	364
@konomi_(kino_konomi)	a	364
@marugoshi_teppei	a	364
@masa_masa	a	364
@nhaliz	a	364
@onikokko	a	364
@p19	a	364
@pu-en	a	364
amano_yuu_(digimon)	c	364
anatomical_nonsense	g	364
comiket_101	s	364
cortana	c	364
crotchless_swimsuit	g	364
cum_on_bed	g	364
dead_or_alive_6	s	364
deoxys_(normal)	c	364
ebina_nana	c	364
female_soldier	g	364
ganbare_goemon	s	364
garudamon	c	364
horikita_suzune	c	364
judau_ashta	c	364
komainu_tail	g	364
kronya_(fire_emblem)	c	364
kunihiro_hajime	c	364
luke_skywalker	c	364
muto_yugi	c	364
mutual_orgasm	g	364
nikukyun_ongaeshi	s	364
non-circular_lens_flare	g	364
octopus_boy	g	364
pardofelis_(honkai_impact)	c	364
raphiel_shiraha_ainsworth	c	364
recycling_symbol	g	364
sabotender	c	364
seviper	c	364
shin_koihime_musou	s	364
ship's_wheel	g	364
tail_flower	g	364
tearlaments_kitkallos	c	364
weather_report	c	364
wooden_staff	g	364
@artpatient	a	363
@bimmy	a	363
@henshako	a	363
@hiroyama_hiroshi	a	363
@hori_shin	a	363
@karatakewari	a	363
@makochan42	a	363
@mayo_(becky2006)	a	363
@milka_(milk4ppl)	a	363
@rikume	a	363
@shuvi_(shuvi1125)	a	363
@sou_(soutennkouchi)	a	363
@wakamatsu372	a	363
@yotubeya	a	363
@yutsu	a	363
adjusting_shoe	g	363
adol_christin	c	363
agnes_tachyon_(lunatic_lab)_(umamusume)	c	363
axel_(kingdom_hearts)	c	363
blowing_whistle	g	363
blue_overskirt	g	363
bottle_cap	g	363
calstone_light_o_(umamusume)	c	363
completion_time	g	363
emboar	c	363
glitchtale	s	363
hachijou_(kancolle)	c	363
kurusugawa_himeko	c	363
louie_(pikmin)	c	363
maison_ikkoku	s	363
meerkat_(kemono_friends)	c	363
nendoroid	s	363
nitocris_(swimsuit_assassin)_(second_ascension)_(fate)	c	363
omi-san_(fate)	c	363
patting	g	363
pink_curtains	g	363
rein_(futagohime)	c	363
seiken_gakuin_no_maken_tsukai	s	363
shigure_ui_(vtuber)_(1st_costume)	c	363
water_yoyo	g	363
;t	g	362
@ao_oni_(onioni-aoi)	a	362
@arutera	a	362
@borgbutler	a	362
@chakabo	a	362
@chikotam	a	362
@eiji_(eiji)	a	362
@ginzake_(mizuumi)	a	362
@gipehtyboo	a	362
@hiroki_ree	a	362
@jikatarou	a	362
@joshua_(shisanli934)	a	362
@kagerou_(kers)	a	362
@kohinata_hoshimi	a	362
@kurokuro	a	362
@kurosususu	a	362
@na_tarapisu153	a	362
@nekometaru	a	362
@onnaski	a	362
@qtian	a	362
@rib:y(uhki)	a	362
@rum_raisin_(chihiromakita19)	a	362
@tridisart	a	362
@ttomm	a	362
@yuzuki_himuka	a	362
@zhibuji_loom	a	362
alicia_melchiott	c	362
alma_elma	c	362
araiguma-san	c	362
black_crown	g	362
blue_light	g	362
bra_slip	g	362
celia_kumani_entory	c	362
feather_fan	g	362
gimp_suit	g	362
gunner_(sekaiju)	c	362
gym_challenge_uniform	g	362
hack	c	362
harukara_(7th_dragon)	c	362
hermit_purple	c	362
hosokawa_gracia	c	362
janna_(league_of_legends)	c	362
kakyuusei_2	s	362
koseki_reina	c	362
lenora_(pokemon)	c	362
leotard_peek	g	362
luger_p08	g	362
nah_(fire_emblem)	c	362
nameless_dagger_(fate)	g	362
null-meta	s	362
polka_dot_scarf	g	362
power_tool	g	362
provence_(arknights)	c	362
sawaguchi_mai	c	362
sentai_red_ga_isekai_de_boukensha_ni_naru	s	362
shirt_down	g	362
snuffy_(vtuber)	c	362
societte_(granblue_fantasy)	c	362
super_sailor_chibi_moon	c	362
toy_car	g	362
trish_(devil_may_cry)	c	362
turnip	g	362
viy_(fate)	c	362
wishiwashi_(solo)	c	362
yor_briar_(cosplay)	g	362
zentreya_(dragon)	c	362
zoya_petrovna_vecheslova	c	362
@besmiled	a	361
@citron_82	a	361
@daidai_ookami	a	361
@dayama	a	361
@eus_ing	a	361
@fujiwara_akina	a	361
@fumutarou	a	361
@helvetica_std	a	361
@ichizen_(o_tori)	a	361
@karamoneeze	a	361
@kumiyabe	a	361
@mingaru	a	361
@nanaroku_(fortress76)	a	361
@ni_(221)	a	361
@rakusakugk	a	361
@shirushiki	a	361
@shosho_oekaki	a	361
@smgold	a	361
@takana_shinno	a	361
@takeda_aranobu	a	361
@tenten_(chan4545)	a	361
@ushiki_yoshitaka	a	361
@vilepluff	a	361
@xia_(ryugo)	a	361
accordion	g	361
ail_soft	s	361
ali_baba_saluja	c	361
black_jack_(character)	c	361
blue_babydoll	g	361
bokusatsu_tenshi_dokuro-chan	s	361
canned_food	g	361
ceylon_(arknights)	c	361
comfey	c	361
cow_hood	g	361
debidebi_debiru	c	361
delthea_(fire_emblem)	c	361
dodging	g	361
eiffel_tower	g	361
female_collaborator	g	361
gaming_(genshin_impact)	c	361
green_sports_bra	g	361
handlebar	g	361
harmony's_clownfish_(splatoon)	c	361
island_kahuna	g	361
kataoka_yuuki	c	361
lee_(punishing:_gray_raven)	c	361
looney_tunes	s	361
mahou_shoujo_madoka_magica_magia_exedra	s	361
momoka_(blue_archive)	c	361
natsume_yuujinchou	s	361
organization_xiii	c	361
qu_(nursery_slime)	c	361
raw_meat	g	361
red_riding_hood_(sinoalice)	c	361
samejima_mamimi	c	361
shikishima_mirei	c	361
shoujo_to_ura_roji	s	361
sports_panties	g	361
string_pull	g	361
theater	g	361
titanfall_2	s	361
tobi_(naruto)	c	361
vigilante_-boku_no_hero_academia:_illegals-	s	361
vocanese	s	361
yarai_miu	c	361
@bseibutsu	a	360
@ekao	a	360
@elizabeth_(tomas21)	a	360
@indesign	a	360
@migihidari_(puwako)	a	360
@nima_(niru54)	a	360
@pop	a	360
@revtilian	a	360
@shimure_(460)	a	360
@shundou_heishirou	a	360
@teeta_j	a	360
@toyakun	a	360
@wataame27	a	360
@yoruhachi	a	360
akatsuki_uni	c	360
beedrill	c	360
cunnilingus_gesture	g	360
dandelion_seed	g	360
elu_(nijisanji)	c	360
eyebrows_visible_through_hat	g	360
fal_(girls'_frontline)	c	360
gold_horns	g	360
hand_on_another's_mouth	g	360
holding_lamp	g	360
hori_yuko	c	360
houshou_marine_(nun)	c	360
igrene_(fire_emblem)	c	360
iris_chateaubriand	c	360
kamiki_mirai	c	360
kinomoto_sakura_(cosplay)	g	360
kuzu_suzumi	c	360
mahoraba	s	360
mesu_kyoushi_3	s	360
military_coat	g	360
momohime	c	360
nate_mitotsudaira	c	360
nelson_(azur_lane)	c	360
niwamaru_(niwarhythm)	c	360
psychic_miku_(project_voltage)	c	360
putting_on_shoes	g	360
reichsadler	g	360
royal_treatment	g	360
ru-class_battleship	c	360
satou_lilly	c	360
shadow_milk_cookie	c	360
shiina_noriko	c	360
smug_smile	g	360
stone_mask_(jojo)	g	360
tenma_maemi	c	360
thanatos_(hades)	c	360
unicorn_girl	g	360
uzi_(murder_drones)	c	360
@0byte	a	359
@duoyuanjun	a	359
@fairwind	a	359
@hatsuzuki_527	a	359
@icehotmilktea	a	359
@irohara_mitabi	a	359
@melopun	a	359
@monrooru	a	359
@moudoku_(decopon3rd)	a	359
@nagineko	a	359
@pija_(pianiishimo)	a	359
@tokio_(okt0w0)	a	359
@tsukimaru_(ls_99ml)	a	359
@virus-g	a	359
animal_sexualization	g	359
arika_yumemiya	c	359
belial_(granblue_fantasy)	c	359
cellphone_strap	g	359
estinien_varlineau	c	359
final_fantasy_type-0	s	359
haguro_kai_ni_(kancolle)	c	359
holding_folder	g	359
holding_ticket	g	359
kagayaki_homare	c	359
kamen_rider_(1st_series)	s	359
laegjarn_(fire_emblem)	c	359
laplace_(nikke)	c	359
life_fiber	g	359
lucifer_(umineko)	c	359
matcha_(food)	g	359
morgan_le_fay_(water_princess)_(fate)	c	359
nakata_sae	c	359
navel_peek	g	359
niles_(fire_emblem)	c	359
popy	c	359
sensory_deprivation	g	359
sex_toy_pull	g	359
shiratori_aira_(ensemble_stars!)	c	359
susie_(kirby)	c	359
togame_momoko	c	359
twintelle_(arms)	c	359
yaotome_urushi	c	359
@ariverkao	a	358
@blaccura	a	358
@bonnie_(rsg)	a	358
@detritus	a	358
@elliemaplefox	a	358
@gijang	a	358
@goriate	a	358
@microa	a	358
@mogumo	a	358
@poin_(hidsuki)	a	358
@rangu	a	358
@ringsel	a	358
@ryuji_(red-truth)	a	358
@tamagogayu1998	a	358
@tonami_kanji	a	358
@tonbi	a	358
@volyz	a	358
ace_trappola	c	358
alternate_footwear	g	358
ash_crimson	c	358
barok_van_zieks	c	358
buena_vista_(umamusume)	c	358
cinderella	s	358
clumsy	g	358
d_(killer_wife)_(nikke)	c	358
dino_crisis	s	358
dori_(genshin_impact)	c	358
framme_(fire_emblem)	c	358
higuchi_kaede_(1st_costume)	c	358
holding_candy_cane	g	358
holding_gloves	g	358
irasutoya_challenge	g	358
latte_art	g	358
mahou_shoujo_lyrical_nanoha_the_movie_2nd_a's	s	358
mechanic_(ragnarok_online)	c	358
meltrandi	c	358
on_car	g	358
oricorio	c	358
pollux_(fate)	c	358
porno_dianno	c	358
pussy_juice_on_fingers	g	358
sakura_haruka_(wind_breaker)	c	358
stuffed_carrot	g	358
sumia_(fire_emblem)	c	358
takagi_(tansuke)	c	358
teabag	g	358
tenjouin_katsura	c	358
underwear_writing	g	358
unworn_armor	g	358
vila_(reverse:1999)	c	358
yonic_symbol	g	358
yuuhi_riri	c	358
@1ssakawaguchi	a	357
@chii_(tsumami_tsumamare)	a	357
@dosugon	a	357
@hita_(hitapita)	a	357
@hmage	a	357
@kaddo	a	357
@oslight	a	357
@sabaku_chitai	a	357
@sbel02	a	357
@sp0i0ppp	a	357
@takenoko_no_you	a	357
@umarutsufuri	a	357
@usagi_nagomu	a	357
@yamadare	a	357
@yampa	a	357
#compass	s	357
a_song_of_ice_and_fire	s	357
aggron	c	357
airi_(the_infernal_temptress)	c	357
an-94	g	357
asakura_rikako	c	357
augusta_(wuthering_waves)	c	357
carnival_phantasm	s	357
eyes_visible_through_eyewear	g	357
female_gunner_(dungeon_and_fighter)	c	357
fur-trimmed_robe	g	357
gii	c	357
grey_hood	g	357
itsuwa	c	357
kamishiro_yuuko	c	357
kanda_yuu	c	357
koi_ni_naritai_aquarium	g	357
liliruca_arde	c	357
mizushima_saki	c	357
monster_hunter_(character)	c	357
monster_hunter_3	s	357
nathy	c	357
quiff	g	357
rapi_(red_hood)_(red_flavor)_(nikke)	c	357
ryuugamine_mikado	c	357
space_dandy	s	357
spoken_animal	g	357
spotted_hair	g	357
stereo	g	357
suzuki_(girls_und_panzer)	c	357
tachibana_hinano	c	357
tsuyokiss	s	357
yen	g	357
youtube_logo	g	357
@citemer	a	356
@hyouuma	a	356
@maidforge	a	356
@micosiva	a	356
@miyao_ryuu	a	356
@ncontrail_(mgax7527)	a	356
@oteruko_(wanabeee)	a	356
@sachiko_shirayuki	a	356
@watao	a	356
@yaguo	a	356
@yamauchi_(conan-comy)	a	356
@yzr_(yzr99)	a	356
akimichi_chouji	c	356
amelia_wil_tesla_seyruun	c	356
american_football_uniform	g	356
astraea_(sora_no_otoshimono)	c	356
aya_brea	c	356
bobobo-bo_bo-bobo	s	356
catwoman	c	356
digital_camouflage	g	356
drake_(nikke)	c	356
fuse	g	356
gyn_chair	g	356
harper_(pokemon)	c	356
haruna_kai_ni_(kancolle)	c	356
head_on_ass	g	356
holding_donut	g	356
hugging_another's_tail	g	356
jeff_andonuts	c	356
kagami_sumika	c	356
kamen_rider_kuuga	c	356
knitting_needle	g	356
lust_(fma)	c	356
meditation	g	356
niimi_sora	c	356
orange_male_swimwear	g	356
oversized_wings	g	356
penpen	c	356
rob_lucci	c	356
russian_clothes	g	356
shantae_and_the_pirate's_curse	s	356
sinder_(vtuber)	c	356
single_over-kneehigh	g	356
sora_(nikke)	c	356
staff_(weapon)	g	356
striped_choker	g	356
sweetheart_(omori)	c	356
takabushi_kengo	c	356
tetris	s	356
tetsuwan_atom	s	356
@akai_(riaakai)	a	355
@apt	a	355
@f7(eiki)	a	355
@footer@unyaaan	a	355
@fushirun_rung	a	355
@gomu_(chewinggom)	a	355
@jiffic	a	355
@lts_kakuyo	a	355
@magnolia-baillon	a	355
@miyoshi_yoshimi	a	355
@omar_dogan	a	355
@ooranokohaku	a	355
@setmen	a	355
@shimizu_naotaka	a	355
@sushio	a	355
@ttptt	a	355
@wasabi_(legemd)	a	355
@yume_no_owari	a	355
@zer0.zer0	a	355
alex_(minecraft)	c	355
alm_(fire_emblem)	c	355
alucard_(castlevania)	c	355
asumi_sena	c	355
black_gold_saw	c	355
blue-eyes_white_dragon	c	355
c.c._lemon	s	355
elysia_de_lute_ima	c	355
erica_fontaine	c	355
exusiai_the_new_covenant_(arknights)	c	355
fleet	g	355
food_as_clothes	g	355
fujima_sakura	c	355
gallagher_(honkai:_star_rail)	c	355
glowing_clothes	g	355
hair_branch	g	355
hashida_itaru	c	355
leopard	g	355
luchador_mask	g	355
mmmf_foursome	g	355
mr._plantegg_(omori)	c	355
murrue_ramius	c	355
nakamura_yuri	c	355
ntw-20_(girls'_frontline)	c	355
oriana_thomason	c	355
riddle_rosehearts	c	355
sango_(inuyasha)	c	355
sawada_tsunayoshi	c	355
shikanoko_noko	c	355
spiked_footwear	g	355
sponsor	g	355
sunflower_print	g	355
takasugi_shinsaku_(fate)	c	355
yakumo_mitama	c	355
yellow_wristband	g	355
zone_of_the_enders	s	355
@aroma_sensei	a	354
@chm_(macharge)	a	354
@fbc	a	354
@funi_mu9	a	354
@gen'en_(sioherashi)	a	354
@kenron_toqueen	a	354
@kirisawa_saki	a	354
@konoe_ototsugu	a	354
@mapar	a	354
@nejikyuu	a	354
@romi_(346_ura)	a	354
@sanrokumaru	a	354
@togutogu	a	354
@tunamayo_(dsasd751)	a	354
@usagi_(786113654)	a	354
@wingedwasabi	a	354
@yamauchi_noriyasu	a	354
@yonekura_hisaki	a	354
akimichi_chouchou	c	354
bandage_on_knee	g	354
cellien_(kemono_friends)	c	354
charlemagne_(fate)	c	354
chousokabe_motochika_(sengoku_basara)	c	354
cleffa	c	354
cross_facial_mark	g	354
cutoff_jeans	g	354
dragon_quest_i	s	354
feather-trimmed_jacket	g	354
final_fantasy_iv:_the_after_years	s	354
futaba_aoi_(vividred_operation)	c	354
ginga_eiyuu_densetsu	s	354
grandmother_and_grandson	g	354
kamen_rider_decade	c	354
kashima_yuu	c	354
king_kong	c	354
maria_tachibana	c	354
mega_man_x4	s	354
milia	c	354
military_rank_insignia	g	354
niihashi_noel	c	354
relationship_graph	g	354
revenant_(apex_legends)	c	354
sada_(pokemon)	c	354
sagara_family	s	354
sophia_(reverse:1999)	c	354
stella_unibell	c	354
tenshinhan	c	354
wonderful_rush	g	354
@aka_tawashi	a	353
@cocomayo29_(tomato)	a	353
@guchiota_field	a	353
@kanjy00u	a	353
@kanoe_soushi	a	353
@kitsune-tsuki_(getter)	a	353
@lasengle	a	353
@less_end	a	353
@luse_maonang	a	353
@mannack	a	353
@mitsuyo_(mituyo324)	a	353
@nou_(nounknown)	a	353
@poaro	a	353
@sbs	a	353
@seki_(red_shine)	a	353
@sen1986	a	353
@toten_(der_fuhrer)	a	353
@tsukimoto_kizuki	a	353
@valefal_coneri	a	353
@yepnean	a	353
against_door	g	353
alice_thymefield_(sea_of_thyme)	c	353
angelina_(summer_flower)_(arknights)	c	353
ao_no_roku-gou	s	353
axl_(mega_man)	c	353
azurill	c	353
bakeneko	g	353
bili_girl_22	c	353
bravern	c	353
crazy_diamond	c	353
eye_socket	g	353
fire_flower	g	353
flying_witch	s	353
foregrip	g	353
galaxia_(sword)	g	353
galaxy_angel_rune	s	353
grim_reaper	c	353
guitar_strap	g	353
hamtaro_(series)	s	353
ippan_josei	c	353
kaitou_tenshi_twin_angel	s	353
kamen_rider_blade_(series)	s	353
kotama_(blue_archive)	c	353
kotohime_(touhou)	c	353
mabinogi_heroes	s	353
martyr_(the_citadel)	c	353
matryoshka_(vocaloid)	s	353
natsumi_schwarz	c	353
no_hands	g	353
placard	g	353
revenant_(elden_ring)	c	353
sandogasa	g	353
seraphine_(league_of_legends)	c	353
shiina_mashiro	c	353
shirakami_fubuki_(loungewear)	c	353
slime_boy	g	353
stable	g	353
tail_pull	g	353
tea_party	g	353
tribe_nine	s	353
under_umbrella	g	353
wendy_(wendy's)	c	353
white_mage_(fft)	c	353
@arai_togami	a	352
@beitemian	a	352
@caisena	a	352
@damenade	a	352
@euf-dreamer	a	352
@hacco_mayu	a	352
@hanny_(uirusu_chan)	a	352
@kaptivate	a	352
@kion-kun	a	352
@mashayuki	a	352
@meng_ziya	a	352
@minami_saki	a	352
@narynn	a	352
@onineko	a	352
@shinoasa	a	352
@shirotategosha	a	352
@tabata_hisayuki	a	352
@woolrool	a	352
@yamabuki_(yusuraume)	a	352
@yasuaki023	a	352
@yuuyuu_(yuuki1771)	a	352
anceril_sacred	c	352
bee_wings	g	352
black_nail_polish	g	352
black_surge_night	s	352
brid_(nikke)	c	352
bust_measuring	g	352
chain_bracelet	g	352
cheetah_print	g	352
fender_stratocaster	g	352
graves_(league_of_legends)	c	352
high-low_dress	g	352
ikura_(food)	g	352
kafuru_(senran_kagura)	c	352
kukulkan_(fate)	c	352
long-tailed_tit	g	352
lunala	c	352
m4a1_(mod3)_(girls'_frontline)	c	352
minami_kotori_(bird)	c	352
multi_limb	g	352
no_more_heroes	s	352
pig_nose	g	352
pink_leg_warmers	g	352
sagat	c	352
sakihata_rimi	c	352
sakura_uta_(precure)	c	352
shaw_(arknights)	c	352
the_legend_of_zelda:_link's_awakening	s	352
two-sided_capelet	g	352
@akableak	a	351
@doomcomic	a	351
@fal_maro	a	351
@igusaharu	a	351
@ishida_aya	a	351
@kz_oji	a	351
@mamemochi	a	351
@mura_karuki	a	351
@noeyebrow_(mauve)	a	351
@okura-chan_(at_nya5)	a	351
@oryononilocram	a	351
@saeki_sora	a	351
@shikino_yuki	a	351
@shitacemayo	a	351
@taesi	a	351
@tnolize	a	351
@tomas_(kaosu22)	a	351
@trolltoll	a	351
@yuuzii	a	351
adult_baby	g	351
artoria_caster_(first_ascension)_(fate)	c	351
banana_slice	g	351
barghest_(second_ascension)_(fate)	c	351
bio_lab	g	351
black_lingerie	g	351
black_widow	c	351
commander_(last_origin)	c	351
cooperative_footjob	g	351
double_thumbs_up	g	351
dragunov_svd	g	351
freyja_(fire_emblem)	c	351
futatsuiwa_mamizou_(human)	c	351
gehenna_academy_logo	g	351
gensou_suikoden_iii	s	351
green_corset	g	351
hk416_(black_kitty's_gift)_(girls'_frontline)	c	351
holding_torpedo	g	351
kame_house	g	351
konohata_mira	c	351
lupusregina_beta	c	351
mafia	g	351
mizusaki_tsubame	c	351
ohr_(blue_archive)	c	351
renzha_fanpai_zijiu_xitong	s	351
sai	c	351
sessyoin_kiara_(lily)	c	351
shadow_hearts	s	351
shimeji_simulation	s	351
shimohara_sadako	c	351
shioriha_ruri	c	351
symonne_(tales)	c	351
tilted_hat	g	351
touhou_hisoutensoku	s	351
ukrainian_flag	g	351
vados_(dragon_ball)	c	351
valve	g	351
youko_(girls_und_panzer)	c	351
@glazinbuns	a	350
@gotou_keiji	a	350
@huyase	a	350
@mikan_(5555)	a	350
@muramura_hito	a	350
@noise_tanker	a	350
@ogata_tei	a	350
@ryeon_(bluetom1)	a	350
@sakura_ani	a	350
@special_cat	a	350
@tatahai	a	350
@tateishi_kureha	a	350
@yoracrab	a	350
basketball_court	g	350
beanstalk_(arknights)	c	350
bell_sleeves	g	350
bokura_no_live_kimi_to_no_life	s	350
cait_sith_(ff7)	c	350
corn_cob	g	350
cyberagent	s	350
faceplant	g	350
fallout_4	s	350
fan_screaming_at_madison_beer_(meme)	g	350
flag_print_bikini	g	350
ga_geijutsuka_art_design_class	s	350
hassel_(pokemon)	c	350
iijima_yun	c	350
kaminari_qpi	c	350
looking_at_pussy	g	350
love_hotel	g	350
meloco_kyoran	c	350
menacing_(jojo)	g	350
mobile_legends:_bang_bang	s	350
prinz_eugen_(final_lap)_(azur_lane)	c	350
rags	g	350
rogue_titan	c	350
sarah_(pokemon)	c	350
sheva_alomar	c	350
skull_collar	g	350
sonken	c	350
uguisumaru	c	350
vivid_strike!	s	350
whispering_in_ear	g	350
white_gemstone	g	350
yukihana_lamy_(1st_costume)	c	350
zoey_(kpop_demon_hunters)	c	350
@amboynav2	a	349
@badcompzero	a	349
@batazungharn	a	349
@comiching	a	349
@dev_(dev0614)	a	349
@hekomii	a	349
@kawano_takuji	a	349
@kawaruhi	a	349
@key_(gaigaigai123)	a	349
@live_for_the_funk	a	349
@lyy	a	349
@muffin_(sirumeria)	a	349
@my700	a	349
@myabit	a	349
@paopao	a	349
@rinndouk	a	349
@ruru_(rurumagi)	a	349
@sakura_ryuuken	a	349
@shisei_(kyuushoku_banchou)	a	349
@silverxp	a	349
@takie_arts	a	349
@tousen	a	349
@wlop	a	349
@xiangzi_box	a	349
aizawa_tomo	c	349
akame_(akame_ga_kill!)	c	349
alban_knox	c	349
alfonse_(fire_emblem)	c	349
anchor_hat_ornament	g	349
atsuko_(swimsuit)_(blue_archive)	c	349
bearhug	g	349
blood+	s	349
cape_lift	g	349
charlotte_(fire_emblem)	c	349
costume_chart	g	349
dainsleif_(genshin_impact)	c	349
drainpipe	g	349
falling_flower	g	349
hecatia_lapislazuli_(earth)	c	349
highly_responsive_to_prayers	s	349
honekoneko_(psg)	c	349
hououji_fuu	c	349
looking_at_screen	g	349
mac-10/11	g	349
mayu_(vocaloid)	c	349
mofurun_(mahou_girls_precure!)	c	349
platform	g	349
plume_(arknights)	c	349
seitokai_nimo_anawa_aru!	s	349
shikimori_(kawaii_dake_ja_nai)	c	349
sitting_on_pillow	g	349
strelizia	c	349
testicles_on_face	g	349
window_shutter	g	349
zweihander	g	349
@courreges_ace	a	348
@daisi_gi	a	348
@inuki_(aruurara)	a	348
@nekobell	a	348
@nunucco	a	348
@ouhashi	a	348
@ringozaka_mariko	a	348
@rita_ya	a	348
@robinson_(day_l_full)	a	348
@splush_wave	a	348
@suenari_(peace)	a	348
@x_xith_x	a	348
apple_hair_ornament	g	348
blue_car	g	348
cardboard	g	348
chung_seiker	c	348
cupping_hand	g	348
double_biceps_pose	g	348
elysia_(miss_pink)_(honkai_impact)	c	348
excellen_browning	c	348
gagged_male	g	348
ghetsis_(pokemon)	c	348
gununu_(meme)	g	348
hayanami_(kancolle)	c	348
heroes_relic_(fire_emblem)	g	348
hibiki_works	s	348
horse_dildo	g	348
interface_headset_(evangelion)	g	348
kinbaku	g	348
land_(sousou_no_frieren)	c	348
maria_traydor	c	348
mary_(medical_rabbit)_(nikke)	c	348
masurao_(sekaiju)	c	348
narukami_yu	c	348
native_american_headdress	g	348
nissan_skyline	g	348
oboro_(fire_emblem)	c	348
older_sister	g	348
panda_tail	g	348
phone_wallpaper	m	348
protagonist_4_(housamo)	c	348
royal_knights	g	348
sano_manjirou	c	348
saturated	g	348
silver_background	g	348
sleeveless_turtleneck_dress	g	348
sola-ui_nuada-re_sophia-ri	c	348
sophia_esteed	c	348
striped_camisole	g	348
stuffed_dolphin	g	348
survey_corps_(emblem)	g	348
takaya_noriko	c	348
text_in_eyes	g	348
tosa_(azur_lane)	c	348
u-olga_marie	c	348
valkyrie_(vnd)	c	348
very_long_sidelocks	g	348
@10mo	a	347
@463_jun	a	347
@aya_shachou	a	347
@aya_shobon	a	347
@benitama	a	347
@gin_moku	a	347
@jay-marvel	a	347
@kiku_hitomoji	a	347
@koyo_akio	a	347
@kureha_mitsushige	a	347
@okitsugu	a	347
@ribiadan	a	347
@signalviolet	a	347
@sinzan	a	347
@tanaka_rikimaru	a	347
@ultrabinou	a	347
@xe_(execut3r)	a	347
@yui_toshiki	a	347
16personalities	s	347
after-school_sweets_club_(blue_archive)	g	347
amou_kanade	c	347
ankle_bell	g	347
aqua_cardigan	g	347
bear_hat	g	347
brown_one-piece_swimsuit	g	347
curved_horns	g	347
danganronpa_s:_ultimate_summer_camp	s	347
diary	g	347
digimon_rearise	s	347
erha_he_tadebai_mao_shizun	s	347
futoku_no_guild	s	347
gundam_arsenal_base	s	347
hana_(fire_emblem)	c	347
hand_jewel	g	347
iona_(aoki_hagane_no_arpeggio)	c	347
jinrui_wa_suitai_shimashita	s	347
kos-mos_ver._4	c	347
kouyama_rin	c	347
kuro_no_kiseki_i	s	347
ladies_versus_butlers!	s	347
marshall_d._teach	c	347
matsushima_michiru	c	347
nekone_(utawarerumono)	c	347
rogue_(x-men)	c	347
rose_(tales)	c	347
shyrei_faolan	c	347
sled	g	347
stopwatch_around_neck	g	347
strinova	s	347
stuffed_dinosaur	g	347
symmetra_(overwatch)	c	347
the_shining	s	347
winter_soldier	c	347
yano_erika	c	347
@amibazh	a	346
@animeretrograde	a	346
@aumann	a	346
@cosaten	a	346
@daran9	a	346
@drew_(drew213g)	a	346
@ex_idol	a	346
@flx	a	346
@gzei	a	346
@hinagi_(fox_priest)	a	346
@ichikawa_noa	a	346
@kairakuen_umenoka	a	346
@kuroemon	a	346
@ling_s	a	346
@morumoru_x	a	346
@nanashi_noiji	a	346
@pun2	a	346
@rafaelaaa	a	346
@rezodwel	a	346
@riku_(rikkuru)	a	346
@roro_(sghona10)	a	346
@ryou@ryou	a	346
@sakamoto_mineji	a	346
@satori_(aosky9077)	a	346
@satoupote	a	346
@shinchou_ni_kansuru_kousatsu	a	346
@yuki_(asayuki101)	a	346
@z282g	a	346
@zako_(arvinry)	a	346
annytf	c	346
bashou_(senran_kagura)	c	346
blue_screen_of_death	g	346
bomberman	s	346
brigitte_(overwatch)	c	346
cross-laced_one-piece_swimsuit	g	346
ear_flower	g	346
flying_button	g	346
giant_hand	g	346
gol_d._roger	c	346
holding_collar	g	346
human_tower	g	346
ice_cream_bar	g	346
kama_(swimsuit_avenger)_(third_ascension)_(fate)	c	346
kanzaki_hideri	c	346
kouzuki_anna	c	346
leo_(senran_kagura)	c	346
nanodesu_(phrase)	g	346
noss_(rariatto)	c	346
pink_bloomers	g	346
ponpoko_(vtuber)	c	346
robot_girls_z	s	346
shin_getter_robo	s	346
store_clerk	g	346
straw_hat_pirates	g	346
striped_footwear	g	346
thumbprint_cookie	g	346
tinker_bell_(disney)	c	346
washing_another	g	346
weregarurumon	c	346
whale_girl	g	346
yuki_aine	c	346
yuma_kokohead	c	346
yuni_(precure)	c	346
@animeflux	a	345
@atie1225	a	345
@flaw_eight	a	345
@igarashi_kyouhei	a	345
@izuoku	a	345
@kyoffie	a	345
@momo_(higanbana_and_girl)	a	345
@nakatama_kyou	a	345
@nozomi_tsubame	a	345
@puppeteer7777	a	345
@sa-ya2	a	345
@sarukana	a	345
@sei_(kaien_kien)	a	345
@suzume_inui	a	345
@takorice	a	345
@terazip	a	345
@valitran	a	345
@vitaminechan	a	345
@yude	a	345
95-tan	c	345
alfred_(fire_emblem)	c	345
amaryllis_gumi	s	345
baobhan_sith_(second_ascension)_(fate)	c	345
creepypasta	s	345
cure_grace	c	345
cutie_honey_(character)	c	345
deux_murasame	c	345
dion_lesage	c	345
hair_through_hood	g	345
hamburger_steak	g	345
headwear_switch	g	345
hyakkimaru_(dororo)	c	345
inda_karane	c	345
kiriha_(tsugumomo)	c	345
lost_universe	s	345
meowfficer_(azur_lane)	c	345
multi_arm	g	345
one_piece_film:_z	s	345
ox_girl	g	345
parasite_eve	s	345
phoenix_wright:_ace_attorney_-_trials_and_tribulations	s	345
sister_karen	c	345
studded_jacket	g	345
uterine_prolapse	g	345
@aramaru	a	344
@asha	a	344
@calcio	a	344
@chiaki_rakutarou	a	344
@gainoob	a	344
@gins	a	344
@ishida_akira	a	344
@kaoruru_(sakuno2911)	a	344
@kem_kem	a	344
@kikimifukuri	a	344
@kimura_shiki	a	344
@kitiroku	a	344
@kitsuneno_denpachi	a	344
@kyougoku_touya	a	344
@mataichi_mataro	a	344
@matsu-sensei	a	344
@milkshakework	a	344
@nekono_rin	a	344
@nibiiro_shizuka	a	344
@ogihara_mach	a	344
@poper_(arin_sel)	a	344
@ress	a	344
@risumi_(taka-fallcherryblossom)	a	344
@sou_(tuhut)	a	344
@takase_yuu	a	344
@tamu_(mad_works)	a	344
@thin_(suzuneya)	a	344
@u35	a	344
@vinhnyu	a	344
atlurkabuterimon_(red)	c	344
beautifly	c	344
bubble_pipe	g	344
buster_shirt	g	344
chihaya_(clothing)	g	344
dark_knight_(final_fantasy)	c	344
dream_hunter_rem	s	344
elbe_(azur_lane)	c	344
ellen_joe_(on_campus)	c	344
eva_00	c	344
feh_(fire_emblem_heroes)	c	344
gascogne_(azur_lane)	c	344
goodsmile_company	s	344
instant_ramen	g	344
laimu_(vtuber)	c	344
marinangemon	c	344
mario_golf	s	344
mata_hari_(fate)	c	344
michelle_(bang_dream!)	c	344
mira_(kpop_demon_hunters)	c	344
mogyutto_"love"_de_sekkin_chuu!	s	344
nanael_(queen's_blade)	c	344
naoki_miki	c	344
onoe_serika	c	344
play_button	g	344
resident_evil_3_(remake)	s	344
sally_acorn	c	344
scale_print	g	344
shalon	c	344
shindan_maker	g	344
skeletal_wings	g	344
star_cutout	g	344
vyugen	s	344
@chikuwa_savy	a	343
@eichan_(eichanidfi)	a	343
@far_tarooo	a	343
@fugetsu_taku	a	343
@gin_(ginshari)	a	343
@hadashi_no_kenji	a	343
@johan_(johan13)	a	343
@keisea	a	343
@kuro_mushi	a	343
@mifenami	a	343
@muimui_(4242564muimui)	a	343
@namiki_(remiter00)	a	343
@nicky_w	a	343
@orin_(artist)	a	343
@pink_ocean	a	343
@raichiyo33	a	343
@rama_(yu-light8)	a	343
@rei_kun	a	343
@shefu	a	343
@studio_pork	a	343
@tomo_(sjim)	a	343
@tp_p_pt	a	343
@wolffeld_price	a	343
aqua_sash	g	343
aura_bella_fiora	c	343
candle_wax	g	343
canopy_(aircraft)	g	343
chacha_(fate)	c	343
cheetah_girl	g	343
compound_bow	g	343
dishes	g	343
guinaifen_(honkai:_star_rail)	c	343
holding_bomb	g	343
holding_juice_box	g	343
huge_clitoris	g	343
io_(granblue_fantasy)	c	343
kamen_rider_zi-o_(series)	s	343
key_in_head	g	343
kim_possible_(series)	s	343
konori_mii	c	343
kyu-kurarin_(cevio)	s	343
last_period	s	343
leos_vincent	c	343
lilia_vanrouge	c	343
lorenz_hellman_gloucester	c	343
low-cut	g	343
magical_teacher_sensei_wa_majo?	s	343
mai_(dragon_ball)	c	343
matsunaga_ryo	c	343
mela_(pokemon)	c	343
memories_off	s	343
mint_adenade	c	343
miyamoto_musashi_(swimsuit_berserker)_(third_ascension)_(fate)	c	343
motto!_haramase!_honoo_no_oppai_isekai_ero_mahou_gakuen!	s	343
nchans	s	343
o-ring_legwear	g	343
playstation_2	g	343
plug_gag	g	343
saimon_eclair	c	343
shigure_(azur_lane)	c	343
spoken_emoji	g	343
spoken_star	g	343
super_mario_world	s	343
sweater_around_neck	g	343
togedemaru	c	343
urethral_fingering	g	343
visor_lift	g	343
wamuu	c	343
yukadon	g	343
@aikir_(jml5160)	a	342
@akakura	a	342
@anegawa_eiji	a	342
@fishine	a	342
@gou_lianlian_dogface	a	342
@hyurasan	a	342
@joman	a	342
@kamu_(geeenius)	a	342
@kubo_tite	a	342
@lovelovemaid	a	342
@matsui_yasutsugu	a	342
@nada_namie	a	342
@nishiuri	a	342
@nonbire	a	342
@nui_(nuinui0300)	a	342
@oosaki_shin'ya	a	342
@otakummm	a	342
@sakuyu	a	342
@sandragh	a	342
@shinonome_asu	a	342
@shinonome_sakura	a	342
@tanasuke	a	342
@yan-yam	a	342
@yuibi	a	342
a.k.i._(street_fighter)	c	342
amano_hina_(tenki_no_ko)	c	342
bellows_(suisei_no_gargantia)	c	342
choujuushin_gravion	s	342
coffret_(heartcatch_precure!)	c	342
cross-body_stretch	g	342
cure_fortune	c	342
falulu	c	342
godsworn_alexiel	c	342
holding_eyeball	g	342
honolulu_(umbrella_girl)_(azur_lane)	c	342
ico	s	342
inokuma_youko	c	342
koshigaya_natsumi	c	342
kuromorimine_(emblem)	g	342
leaf_earrings	g	342
lion_dance	g	342
luigi_torelli_(kancolle)	c	342
makihatayama_hana	c	342
naked_capelet	g	342
oktoberfest	g	342
onsen_musume	s	342
picodevimon	c	342
purple_mask	g	342
revolver_knuckle	c	342
ruggie_bucchi	c	342
senbon-zakura_(vocaloid)	s	342
senki_zesshou_symphogear_xd_unlimited	s	342
starlight_academy_school_uniform	g	342
takamura_yui	c	342
takatsuki_ichika	c	342
takayama_maria	c	342
taped_hands	g	342
tejina_senpai_(series)	s	342
tied_sweater	g	342
torterra	c	342
uzi	g	342
vertical-striped_bodysuit	g	342
vlad_iii_(fate/apocrypha)	c	342
@anshinmama	a	341
@ataruman	a	341
@choco_(chocolate_shop)	a	341
@ebihara_beniko	a	341
@eitopondo	a	341
@enosan	a	341
@fushitasu	a	341
@gunner-l	a	341
@hinomoto_madoka	a	341
@ikuyoan	a	341
@juexing_(moemoe3345)	a	341
@kawai_makoto	a	341
@kitayama_miuki	a	341
@kuroda_kazuya	a	341
@metaljelly	a	341
@mono_(moiky)	a	341
@ndtwofives	a	341
@nico-neko	a	341
@oo_sebastian_oo	a	341
@satou_aji	a	341
@satsuki_imonet	a	341
@shiwa_(siwaa0419)	a	341
@sirokohi	a	341
@tama_(songe)	a	341
@tyakomes	a	341
@ume_(noraneko)	a	341
@usuki_(graygreed)	a	341
@winn	a	341
acronym	g	341
air_jordan_1	s	341
atem	c	341
bandaid_on_finger	g	341
blacktailmon	c	341
broken_condom	g	341
bunny_garden	s	341
buruma_around_leg	g	341
chamber_dragonmaid	c	341
diamant_(fire_emblem)	c	341
extraction	m	341
florence_nightingale_(trick_or_treatment)_(fate)_(cosplay)	g	341
fork_hair_ornament	g	341
fruit_cup	g	341
geisha	g	341
gimp_mask	g	341
grabbing_own_hair	g	341
healslime	c	341
information_sheet	g	341
kanojo_mo_kanojo	s	341
kotobukiya_bishoujo	s	341
long_mouth	g	341
maruyama_saki	c	341
milia_wars	s	341
minimalism	g	341
oneshot_(game)	s	341
peaked_lapels	g	341
red_ribbon_army	g	341
red_sleeve_cuffs	g	341
reference_work	m	341
sasaki_ran	c	341
sitting_on_car	g	341
solatorobo	s	341
tensei_shitara_dai_nana_oji_datta_no_de:_kimama_ni_majutsu_o_kiwamemasu	s	341
thunder_(girls'_frontline)	c	341
togenashi_togeari	g	341
velvet_(odin_sphere)	c	341
warabeda_meijii	c	341
yu-gi-oh!_go_rush!!	s	341
@agnamore	a	340
@awesomeerix	a	340
@chocojax	a	340
@dosu_(doseven)	a	340
@goban	a	340
@hassaku_(rapidangel)	a	340
@hjl	a	340
@kotatsu_kaya	a	340
@minew	a	340
@pekeko_(pepekekeko)	a	340
@rinzo	a	340
@saf-404	a	340
@usagi_nui	a	340
@utopia	a	340
@wancho	a	340
angel_dust	c	340
ayanokouji_rem	c	340
bachira_meguru	c	340
bondage_mittens	g	340
daffodil	g	340
damian_wayne	c	340
druvis_iii	c	340
energy_drain	g	340
furigana	g	340
hope_estheim	c	340
ilsa_(granblue_fantasy)	c	340
izmir	c	340
linde_(fire_emblem)	c	340
linne	c	340
lovely_x_cation_2	s	340
maid_cafe	g	340
mizuki_yukikaze_(future)	c	340
murasaki_shikibu_(swimsuit_rider)_(fate)	c	340
neck_warmer	g	340
puchiko	c	340
raditz	c	340
ragatha_(the_amazing_digital_circus)	c	340
sampo_koski	c	340
sharp_sign	g	340
she-ra_and_the_princesses_of_power	s	340
shuppet	c	340
sound_wave	g	340
spider-man_(miles_morales)	c	340
star_wars:_visions	s	340
toad_(animal)	g	340
two-tone_choker	g	340
umamusume:_beginning_of_a_new_era	s	340
washio_sumi_wa_yuusha_de_aru	s	340
wii	g	340
wringing_skirt	g	340
yaeno_muteki_(umamusume)	c	340
@b1ack_illust	a	339
@bucchake_(asami)	a	339
@caburi	a	339
@doko_tetora	a	339
@ganari_ryuu	a	339
@hata_kenjirou	a	339
@honi_(honi1010)	a	339
@ie_(raarami)	a	339
@isamu-ki_(yuuki)	a	339
@kaneko_ryou	a	339
@kisaragi_zwei	a	339
@komo_da	a	339
@miyama_amehiko	a	339
@morris1611	a	339
@nishimura_eri	a	339
@ohgi910	a	339
@sutora_binsuke	a	339
@yumekaranigeruna	a	339
@yuzuruka_(bougainvillea)	a	339
akuma_nihmune	c	339
aleksandra_i._pokryshkin	c	339
amagami-san_chi_no_enmusubi	s	339
azumi_(girls_und_panzer)	c	339
barghest_(swimsuit_archer)_(fate)	c	339
beelzebumon_blast_mode	c	339
doujima_ryoutarou	c	339
evenicle	s	339
exiled_warrior_leina	c	339
fanning_crotch	g	339
flower-shaped_hair	g	339
godzilla:_planet_of_the_monsters	s	339
green_apple	g	339
hapymaher	s	339
hibiscus_(arknights)	c	339
high_school_dxd_new	s	339
himawari-san	s	339
himitsu_no_aipri	s	339
holding_bento	g	339
jessie_rasberry	c	339
koopa_troopa	c	339
lego	g	339
li_shuwen_(fate)	c	339
malleus_draconia	c	339
medli	c	339
nozaki_umetarou	c	339
peter_griffin	c	339
phantump	c	339
polteageist	c	339
sidonia_no_kishi	s	339
stamp	g	339
triforce_print	g	339
typewriter	g	339
vega_(street_fighter)	c	339
video_call	g	339
viper_rsr	s	339
weight	g	339
white_swim_trunks	g	339
x-23	c	339
xavier_(love_and_deepspace)	c	339
@aotonbo	a	338
@blueberry_(5959)	a	338
@dise_(psychoro)	a	338
@egawa_satsuki	a	338
@flasso	a	338
@hisae_(hisae_collect)	a	338
@lemontyoisy_r18	a	338
@makaroll	a	338
@mizuno_kurage	a	338
@oruka_(kamituki0827)	a	338
@puririn	a	338
@reel_(riru)	a	338
@sasorigatame	a	338
@sataen	a	338
@shirase_(shirose)	a	338
@umekko	a	338
@usamata	a	338
3koma	g	338
beige_dress	g	338
brodie_helmet	g	338
bronya_zaychik_(herrscher_of_truth)	c	338
capsule	g	338
carina_(one_piece)	c	338
croagunk	c	338
diamond_print	g	338
duijin_ruqun	g	338
elma_(xenoblade_x)	c	338
gondola	g	338
lady_avalon_(second_ascension)_(fate)	c	338
lilo_&_stitch	s	338
marcy_wu	c	338
mystical_high_collar	g	338
nekki_basara	c	338
nijou_ryuu	c	338
oichi_(sengoku_musou)	c	338
pacific_(kancolle)	s	338
paldean_wooper	c	338
pink_leggings	g	338
polka_dot_neckerchief	g	338
puchimasu!	s	338
qiyana_(league_of_legends)	c	338
roselia_(pokemon)	c	338
shirayuki_mizore	c	338
sleepover	g	338
stile_uniform	g	338
sukoya_kana_(1st_costume)	c	338
svd_(girls'_frontline)	c	338
taihou_(seaside_daydreams)_(azur_lane)	c	338
wadanohara	c	338
wet_floor	g	338
xenomorph	c	338
yahagi_kai_ni_(kancolle)	c	338
yuuki_nae	c	338
@akaishi_shiroishi	a	337
@an_yasuri	a	337
@aningay	a	337
@bea_(bropmlk)	a	337
@byulzzi	a	337
@chibirisu	a	337
@ekakibito	a	337
@harukaze_unipo	a	337
@ichi-go	a	337
@irotsuya	a	337
@koissa	a	337
@kotobuki_hajime	a	337
@lobelia_(saclia)	a	337
@maho_moco	a	337
@matsuda_hikari	a	337
@reoen	a	337
@ryoutan	a	337
@shuz_(dodidu)	a	337
@sora_to_umi	a	337
@theycallhimcake	a	337
@yamato_(muchuu_paradigm)	a	337
@yuujin_(yuzinn333)	a	337
@zaofeng	a	337
baymax	c	337
bete_noire	c	337
blackwargreymon	c	337
blood_elf_(warcraft)	c	337
fetus	g	337
foot_grab	g	337
geass	g	337
gold_bra	g	337
hane_(hanetsuki)	g	337
heavy_object	s	337
hiei	c	337
hopeless_masquerade	s	337
jakuri_(ar_tonelico)	c	337
lavi	c	337
legend_of_mana	s	337
lipstick_mark_on_breast	g	337
little_bel_(azur_lane)	c	337
looking_through_own_legs	g	337
mahou_no_tenshi_creamy_mami	s	337
mine_(weapon)	g	337
muzzle_(mask)	g	337
nanbu_kaguya	c	337
niko_(oneshot)	c	337
ninja_(final_fantasy)	c	337
ninjatou	g	337
obelisk_blue_uniform	g	337
older_woman_and_younger_girl	g	337
pumpkin_costume	g	337
pyramid_(geometry)	g	337
rikka_(holostars)	c	337
sarong_lift	g	337
scar_(wuthering_waves)	c	337
sin_sack	c	337
staff_of_homa_(genshin_impact)	g	337
teemo	c	337
the_seven_deadly_sins	s	337
tokoyami_fumikage	c	337
ukraine	g	337
white_album	s	337
xatu	c	337
yuisis_(granblue_fantasy)	c	337
@akino_hamo	a	336
@dkir	a	336
@doran_(doran7280)	a	336
@hedit_(artist)	a	336
@hinata_masaki	a	336
@hogara	a	336
@mameeekueya	a	336
@murakami_hisashi	a	336
@mx2j	a	336
@narumiya_(narumiya)	a	336
@nerukichikatafukuma	a	336
@sacraneco	a	336
@sagami_jon	a	336
@usatsuka_eiji	a	336
@yokappa_(jokappa)	a	336
6_(reverse:1999)	c	336
ak-74	g	336
amagiri_(kancolle)	c	336
arisugawa_himari	c	336
beretta_1301	g	336
bishamonten's_spear	g	336
blood_from_forehead	g	336
cattleya_regina_games	s	336
claw_foot_bathtub	g	336
d-frag!	s	336
dark_precure	c	336
frilled_headband	g	336
ground_shatter	g	336
ice_climber	s	336
jabuchi_you	c	336
lipstick_mark_on_neck	g	336
lord_of_heroes	s	336
manaka_ao	c	336
minami_haruka	c	336
miriam_(bloodstained)	c	336
mothra	c	336
ninja_(ragnarok_online)	c	336
orange_eyeliner	g	336
outer_senshi	g	336
oversized_flower	g	336
pansy	g	336
pikl_(elira_pendora)	c	336
raiden_mei_(herrscher_of_origin)	c	336
rokka_no_yuusha	s	336
san_diego_(azur_lane)	c	336
terra_(kingdom_hearts)	c	336
two-tone_boots	g	336
versailles_no_bara	s	336
vinesauce	s	336
watermelon_hair_ornament	g	336
@choyeon	a	335
@cromwellb	a	335
@dakunart	a	335
@eredhen	a	335
@fuji_fujino	a	335
@haruhata_mutsuki	a	335
@hazuki_(sutasuta)	a	335
@idaten93	a	335
@kikuchi_milo	a	335
@komb	a	335
@konmori_(kinbou_sokai)	a	335
@maeshima_shigeki	a	335
@momizi-kei	a	335
@narumi_arata	a	335
@nidaime_(doronbo)	a	335
@nochita_shin	a	335
@nori_gorou	a	335
@poharo	a	335
@qoopie	a	335
@quasimodox	a	335
@roswell_ss	a	335
@sam_yang	a	335
@sanroku-maru_(unnu)	a	335
@satomi_(black_scarecrow)	a	335
@tadano_magu	a	335
@takahashi_record	a	335
@take_shinobu	a	335
@tommy_(kingdukeee)	a	335
@uzuki_mei	a	335
@vyragami	a	335
abigail_williams_(festival_outfit)_(fate)	c	335
argyle_thighhighs	g	335
chen_hai_(azur_lane)	c	335
cuntboy_with_male	g	335
elincia_ridell_crimea	c	335
flamebringer_(arknights)	c	335
hirume_of_heavenly_incense	c	335
houkago_play	s	335
kamiya_kaoru	c	335
li_shaochung	c	335
momiji_(ninja_gaiden)	c	335
multicolored_male_swimwear	g	335
naka_kai_ni_(kancolle)	c	335
nidai_nekomaru	c	335
okonogi_yuuko	c	335
overman_king_gainer	s	335
penis_comparison	g	335
pokemon_on_back	g	335
real_life_insert	g	335
rearing	g	335
senkou_no_ronde	s	335
shimohira_reika	c	335
shionne_(tales)	c	335
snake_boy	g	335
spongebob_squarepants_(series)	s	335
ugly_bastard	g	335
ushiwakamaru_(fate/grand_order)	c	335
white_curtains	g	335
@chawan_(yultutari)	a	334
@clam_curry	a	334
@dduck_kong	a	334
@donutman	a	334
@ebizome	a	334
@iwasaki_takashi	a	334
@kodamashi	a	334
@kyou_039	a	334
@lufi_ays	a	334
@maruyo	a	334
@maze_yuri	a	334
@mhk_(mechamania)	a	334
@myama	a	334
@nagasioo	a	334
@pokimari	a	334
@pyonpyonmaru	a	334
@raisuta	a	334
@sarasadou_dan	a	334
@tsa	a	334
@tuteurfars_shin	a	334
@wan'yan_aguda	a	334
@wangchuan_de_quanyan	a	334
@youzaiyouzai112	a	334
@yuuichi_(reductionblack)	a	334
@zefrableu	a	334
aladdin_(disney)	c	334
bellossom	c	334
bolter	g	334
buizel	c	334
chimera_(honkai:_star_rail)	g	334
condom_in_clothes	g	334
decora	g	334
delibird	c	334
director_chimera_(spy_x_family)	c	334
eyewear_lift	g	334
flying_whale	g	334
green_tube_top	g	334
gundam_mk_ii	c	334
hapu_(pokemon)	c	334
herlock_sholmes	c	334
holding_snowball	g	334
houzouin_oniwaka	c	334
ib_(kouri)	s	334
izayoi_sakuya_(cosplay)	g	334
kawazoe_tamaki	c	334
kido_saori	c	334
koby_(one_piece)	c	334
loran_cehack	c	334
m14	g	334
m950a_(girls'_frontline)	c	334
mayo_chiki!	s	334
moze_(honkai:_star_rail)	c	334
multi_(to_heart)	c	334
naruto_(classic)	s	334
neneka_(princess_connect!)	c	334
ornate_clothes	g	334
railroad_signal	g	334
reticulated_giraffe_(kemono_friends)	c	334
rokumon_tengai_mon_colle_knight	s	334
rurudo_lion	c	334
sakurai_akane_(girlfriend)	c	334
sakurasawa_sumi	c	334
satou_sei	c	334
shiodome_miuna	c	334
stroking_another's_chin	g	334
sword_print	g	334
veiny_face	g	334
waist_cutout	g	334
yumia_liessfeldt	c	334
@akahi242	a	333
@borscht_(artist)	a	333
@carbon12th	a	333
@fish.boy	a	333
@flippy_(cripine111)	a	333
@fuzukikai	a	333
@gogocherry	a	333
@hanamiya_natsuka	a	333
@hinata_sora	a	333
@hiroya_juuren	a	333
@honnryou_hanaru	a	333
@ina_(1813576)	a	333
@ipuu_(el-ane_koubou)	a	333
@kuguri_oimo	a	333
@mimyo	a	333
@nakadori_(movgnsk)	a	333
@name_omoitukan2	a	333
@porurin_(do-desho)	a	333
@sanuki_(kyoudashya)	a	333
@sila_(carpen)	a	333
@spacecolonie	a	333
@sunaba_(nczd5875)	a	333
@takami_akio	a	333
@takara_akihito	a	333
@ukyo_rst	a	333
amano_maya	c	333
antonio_salieri_(second_ascension)_(fate)	c	333
assisted_peeing	g	333
bisharp	c	333
chiton	g	333
chloe_valens	c	333
cure_precious	c	333
dooby_(vtuber)	c	333
elhaym_van_houten	c	333
fossil	g	333
gourgeist	c	333
grappler_baki	s	333
hirano_toushirou	c	333
hythlodaeus	c	333
kusuriuri_(mononoke)	c	333
maehara_shinobu	c	333
malenia_goddess_of_rot	c	333
meowstic_(male)	c	333
mother_1	s	333
nohara_rin	c	333
nonowa	c	333
photokano	s	333
playstation_4	g	333
relay_baton	g	333
santa_capelet	g	333
spas-12	g	333
stretch_marks	g	333
urasekai_picnic	s	333
vanripper_(style)	g	333
wardrobe	g	333
yomiko_readman	c	333
@aochoku	a	332
@beritabo	a	332
@boke-chan	a	332
@hajime_(hajime-ill-1st)	a	332
@hanada_hyou	a	332
@inuarashi	a	332
@j.c.14	a	332
@kitada_mo	a	332
@mokyutan	a	332
@nishiide_kengorou	a	332
@non_non_moral	a	332
@saizu_nitou_gunsou	a	332
@shake-o	a	332
@st_(youx1119)	a	332
@toshimichi_yukari	a	332
@ukimukai	a	332
@yadome810	a	332
@yoshimoto_(dear_life)	a	332
@yukian	a	332
@yuzumiya_mono	a	332
@zoruboi	a	332
@zozozoshion	a	332
2p_(nier:automata)	c	332
ashigara_kai_ni_(kancolle)	c	332
breastless_leotard	g	332
caspar_von_bergliez	c	332
ceiling_fan	g	332
choujin_gakuen_gowcaizer	s	332
constanze_amalie_von_braunschbank-albrechtsberger	c	332
cure_rouge	c	332
dark_magician_girl_(cosplay)	g	332
fairy_fencer_f	s	332
fuyou_kaede	c	332
grey_sash	g	332
hippopotamus_(kemono_friends)	c	332
horizon_ariadust	c	332
incoming_drink	g	332
karin_(p&d)	c	332
kedama_(touhou)	c	332
key_hair_ornament	g	332
kirby's_return_to_dream_land	s	332
levantine	c	332
light_switch	g	332
may_(gundam_build_divers_re:rise)	c	332
money_gesture	g	332
multicolored_bra	g	332
nearl_the_radiant_knight_(arknights)	c	332
necrass_(arknights)	c	332
ole_tower	s	332
pansage	c	332
pixiv_fantasia_4	s	332
plank	g	332
saimon_misumi	c	332
scryed	s	332
sparrowmon	c	332
star_pillow	g	332
sumire_(blue_archive)	c	332
taiyou_(kancolle)	c	332
tentacle_clothes	g	332
toujou_aya	c	332
touma_kazusa	c	332
touyoko_momoko	c	332
yagami_kou	c	332
@biku	a	331
@chaki_(teasets)	a	331
@crystalcheese_(artist)	a	331
@dako_(dakosito)	a	331
@doremi	a	331
@hiyori_(rindou66)	a	331
@kuria_(clear_trip_second)	a	331
@nami_makoto	a	331
@niwaikanai	a	331
@notora	a	331
@nyahu_(nyahu_77)	a	331
@packge	a	331
@raidon	a	331
@shiden_(sashimi_no_wife)	a	331
@shihou_(g-o-s)	a	331
@sogabe_toshinori	a	331
@stmast	a	331
@takano_natsuki	a	331
@tanaken	a	331
@u_yuz_xx	a	331
@yadapot	a	331
@yuuki_mix	a	331
badminton_racket	g	331
belle_(disney)	c	331
brave_girl_ravens	s	331
browning_m2	g	331
cashier	g	331
chestnut	g	331
chiester410	c	331
clubs	g	331
covered_groin	g	331
deemo	s	331
detroit:_become_human	s	331
dilapidated	g	331
floating_head	g	331
jessie_(pokemon)_(cosplay)	g	331
kriemhild_(fate)	c	331
layered_legwear	g	331
looking_at_hands	g	331
maxie_(pokemon)	c	331
metera_(granblue_fantasy)	c	331
object_in_clothes	g	331
orange_feathers	g	331
ornate	g	331
pangu_terminal_(wuthering_waves)	g	331
papa_no_iu_koto_wo_kikinasai!	s	331
perroccino_(fuwamoco)	c	331
saturday_night_fever	s	331
seven_great_demon_lords	g	331
sheffield_(kancolle)	c	331
shirt_cut_meme	g	331
string_phone	g	331
technoblade	c	331
tenugui	g	331
uzaki_yanagi	c	331
valkyrie_(p&d)	c	331
white_wolf	g	331
@258n	a	330
@arion_canvas	a	330
@bunji	a	330
@cotono_(nazekun)	a	330
@fed_(giba)	a	330
@h-new	a	330
@inu_(marukome)	a	330
@kataku_musou	a	330
@makinaru	a	330
@merryweather	a	330
@monaka_curl	a	330
@nicoby	a	330
@orange_bullet	a	330
@qixia	a	330
@rizento	a	330
@rotix	a	330
@sakaki_(noi-gren)	a	330
@sixten	a	330
@soukou_makura	a	330
@sunday_aki	a	330
@tsu_(lovesick1964)	a	330
80s	g	330
aizen_sousuke	c	330
al_azif	c	330
closure_(arknights)	c	330
craig_tucker	c	330
demon_costume	g	330
falco_lombardi	c	330
feminine	g	330
fighting_vipers	s	330
food-themed_ornament	g	330
grisaia_no_meikyuu	s	330
hades_2	s	330
ibuki_maya	c	330
kaiboukan_no._4_(kancolle)	c	330
koizumi_itsuki_(female)	c	330
kyouno_madoka	c	330
minakawa_sui	c	330
nishimiya_shouko	c	330
phantasy_star_universe	s	330
pidove	c	330
purple-tinted_glasses	g	330
red_ass	g	330
red_fundoshi	g	330
shinmai_fukei_kiruko-san	s	330
spiral_staircase	g	330
star_trail	g	330
stew	g	330
striped_leggings	g	330
superb_bird-of-paradise_(kemono_friends)	c	330
tokoyami_towa_(5th_costume)	c	330
xenoblade_chronicles:_future_connected	s	330
yu_mei-ren_(first_ascension)_(fate)	c	330
yuu-gi-ou_vrains	s	330
@amai_nekuta	a	329
@amogan	a	329
@asura_(asurauser)	a	329
@eip_(pepai)	a	329
@hey_taisyou	a	329
@hiro_hiroki	a	329
@hirune_(konekonelkk)	a	329
@huwari_(dnwls3010)	a	329
@ishida_seito	a	329
@koruse	a	329
@maachin	a	329
@meitarou	a	329
@microsd_(pibo)	a	329
@moe_(hamhamham)	a	329
@mustee	a	329
@neruzou	a	329
@norizc	a	329
@nyonn24	a	329
@rikose	a	329
@roarke_(lavenderincubus)	a	329
@sat-c	a	329
@shimhaq	a	329
@suou_(sdurorhr)	a	329
@torinari_(dtvisu)	a	329
akashi_seijuurou	c	329
bow_gloves	g	329
boy_and_girl_sandwich	g	329
cardigan_(arknights)	c	329
face_jewel	g	329
gigi_andalusia	c	329
grief_seed	g	329
happy_tree_friends	s	329
heterochromatic_eyewear	g	329
hisuian_growlithe	c	329
hooded_pajamas	g	329
indianapolis_(azur_lane)	c	329
jack_howl	c	329
kagune_(tokyo_ghoul)	c	329
kamen_rider_wizard_(series)	s	329
kemono_friends_kingdom	s	329
latex_panties	g	329
less-than-lethal_weapon	g	329
makihara_arina	c	329
meme_request	g	329
moyashimon	s	329
multicolored_sweater	g	329
muse_(amaburi)	c	329
nerine	c	329
night-vision_device	g	329
petilil	c	329
poppi_qtpi_(xenoblade)	c	329
purple_wristband	g	329
reisen_(touhou_bougetsushou)	c	329
release_date	g	329
shadow_of_the_colossus	s	329
smite	s	329
smoking_barrel	g	329
wis'adel_(arknights)	c	329
@baran._(ba_ra_ran)	a	328
@fu_ga_(vivi912912)	a	328
@gin'you_haru	a	328
@hagino_kouta	a	328
@ichinomiya_(blantte)	a	328
@kabocya_na	a	328
@kasuga_(kasuga39)	a	328
@kito_koruta	a	328
@makochin	a	328
@mamedenkyuu_(berun)	a	328
@mutou_kurihito	a	328
@ogre_(illustogre)	a	328
@souma_(ordures)	a	328
@taiger	a	328
@waterkuma	a	328
@yukino_minato	a	328
akishimo_(kancolle)	c	328
alluka_zoldyck	c	328
anna_williams	c	328
arcade_stick	g	328
ashe_(mega_man)	c	328
bokujou_monogatari	s	328
boryeon_(last_origin)	c	328
cheek_piercing	g	328
cho-hakkaimon	c	328
cool_&_sexy_(idolmaster)	g	328
cure_mermaid	c	328
extra_tails	g	328
farfetch'd	c	328
fortune_arterial	s	328
galaktika	c	328
gegege_no_kitarou_6	s	328
gundou_mirei	c	328
hair_belt	g	328
head_harness	g	328
heroine_(pokemon_conquest)	c	328
holding_bass_guitar	g	328
hoothoot	c	328
jakob_(fire_emblem)	c	328
kamizaki_risa	c	328
karibuchi_hikari	c	328
lightning_returns:_final_fantasy_xiii	s	328
miwa_kasumi	c	328
onmyou_kishi_towako	s	328
pekora_(jashin-chan_dropkick)	c	328
pomu_rainpuff_(1st_costume)	c	328
purple_sports_bra	g	328
shingyoku_(touhou)	c	328
shirt_hold	g	328
shirt_tan	g	328
sitrus_berry	g	328
striped_headband	g	328
summoning	g	328
tanikaze_amane	c	328
taser	g	328
toji_no_miko:_kizamishi_issen_no_tomoshibi	s	328
tokimeki_memorial_1	s	328
toudou_shion	c	328
wrist_tattoo	g	328
yoshida_ryouko	c	328
@abe_yoshitoshi	a	327
@amane_(7783)	a	327
@ark_kan	a	327
@captainjerkpants	a	327
@dearmybrothers	a	327
@evomanaphy	a	327
@folait	a	327
@fumiko_(mesushi)	a	327
@himehachi_(hime8manga)	a	327
@hiramedousa	a	327
@hirose_(mokiki)	a	327
@ichihisa	a	327
@inabakun00	a	327
@jikuno	a	327
@kekke	a	327
@koretsuki_azuma	a	327
@kvlen	a	327
@mochigome_(ununquadium)	a	327
@nanahara_fuyuki	a	327
@oda_takayuki	a	327
@polarityplus	a	327
@sakurabe_notos	a	327
@sanemichi_hajime	a	327
@shin'en_(gyokuro_company)	a	327
@shirahane_nao	a	327
@shisoneri	a	327
@taa_(acid)	a	327
@ttanuu.	a	327
@yunimaru	a	327
@yxyyxy	a	327
@zonda_(solid_air)	a	327
aeug	g	327
asami_kei	c	327
at_computer	g	327
blizzard	g	327
chasca_(genshin_impact)	c	327
cracker	g	327
crazy_grin	g	327
dryad	g	327
eternal_sugar_cookie	c	327
fujimoto_rina	c	327
gaze_on_me!_outfit_(umamusume)	g	327
happy_peeing	g	327
headboard	g	327
holding_trumpet	g	327
in_shopping_cart	g	327
isara_mao	c	327
julia_chang	c	327
kanzaki_aoi_(kimetsu_no_yaiba)	c	327
koporu	g	327
kumacy	c	327
kunashiri_(kancolle)	c	327
ligne_claire	g	327
linkle	c	327
lucia:_plume_(punishing:_gray_raven)	c	327
luxury_ball	g	327
m.o.m.o.	c	327
mahou_tsukai_no_yome	s	327
masterwork_apocalypse	s	327
mirae_(closers)	c	327
miya_atsumu	c	327
orchid	g	327
orga_itsuka	c	327
ossan_kyoushi_no_joshikousei_tsuma_ga_yarichin_danshi_ni_netorareru_hanashi	s	327
pon_de_ring	g	327
red_haori	g	327
shaking_head	g	327
shiva_(final_fantasy)	c	327
sigui_(queen's_blade)	c	327
titania_(sao)	c	327
torn_vest	g	327
truss	g	327
tsuburaya_productions	s	327
ultra_kaijuu_gijinka_keikaku	s	327
weapon_merchant_cattleya	c	327
@absol_(dkqthf)	a	326
@bacius	a	326
@brekkist	a	326
@elite_nappa	a	326
@fujitaka_nasu	a	326
@gamuo	a	326
@iwamoto_zerogo	a	326
@jiino	a	326
@landacdeus	a	326
@lumineko	a	326
@midori_niku	a	326
@mijinko_(rioriorio)	a	326
@modeseven	a	326
@mofuaki	a	326
@sikijou77o	a	326
@srpzk	a	326
@tama_(tama-s)	a	326
@udukikosuke	a	326
@ugume	a	326
@veiled616	a	326
@watatanza	a	326
@yasuhiko_yoshikazu	a	326
@yogurt_bakudan	a	326
3:<	g	326
after_cunnilingus	g	326
alpha_(punishing:_gray_raven)	c	326
archer_(ragnarok_online)	c	326
chiya_(urara_meirochou)	c	326
core	g	326
duffy_and_friends	g	326
ezio_auditore_da_firenze	c	326
fabric	g	326
flaming_halo	g	326
height_mark	g	326
hirako_shinji	c	326
iyowa_girls	s	326
justice_league	s	326
kali_belladonna	c	326
kao_no_nai_tsuki	s	326
kyonyuu_majo	s	326
lovely_x_cation	s	326
millions_knives	c	326
mole_on_crotch	g	326
narberal_gamma	c	326
odd_taxi	s	326
otome_ga_tsumugu_koi_no_canvas_futari_no_gallery	s	326
plumeria_(pokemon)	c	326
poromon	c	326
print_tank_top	g	326
rio_(bodysuit)_(blue_archive)	c	326
schierke_(berserk)	c	326
shiokko_(murasaki_shion)	c	326
silver_bracelet	g	326
sussurro_(summer_flower)_(arknights)	c	326
suzuhara_touji	c	326
tight_skirt	g	326
tsukahara_izumi	c	326
tsukiumi	c	326
world_of_warships	s	326
yumeoi_kakeru	c	326
@arima_(arima_bn)	a	325
@bakuya	a	325
@bob_(biyonbiyon)	a	325
@chichibu_(watson)	a	325
@fuusuke_(fusuke208)	a	325
@gmotida	a	325
@jouhou	a	325
@kamo_kamen	a	325
@maguro27	a	325
@oohira_sunset	a	325
@poch4n	a	325
@shipu_(gassyumaron)	a	325
@songchuan_li	a	325
@taikyokuturugi	a	325
@tarmo	a	325
@tono_(rt0no)	a	325
@twumi	a	325
@uya_(yurukah)	a	325
@watanuki_kaname	a	325
@yunkaiming	a	325
@zakki	a	325
akagi-chan_(azur_lane)	c	325
amano_yoshitaka_design	g	325
american_beaver_(kemono_friends)	c	325
ankle_wings	g	325
aqua_eyeshadow	g	325
bass_(mega_man)	c	325
beef	g	325
cross_pendant	g	325
fuiba_fuyu	c	325
furinji_miu	c	325
hagakure_yasuhiro	c	325
hair_tassel	g	325
hair_tied_back	g	325
holding_utensil	g	325
humor	g	325
kaguya_(blue_archive)	c	325
kira_tsubasa	c	325
leg_focus	g	325
li_meiling	c	325
mary_read_(fate)	c	325
namiuchigiwa_no_muromi-san	s	325
new_mask_of_hope	g	325
nogami_aoi	c	325
noumu_(boku_no_hero_academia)	c	325
pancham	c	325
red_goggles	g	325
rika_(touhou)	c	325
saw_cleaver	g	325
servamp	s	325
shoe_belt	g	325
southern_tamandua_(kemono_friends)	c	325
stack	g	325
stone_free	c	325
torkoal	c	325
toushinden	s	325
triple_wielding	g	325
tsubasa_chronicle	s	325
twi'lek	c	325
wedding_lingerie	g	325
xxxholic	s	325
zarya_(overwatch)	c	325
@akamaru	a	324
@appleq	a	324
@axsen	a	324
@berry_jou	a	324
@borvar	a	324
@chowbie	a	324
@erect_sawaru	a	324
@hamsterfragment	a	324
@hara_kenshi	a	324
@hijiri_tsukasa	a	324
@ichiren_takushou	a	324
@jam-orbital	a	324
@kanapy	a	324
@kaneni	a	324
@lix_(iroiro3843)	a	324
@miata_(miata8674)	a	324
@neko_(yanshoujie)	a	324
@p_(tidoriashi)	a	324
@pandain	a	324
@phamoz	a	324
@ri_(qrcode)	a	324
@sakuremi	a	324
@spykeee	a	324
@tokuno_yuika	a	324
alolan_ninetales	c	324
coco's	s	324
dengeki_g's	s	324
dungeon_travelers_2	s	324
fartooth_(arknights)	c	324
flailing	g	324
fruit_bowl	g	324
fuyuki_minami	c	324
gargoyle	g	324
hexagram_hair_ornament	g	324
i-400_(kancolle)	c	324
inaba_mob_(touhou)	c	324
indomitable_(ms._motivationless_maid)_(azur_lane)	c	324
kagami_hayato	c	324
kenzen!_hentai_kouboku_no_tsutome	s	324
keramon	c	324
material-s	c	324
medicine_pocket	c	324
miteiru_(shirakami_fubuki)	c	324
pointing_gun	g	324
pom_pom_hat_ornament	g	324
power_strip	g	324
ring_dream	s	324
senjou_no_valkyria_2	s	324
shield_print	g	324
shinkyoku_soukai_polyphonica	s	324
shoulder-to-shoulder	g	324
skuld_(aa_megami-sama)	c	324
sleeping_beauty	s	324
taranza	c	324
tsurumiku	s	324
u-1146	c	324
wailord	c	324
@achmad_faisal	a	323
@amashun	a	323
@banishment	a	323
@barleyshake	a	323
@cheeso_art	a	323
@chinchongcha	a	323
@dasha	a	323
@hagioshi	a	323
@hinami047	a	323
@hiroe_rei	a	323
@ichiren_namiro	a	323
@jikihatiman	a	323
@ka2	a	323
@kanten	a	323
@kotatsu_(kotatsu3)	a	323
@kougi_hiroshi	a	323
@kuga_tsukasa	a	323
@mameshiba_(pixiv_59310)	a	323
@naruko_hanaharu	a	323
@shiki_(catbox230123)	a	323
@spirytus_tarou	a	323
@suna_(s73d)	a	323
@wakino_keibun	a	323
@yozora	a	323
@yukiu_con	a	323
aldra_(queen's_blade)	c	323
alternate_size	g	323
anastasia_(swimsuit_archer)_(fate)	c	323
bitten_apple	g	323
bokutachi_wa_hitotsu_no_hikari	g	323
bucket_on_head	g	323
chameleon_tail	g	323
cyrus_(pokemon)	c	323
dorothy_haze	c	323
elle_mel_marta	c	323
feather-trimmed_dress	g	323
griffin_&_kryuger	g	323
growlanser	s	323
guts_(kill_la_kill)	c	323
hapi_(fire_emblem)	c	323
happy_sugar_life	s	323
high-explosive_anti-tank_(warhead)	g	323
hoe	g	323
igglybuff	c	323
kagamine_len_(append)	c	323
kohibari_kurumi	c	323
kokonose_haruka	c	323
limited/zero_over	c	323
love_x_holic_~miwaku_no_otome_to_hakudaku_kankei~	s	323
maple_tree	g	323
master_ball	g	323
mysterious_heroine_x_alter_(second_ascension)_(fate)	c	323
painting_nails	g	323
proto_man	c	323
resident_evil:_revelations	s	323
retoree_(show_by_rock!!)	c	323
sakaki_yumiko	c	323
sin_kiske	c	323
snowflake_ornament	g	323
strawberry_parfait	g	323
swirlix	c	323
tachikawa_ayaka	c	323
theresa_apocalypse_(valkyrie_pledge)	c	323
tiny_evil	s	323
toe_seam	g	323
tomotake_yoshino	c	323
@akazawa_red	a	322
@amiami	a	322
@atoshi	a	322
@buzz_(moi)	a	322
@casul	a	322
@chocoan	a	322
@detnox	a	322
@eigaka	a	322
@gaothun	a	322
@gochou_(kedama)	a	322
@kabocha_(monkey4)	a	322
@kaminosaki	a	322
@karan	a	322
@kasumi_saika	a	322
@kinbakuman	a	322
@masaru.jp	a	322
@mocacoffee_1001	a	322
@mucc_(ren0522)	a	322
@nush_advance	a	322
@ogino_(oginogino)	a	322
@quasarcake	a	322
@shou937	a	322
@wakku_kan	a	322
@yui_(tamagohan)	a	322
@zumi_(zumidraws)	a	322
argyle_shirt	g	322
asclepius_(fate)	c	322
asgore_dreemurr	c	322
astra_militarum	c	322
batman_symbol	g	322
bazooka_(gundam)	g	322
blue_towel	g	322
crown_earrings	g	322
dawn_(pokemon)_(cosplay)	g	322
dna	g	322
fierce_deity	c	322
fur_bracelet	g	322
gakusen_toshi_asterisk	s	322
golbat	c	322
hellhound_(monster_girl_encyclopedia)	c	322
hikigaya_komachi	c	322
hiyoku_no_crosspiece	s	322
kaga_nazuna	c	322
katsura_kotarou	c	322
kemono_jihen	s	322
kokutou_mikiya	c	322
kud_wafter	s	322
kudou_fuyuka	c	322
loli_harem	g	322
maria_renard	c	322
marisol_(omori)	g	322
metal_wrist_cuffs	g	322
michishio_kai_ni_(kancolle)	c	322
monoglove	g	322
neptune_(azur_lane)	c	322
no_anus	g	322
official_alternate_design	g	322
pov_cheek_grabbing_(meme)	g	322
rectangular_earrings	g	322
short_pants	g	322
souya_ichika	c	322
wiccan	c	322
@55bata6rou	a	321
@akito_(d30n26)	a	321
@aokura_shou	a	321
@ar_(rikuesuto)	a	321
@berabou	a	321
@cloudxmoe	a	321
@eddarxart	a	321
@emanon123	a	321
@gomzi	a	321
@himukai_yuuji	a	321
@hiropon_(hjxp2347)	a	321
@kagiyama_shachou	a	321
@kirishima_riona	a	321
@kuroishi_ringo	a	321
@makimura_shunsuke	a	321
@mitsudoue	a	321
@neku_oneneko	a	321
@nishida_asako	a	321
@ryuuneart	a	321
@silver_bullet_(ecc12_8)	a	321
@sogaya	a	321
@stain_(artist)	a	321
@tatekawa_mako	a	321
@tokiame	a	321
@tsukiyo_no_ribbon	a	321
@u_na_765	a	321
@villainchin	a	321
@yuura	a	321
@yuyuki_nao	a	321
antarcticite	c	321
arm_wrestling	g	321
arung_samudra_(cessa)	c	321
arurandeisu	c	321
beaver_ears	g	321
candice_catnipp	c	321
checkered_bowtie	g	321
chisa_(wuthering_waves)	c	321
claire_harvey	c	321
cure_wing	c	321
dokibird_(vtuber)_(bounty_hunter)	c	321
eye_of_providence	g	321
fake_bunny_ears	g	321
farah_oersted	c	321
fladramon	c	321
gold_teeth	g	321
handcuffed	g	321
human_head	g	321
i-203_(kancolle)	c	321
ibarazaki_emi	c	321
ikuta_haruki	c	321
image_in_speech_bubble	g	321
imminent_suicide	g	321
jamadhar	g	321
kanada_toshu	c	321
katsuragi_shiori	c	321
kendo	g	321
kikyou_(inuyasha)	c	321
loki_(fire_emblem)	c	321
looking_at_ass	g	321
marie_(persona_4)	c	321
mereoleona_vermillion	c	321
necktie_around_wrists	g	321
neuroi	c	321
ppk_(girls'_frontline)	c	321
rabi-ribi	s	321
reverse_grip_handjob	g	321
sheep_boy	g	321
shizuko_(swimsuit)_(blue_archive)	c	321
soldier_11_(zenless_zone_zero)	c	321
splat_roller_(splatoon)	g	321
spoken_symbol	g	321
squishing	g	321
suggestive	g	321
suou_(blue_archive)	c	321
the_legend_of_zelda_(nes)	s	321
toilet_seat	g	321
uwu	g	321
@2n5	a	320
@achan_(blue_semi)	a	320
@anarogumaaa	a	320
@applekun	a	320
@brat_(brabrabrat00)	a	320
@djcomps	a	320
@doraeshi	a	320
@dr._bug	a	320
@franberyll	a	320
@genkung	a	320
@goguma_wagamja	a	320
@imamiya_pinoko	a	320
@kaikoinu	a	320
@machigami_yoh	a	320
@natori_youkai	a	320
@neku_(neku_draw)	a	320
@neone	a	320
@nightmare77zx	a	320
@oekakiism	a	320
@ram_hachimin	a	320
@u-non_(annon'an)	a	320
amaori_renako	c	320
areola_piercing	g	320
beerus	c	320
beowulf_(fate)	c	320
bidoof	c	320
bisected	g	320
blood_drop	g	320
brown_sclera	g	320
bubble_head_nurse	c	320
burp	g	320
clothes_gag	g	320
death_note_(object)	g	320
diner	g	320
dobermann_(arknights)	c	320
encore_(wuthering_waves)	c	320
eyjafjalla_the_hvit_aska_(arknights)	c	320
fur-trimmed_armor	g	320
huadian	g	320
inazuma_eleven_ares_no_tenbin	s	320
ishikawa_goemon_xiii	c	320
jounouchi_katsuya	c	320
kamen_rider_double	c	320
keith_(voltron)	c	320
kisaragi_ren_(vtuber)	c	320
kunou_tatewaki	c	320
lace-up	g	320
lotad	c	320
mismatched_socks	g	320
napoli_no_otokotachi	s	320
no_coat	g	320
nogizaka_haruka_no_himitsu	s	320
nymph_(arknights)	c	320
pepperoni	g	320
phantom_kingdom	s	320
red_flag	g	320
scarlet_witch	c	320
seele_vollerei_(swallowtail_phantasm)	c	320
selena_(punishing:_gray_raven)	c	320
sesame_seeds	g	320
skull_tattoo	g	320
solitude_rain_(love_live!)	g	320
super_robot_wars_x-omega	s	320
tamaki_(doa)	c	320
toki_wo_kakeru_shoujo	s	320
tome_of_the_night_sky	c	320
uki_violeta	c	320
xander_(aotu_world)	c	320
yagai_gakushuu	s	320
yuzuriha_(jigokuraku)	c	320
zaizen_tokiko	c	320
@3gs	a	319
@akata_itsuki	a	319
@asu_hare	a	319
@awarinko	a	319
@brassica	a	319
@driftkingtw	a	319
@ikari_(aor3507)	a	319
@ikeda_ruriko	a	319
@jj_(ssspulse)	a	319
@kujira_naoto	a	319
@megateru	a	319
@meteorreb0rn	a	319
@nakasone_haiji	a	319
@nian_(zhanian)	a	319
@nyori	a	319
@qtkat	a	319
@raikoart	a	319
@ruuto_(sorufu)	a	319
@sakurai_energy	a	319
@shiodome_oji	a	319
@sokura_(mochichitose)	a	319
@tai_(nazutai)	a	319
@tsukinami_kousuke	a	319
@xfate	a	319
@yug_(ekaki)	a	319
@zeronis	a	319
amagase_touma	c	319
aoyama_sumika	c	319
ashwatthama_(fate)	c	319
asymmetrical_breasts	g	319
ayra_(fire_emblem)	c	319
azumanga_daioh's_school_uniform	g	319
bad_end_precure	c	319
bamboo_fence	g	319
brionne	c	319
clockwork	g	319
coconut_cup	g	319
dive_ball	g	319
face_punch	g	319
foaming_at_the_mouth	g	319
foot_pussy	g	319
forced_kiss	g	319
heavenly_boat_maanna	g	319
hibiki_dan	c	319
iori_utahime	c	319
jigsaw_puzzle	g	319
judd_(splatoon)	c	319
kagerou_kai_ni_(kancolle)	c	319
large_clitoris	g	319
lora_(xenoblade)	c	319
luigi_di_savoia_duca_degli_abruzzi_(kancolle)	c	319
may-be_soft	s	319
miki_sayaka_(cosplay)	g	319
mr._mime	c	319
mukyuu	g	319
oohashi_high_school_uniform	g	319
otonashi_kiruko	c	319
pincushion	g	319
pink_bandana	g	319
pov_peephole	g	319
purple_blood	g	319
rabbit_platoon_(blue_archive)	g	319
rainbow_flag	g	319
seulbi_lee	c	319
souza_samonji	c	319
tamamo_cat_(second_ascension)_(fate)	c	319
tamura_hiyori	c	319
tenjou_tenge	s	319
wet_spot	g	319
yellow_male_underwear	g	319
@anizi	a	318
@criin_(659503)	a	318
@cuteg	a	318
@darkwaifutrap	a	318
@fadingz	a	318
@iroha_(iroha_matsurika)	a	318
@kagarimachi_konatsu	a	318
@kazane-wind	a	318
@kurebayashi_noe	a	318
@materclaws	a	318
@mikage_sekizai	a	318
@minarai	a	318
@nodachi_(artist)	a	318
@osame	a	318
@owa_(ishtail)	a	318
@peach88	a	318
@saitou_(lynx-shrike)	a	318
@sanamaru_(sana79261827)	a	318
@uchuuneko	a	318
@unagiman	a	318
@xxzero	a	318
@yam_(yamap_mako)	a	318
@yanje	a	318
aardwolf_(kemono_friends)	c	318
artorias_the_abysswalker	c	318
blue_delmo	c	318
cheryl_(pokemon)	c	318
chest_rig	g	318
chicken_nuggets	g	318
cure_star	c	318
downturned_eyes	g	318
eric_cartman	c	318
fatal_frame_2	s	318
guide	g	318
hakumen	c	318
holding_bullet	g	318
holding_chibi	g	318
izuna_(shinrabanshou)	c	318
kagura_chizuru	c	318
kino_aki	c	318
kurohebi	c	318
kuwata_leon	c	318
lala_(monster_musume)	c	318
leather_vest	g	318
maaryan_(to_heart)	c	318
mario_kart_wii	s	318
peanut	g	318
pink_tube_top	g	318
postcard	g	318
rainbow_skirt	g	318
ramona_flowers	c	318
riesbyfe_stridberg	c	318
robotic_vacuum_cleaner	g	318
smartwatch	g	318
sophie_twilight	c	318
spell	g	318
streets_of_rage	s	318
sunohara_youhei	c	318
tail_belt	g	318
virginia_knights	c	318
yakishio_lemon	c	318
zipper_bikini	g	318
@0k0j0	a	317
@9is	a	317
@ankoman	a	317
@aoi_tete	a	317
@cypress	a	317
@gofelem	a	317
@hide_(hideout)	a	317
@himukai_kyousuke	a	317
@kuzuvine	a	317
@meltyvixen	a	317
@meunhongcha	a	317
@mijikayo	a	317
@nicorima	a	317
@nuka_(nvkka)	a	317
@oozora_itsuki	a	317
@orobou	a	317
@ourobot	a	317
@polilla	a	317
@pomu_(joynet)	a	317
@re_(re_09)	a	317
@shi_chimi	a	317
@shigure_s	a	317
@shima-shuu	a	317
@tajima_yoshikazu	a	317
@takeyuu	a	317
alphys	c	317
amemiya_nazuna	c	317
apologizing	g	317
araki_hina	c	317
australian_devil_(kemono_friends)	c	317
baltimore_(finish_line_flagbearer)_(azur_lane)	c	317
bandages_around_chest	g	317
black_wetsuit	g	317
blue_archive_the_animation	s	317
breast_fondle	g	317
brush_stroke	g	317
butterfly_hat_ornament	g	317
chiikawa	s	317
chinese_armor	g	317
comic_girls	s	317
deborah_(dq5)	c	317
doujinshi	g	317
emil_(nier)	c	317
garage	g	317
girl_holding_a_cat_(kancolle)	c	317
gradient_shirt	g	317
hindenburg_(delirious_duel)_(azur_lane)	c	317
hrothgar	g	317
kanojo_x_kanojo_x_kanojo	s	317
kintoki_(sakura_miko)	c	317
maho	c	317
mail	g	317
master_of_eternity	s	317
medic	g	317
minneapolis_(azur_lane)	c	317
nanatsuiro_drops	s	317
nitocris_alter_(fate)	c	317
odaibako	s	317
ophelia_phamrsolone	c	317
orie_(under_night_in-birth)	c	317
parthenon_(company)	s	317
partially_open_jacket	g	317
pegasus_seiya	c	317
phantom_(arknights)	c	317
ponyta	c	317
reflective_surface	g	317
ri_kouran	c	317
sdorica	s	317
see-through_one-piece_swimsuit	g	317
spartan_(halo)	c	317
spilled_milk	g	317
spiritomb	c	317
stake	g	317
tari_tari	s	317
the_evil_within	s	317
togetic	c	317
tossing	g	317
touhou_gensou_eclipse	s	317
wailmer	c	317
welding_mask	g	317
window_light	g	317
yellow_wrist_cuffs	g	317
@cheshirrr	a	316
@cloneko_(zelmeledf2)	a	316
@ecoruby	a	316
@fenrir_(fenriluuu)	a	316
@fujii_eishun	a	316
@giorgio_(yo_sumire_sola1)	a	316
@jeze	a	316
@kamikita_futago	a	316
@kasuya_baian	a	316
@kkix25	a	316
@linda	a	316
@mizunashi_kenichi	a	316
@morita_kazuaki	a	316
@oomasa_teikoku	a	316
@qian_wu_atai	a	316
@shadow_xcp	a	316
@suna_(sandworks)	a	316
@tyson_tan	a	316
@vickie_(cryingrobot)	a	316
@watsuki_ayamo	a	316
anne_(shingeki_no_bahamut)	c	316
artemis_(fate)	c	316
asahina_momoko	c	316
ashes	g	316
barakamon	s	316
blue-tinted_glasses	g	316
bodysuit_pull	g	316
coconut_(nekopara)	c	316
collared_cloak	g	316
doritos	s	316
figure_skating_dress	g	316
food-themed_creature	g	316
foodgasm	g	316
frilled_boots	g	316
ghost_hands	g	316
hattori_shizuka	c	316
hoozuki_suigetsu	c	316
image_in_thought_bubble	g	316
juggling	g	316
kaijin	g	316
kurata_mashiro	c	316
kurusugawa_ayaka	c	316
kuze_shizuka	c	316
laby_(elsword)	c	316
lilith_(second_ascension)_(fate)	c	316
loogamon	c	316
machi_komacine	c	316
mudsdale	c	316
nazo_no_kanojo_x	s	316
nazuna_(hidamari_sketch)	c	316
night_elf_(warcraft)	c	316
orange_pubic_hair	g	316
osana_najimi_(komi-san_wa_komyushou_desu)	c	316
panty_tug	g	316
paper_hat	g	316
penthesilea_(fate)	c	316
poochyena	c	316
red_tulip	g	316
rune_factory_3	s	316
sara_(touhou)	c	316
shantae:_half-genie_hero	s	316
spy_kyoushitsu	s	316
summer_pockets_school_uniform	g	316
tejina_senpai	c	316
tennis_net	g	316
textbook	g	316
thick_neck	g	316
vivillon	c	316
warzard	s	316
y2k_fashion	g	316
yellow-tinted_glasses	g	316
yoshida_kazumi	c	316
yuuhi_(cookie)	c	316
@akano_murasaki	a	315
@amahara_subaru	a	315
@bang-you	a	315
@bebebe_(pepegakii)	a	315
@blast_(lyricbox)	a	315
@chixiao	a	315
@chounorin	a	315
@cris_art	a	315
@dbmaster	a	315
@duoj_ji	a	315
@flatculture	a	315
@fujiko_(emnprmn)	a	315
@hakusyokuto	a	315
@jin_(mugenjin)	a	315
@len_(hand_linke)	a	315
@lingshalan	a	315
@miruto_netsuki	a	315
@nolia	a	315
@parapetto	a	315
@rei_hinketsu	a	315
@sama_samasa	a	315
@the_atko	a	315
@tripdancer	a	315
@tyrone	a	315
@uchuu_ika	a	315
@uona_telepin	a	315
@wasabi_(sekai)	a	315
azure_striker_gunvolt_3	s	315
comic_aun	s	315
coral_hair_ornament	g	315
crossed_swords	g	315
crystal_horns	g	315
dunsparce	c	315
eye_hair_ornament	g	315
hatchet_(axe)	g	315
holding_laptop	g	315
house_dragonmaid	c	315
kouya_aotsuki	c	315
legs_behind_head	g	315
leorio_paladiknight	c	315
manga_illustration	g	315
masking_tape_(medium)	m	315
mega_charizard_x	c	315
megumin_(cosplay)	g	315
miss_monochrome	s	315
miss_monochrome_(character)	c	315
moomoo_milk	g	315
naked_labcoat	g	315
nefertimon	c	315
nippon_animation	s	315
ogata_rizu	c	315
peeing_in_bottle	g	315
pinstripe_hat	g	315
ribeyrolles_(girls'_frontline)	c	315
rpg	g	315
simon_blackquill	c	315
single_leg_warmer	g	315
skarmory	c	315
strangulation	g	315
striped_apron	g	315
twitter_cutting_game	g	315
uub	c	315
wet_male_underwear	g	315
wood_carving_tool	g	315
yami_to_boushi_to_hon_no_tabibito	s	315
@aa211108	a	314
@ariga_hitoshi	a	314
@cider1289	a	314
@david_liu	a	314
@hatomame	a	314
@hitsuki_rei	a	314
@houkisei	a	314
@imazawa	a	314
@komakoma_(magicaltale)	a	314
@makai_no_juumin	a	314
@mizusoba	a	314
@mizuyan	a	314
@morino_bambi	a	314
@mugita_konomi	a	314
@oishi_kuwagata	a	314
@platunoy_787	a	314
@pupi_(rain_prophet)	a	314
@seungju_lee	a	314
@shiki_(shikki46)	a	314
@shinki_(shinki59)	a	314
@shouu-kun	a	314
@tamiya_akito	a	314
@torii_yoshitsuna	a	314
@viola_(seed)	a	314
@wakataku	a	314
aerodactyl	c	314
animage	s	314
anthuria	c	314
arm_fins	g	314
bow_camisole	g	314
clover_earrings	g	314
danganronpa_10th_anniversary_costume	g	314
douma_(kimetsu_no_yaiba)	c	314
earflap_hat	g	314
fediel_(granblue_fantasy)	c	314
free_use	g	314
haneyama_kazuho	c	314
hulkling	c	314
hyakko	s	314
jade_curtiss	c	314
kamen_rider_ooo	c	314
katou_umi	c	314
kazemachi_haruka	c	314
kemomimi_oukoku_kokuei_housou	s	314
kessoku_band	g	314
lee-enfield	g	314
leonmitchelli_galette_des_rois	c	314
lilka_eleniak	c	314
menpoo	g	314
mercury_(element)	g	314
papika_(flip_flappers)	c	314
pendant_earring	g	314
pui_pui_molcar	s	314
rabbit_panties	g	314
sawachika_eri	c	314
shining_resonance	s	314
star_nun_(diva)	c	314
sword_art_online:_memory_defrag	s	314
table_tennis_ball	g	314
taihou_(phoenix's_spring_song)_(azur_lane)	c	314
takao_(full_throttle_charmer)_(azur_lane)	c	314
taxi	g	314
tokisaki_asaba	c	314
triangle_background	g	314
tsuyuri_kumin	c	314
zayne_(love_and_deepspace)	c	314
zhuge_kongming_(honkai_impact)	c	314
@akamatsu_ken	a	313
@amatsuji	a	313
@batsu	a	313
@dango_mushi	a	313
@demorzel	a	313
@goumonsha	a	313
@greenteaneko	a	313
@higa_yukari	a	313
@hinata_nao	a	313
@isuka	a	313
@kozakura_(dictionary)	a	313
@mamyouda	a	313
@mirufui	a	313
@nipi27	a	313
@pedocchi	a	313
@phat_smash	a	313
@pinakes	a	313
@shanyao_jiang_tororo	a	313
@shigekikkusu	a	313
@sonnano_ari	a	313
@sukumo_(kemutai)	a	313
@uni_(plastic_girl)	a	313
@yabai_gorilla	a	313
@yutamaro	a	313
@yuyu_(00365676)	a	313
akumi_(yoclesh)	c	313
animal_charm	g	313
brown_sky	g	313
cecilia_(shiro_seijo_to_kuro_bokushi)	c	313
desco_(disgaea)	c	313
eria_the_water_charmer	c	313
fall_guys	s	313
fighting_miku_(project_voltage)	c	313
fly_agaric	g	313
gymnastics_ribbon	g	313
hakama_lift	g	313
happy_holidays	g	313
izayoi_miku	c	313
kagamine_rin_(append)	c	313
kasamoto_eri	c	313
kirigakure_shura	c	313
kitkallos_(yu-gi-oh!)	c	313
kokonoe_shinobu	c	313
kono_bijutsubu_niwa_mondai_ga_aru!	s	313
kousetsu_samonji	c	313
la_manchaland's_don_quixote_(project_moon)	g	313
lip_ring	g	313
mewkledreamy	s	313
middle_w	g	313
miyadeguchi_mizuchi	c	313
moritaka_(housamo)	c	313
nono_(top_wo_nerae_2!)	c	313
object_kiss	g	313
ooarai_naval_school_uniform	g	313
piers_nivans	c	313
pornhub	s	313
postbox_(outgoing_mail)	g	313
purple_eyeliner	g	313
rolling_pin	g	313
rulue_(puyopuyo)	c	313
selim_bradley	c	313
shiny_luminous	c	313
spark_(pokemon)	c	313
tasmanian_devil_ears	g	313
thoma_h._norstein	c	313
winona_(pokemon)	c	313
zero_unit	g	313
@akaoni_(zumt3548)	a	312
@anythinggoes	a	312
@asagiri	a	312
@ashita_(2010)	a	312
@bunalonne	a	312
@chiroshiron	a	312
@cirima	a	312
@holy_meh	a	312
@ichio	a	312
@ikeshita_moyuko	a	312
@ireading	a	312
@jewel_(the_black_canvas)	a	312
@jp06	a	312
@maxa'	a	312
@minakata_sunao	a	312
@mo23	a	312
@nanin	a	312
@nivi	a	312
@panqlao	a	312
@pyon-kichi	a	312
@rasahan	a	312
@rise_(rise19851203)	a	312
@simz	a	312
@zeatto	a	312
azusa_mifuyu	c	312
beast_wars	s	312
biohazard_symbol	g	312
body_heat	g	312
bulge_to_ass	g	312
clash	g	312
climbing_ladder	g	312
curren_bouquetd'or_(umamusume)	c	312
dizzy	g	312
frog_headband	g	312
gorillaz	s	312
green_lantern_(series)	s	312
ham	g	312
holding_sheet	g	312
ichii_tooru	c	312
ikebukuro_akiha	c	312
inuyama_tamaki	c	312
jinbaori	g	312
kagamihara_sakura	c	312
kamen_rider_gaim_(series)	s	312
laguz_(fire_emblem)	c	312
lily_hopkins	c	312
lycanroc_(midday)	c	312
mary_stuart	c	312
mechanical_spine	g	312
mega_lucario	c	312
minamoto_chizuru	c	312
momoyama_mirai	c	312
music_stand	g	312
orange_armband	g	312
perfumer_(arknights)	c	312
pola_(seaside_coincidence)_(azur_lane)	c	312
print_coat	g	312
rejection	g	312
ryuuto_henge	c	312
see-through_dress_layer	g	312
sekhmet_of_death	c	312
shaymin_(sky)	c	312
sophie_(howl_no_ugoku_shiro)	c	312
square_mouth	g	312
super-shorty_(girls'_frontline)	c	312
teletha_testarossa	c	312
vsinger	s	312
wanda_maximoff	c	312
white_tulip	g	312
yashiro_kizuku	c	312
@aki663	a	311
@amagasa_higasa	a	311
@araizumi_rui	a	311
@blue_gk	a	311
@cherry-gig	a	311
@gaketsu	a	311
@ggli_(yuine_wantan)	a	311
@kemurin	a	311
@kirome_(kamipaper)	a	311
@kolshica	a	311
@mafen	a	311
@matsuo_yukihiro	a	311
@mazume	a	311
@nanase_meruchi	a	311
@plum_(arch)	a	311
@r-mk	a	311
@reddizen	a	311
@ryouta_(ryouta335)	a	311
@sakifox	a	311
@sakura_ran	a	311
@shamonabe	a	311
@shuuzo3	a	311
@suprii	a	311
@take_(shokumu-taiman)	a	311
@tenpa_(tenpa2190)	a	311
@terada_ochiko	a	311
@tomoo_(tomo)	a	311
@warainaku	a	311
@xephonia	a	311
@yoshiki	a	311
@zabudog777	a	311
agent_3_(splatoon_3)	c	311
baltimore_(after-school_ace)_(azur_lane)	c	311
barbara_(dq6)	c	311
blue_bracelet	g	311
blue_sandals	g	311
charlotte_hazellink	c	311
crow_armbrust	c	311
dark_miku_(project_voltage)	c	311
earlobes	g	311
falkyrie_no_monshou	s	311
holy_grail_(fate)	g	311
implied_murder	g	311
kamimura_akiko	c	311
kroos_the_keen_glint_(arknights)	c	311
kuramitsu_mihoshi	c	311
lunafreya_nox_fleuret	c	311
miyamoto_musashi_(first_ascension)_(fate)	c	311
mochizuki_chiyome_(fate)	c	311
mudrock_(obsidian)_(arknights)	c	311
nagato_(great_fox's_respite)_(azur_lane)	c	311
nogi_wakaba_wa_yuusha_de_aru	s	311
obstagoon	c	311
oerba_dia_vanille	c	311
orange_overalls	g	311
phineas_and_ferb	s	311
purity_seal	g	311
quistis_trepe	c	311
rin_(inuyasha)	c	311
roadhog_(overwatch)	c	311
rogue_(ragnarok_online)	c	311
saegusa_ibara	c	311
sports_festival	g	311
super_robot_wars_the_lord_of_elemental	s	311
susato_mikotoba	c	311
takakura_shouma	c	311
ukraine_(hetalia)	c	311
vamdemon	c	311
wynn_the_wind_charmer	c	311
yellow_towel	g	311
yusa_emi	c	311
@3_(sanyako1)	a	310
@aosora_(mizore)	a	310
@chihiro_(khorosho)	a	310
@efuri_(riarea00)	a	310
@fanatic_fetish	a	310
@gacha-m	a	310
@hagure_keg	a	310
@hao_(patinnko)	a	310
@kamaboko_(ossann0125)	a	310
@kisaragi_kaya	a	310
@lemontea	a	310
@maewix_(artist)	a	310
@munyuu	a	310
@nikuku_(kazedesune)	a	310
@setu_kurokawa	a	310
@shimetta_masuta	a	310
@ssambatea	a	310
@tottoto_tomekichi	a	310
@velzhe	a	310
@yugen99	a	310
@yuuma_(skirthike)	a	310
akatsuki_kai_ni_(kancolle)	c	310
american_football	g	310
aoi_nagisa	c	310
bishoujo_senshi_sailor_moon_crystal	s	310
black_gemstone	g	310
charger	g	310
darry_adai	c	310
entoma_vasilissa_zeta	c	310
fender_telecaster	g	310
gundula_rall	c	310
holding_candy_apple	g	310
holding_crayon	g	310
horizon_(apex_legends)	c	310
horseshoe_hat_ornament	g	310
ice_cream_hair_ornament	g	310
jack-o'-lantern_ornament	g	310
johan_andersen	c	310
kafuu_chino's_school_uniform	g	310
kendama	g	310
kihara_tsumugu	c	310
kittan_bachika	c	310
kiyohime_(swimsuit_lancer)_(first_ascension)_(fate)	c	310
knee_strap	g	310
kousaka_shigure	c	310
kyurem	c	310
labiata_(last_origin)	c	310
lid	g	310
medusa_gorgon	c	310
mesprit	c	310
mikasa_(azur_lane)	c	310
mole_on_leg	g	310
mound_of_venus	g	310
mutation	g	310
nui_sociere_(1st_costume)	c	310
open_\m/	g	310
pawmot	c	310
rocking_chair	g	310
saigyou_ayakashi	c	310
shadow_puppet	g	310
sharkboo_(zenless_zone_zero)	c	310
shirt_pocket	g	310
single_handcuff	g	310
stripes_i_&_ii	g	310
tamai_remi	c	310
tsukada_satoru	c	310
tsukinaga_leo	c	310
tsunetsuki_matoi	c	310
turning_around	g	310
undone_bikini	g	310
zan_partizanne	c	310
@ano_(gccx8784)	a	309
@aoi_suzu	a	309
@dolechan	a	309
@hamayumiba_sou	a	309
@hinoue_itaru	a	309
@honzawa_yuuichirou	a	309
@ia_(ias1010)	a	309
@kawakami_masaki	a	309
@metsu_end	a	309
@muta_poo	a	309
@nyifu	a	309
@rangycrow	a	309
@reowocchi	a	309
@riko_(k_riko)	a	309
@sethxzoe	a	309
@tarbo_(exxxpiation)	a	309
@turisasu	a	309
@usagihime	a	309
@x_bokkis	a	309
@yilx	a	309
@yuku_(kiollion)	a	309
ancient_princess_menace	c	309
bastet_(p&d)	c	309
bayleef	c	309
companion/af	g	309
deck_chair	g	309
dragon_kid	c	309
garlic	g	309
goldfish_scooping	g	309
green_suspenders	g	309
houston_(kancolle)	c	309
jack_daniel's	s	309
kanbayashi_mizuki	c	309
kirito_(sao-alo)	c	309
kitami_yuzu	c	309
kuso_miso_technique	s	309
master_nemesis	c	309
minior	c	309
miso_soup	g	309
motto!_haramase!_honoo_no_oppai_isekai_chou_ero:_succubus_gakuen	s	309
ogin_(girls_und_panzer)	c	309
poop	g	309
porygon-z	c	309
r_dorothy_wayneright	c	309
robot_dog	g	309
saotome_genma	c	309
senomiya_akiho	c	309
slot_machine	g	309
strawberry_earrings	g	309
vanguard_princess	s	309
walpurgisnacht_(madoka_magica)	c	309
whale_print	g	309
yu_(arknights)	c	309
yusa_(angel_beats!)	c	309
@alchera	a	308
@amami_amayu	a	308
@ame-san	a	308
@anzu_ame	a	308
@asameshi	a	308
@emperpep	a	308
@formicid	a	308
@ichi-jirushi	a	308
@jiang_ye_kiri	a	308
@kaniya_shiku	a	308
@kawarajima_kou	a	308
@nami_(nyaa)	a	308
@nishi_iori	a	308
@nodoameyatou	a	308
@ocha_(popopogg)	a	308
@oopartz_yang	a	308
@sugamo	a	308
@totoki86	a	308
@turewindwalker	a	308
@woomochi	a	308
ai_shite!_homun	s	308
apocalypse	g	308
bakuzan	g	308
black_detached_collar	g	308
carol_(skullgirls)	c	308
clutching_chest	g	308
cure_gelato	c	308
diablomon	c	308
exploration	g	308
fatal_frame_4	s	308
fingernails_over_gloves	g	308
golisopod	c	308
hanabatake_chaika	c	308
hot_pants_(sbr)	c	308
izanagi_(persona_4)	c	308
jamil_viper	c	308
laura_s._arseid	c	308
liepard	c	308
mieu_(tales)	c	308
moriyama_shiemi	c	308
nikaidou_chizuru	c	308
normad	c	308
orin_the_red	c	308
outer_glow	g	308
popotan	s	308
purple_helmet	g	308
raven_branwen	c	308
rillaboom	c	308
rough_time_school	g	308
saki_(manga)	s	308
sanhua_(wuthering_waves)	c	308
scirocco_(kancolle)	c	308
skis	g	308
sonic_the_hedgehog_(idw)	s	308
source_filmmaker_(medium)	m	308
@amai-pai	a	307
@aono_(f_i_s)	a	307
@buchi_(y0u0ri_)	a	307
@carte	a	307
@catsmoon	a	307
@coreytaiyo	a	307
@hazuki_ruu	a	307
@higa423	a	307
@ikezawa_shin	a	307
@kainkout	a	307
@kataokasan	a	307
@kozou_(soumuden)	a	307
@luxu	a	307
@miz_(mizillustration)	a	307
@nero_augustus	a	307
@obj_shep	a	307
@ooyun	a	307
@padm	a	307
@putama	a	307
@ririko_(fhnngririko)	a	307
@sanshita	a	307
@sigm@	a	307
@skd	a	307
@spicy_moo	a	307
artoria_pendragon_(swimsuit_ruler)_(second_ascension)_(fate)	c	307
battle_angel_alita	s	307
bear_bag	g	307
blood_on_feet	g	307
brain_freeze	g	307
call_of_cthulhu	s	307
coin_(ornament)	g	307
cow_girl_(goblin_slayer!)	c	307
fate/unlimited_blade_works	s	307
futakuchi-onna	g	307
gallica_(metaphor:_refantazio)	c	307
gemini_(constellation)	g	307
genesis_rhapsodos	c	307
gepard_landau	c	307
ginga_tetsudou_999	s	307
hanabusa_lisa	c	307
hands_on_table	g	307
husky	g	307
in_cage	g	307
josuiji_shinri	c	307
kafra_uniform	g	307
kazamatsuri_fuuka	c	307
kim_pine	c	307
kurikoma_komaru	c	307
link_(cosplay)	g	307
magia_azure	c	307
max_(pokemon)	c	307
mouri_motonari_(sengoku_basara)	c	307
nanami_haruka	c	307
nohara_shinnosuke	c	307
pants_lift	g	307
purple_streaks	g	307
red_leggings	g	307
repede_(tales)	c	307
rpg-7	g	307
rusty_trombone	g	307
sakuragi_hinako	c	307
salt	g	307
sanada_arata	c	307
shining_hearts	s	307
shutmon	c	307
sit-up	g	307
space_marine	g	307
spike_piercing	g	307
taihou_(fun_on_the_baize)_(azur_lane)	c	307
toki_(senran_kagura)	c	307
tuesday_(reverse:1999)	c	307
x_(reverse:1999)	c	307
yuri_(project_moon)	c	307
@abu	a	306
@akisa_yositake	a	306
@amo_(shibu3)	a	306
@boyano	a	306
@furuyama_itaru	a	306
@gomashi_(goma)	a	306
@himadera	a	306
@hirasato	a	306
@irua	a	306
@ishikawa_hideki	a	306
@k2isu	a	306
@karakari	a	306
@kiya_machi	a	306
@kuon_(kwonchanji)	a	306
@lyricbox	a	306
@m.i.y	a	306
@nora_wanko	a	306
@prime	a	306
@roin	a	306
@sakuran_(ameto)	a	306
@seiran_(mousouchiku)	a	306
@shinekalta	a	306
@shinishi_chiho	a	306
@suito	a	306
@taka-michi	a	306
@tarachine	a	306
@yoohi	a	306
aircraft_carrier_oni	c	306
awkward	g	306
big_bad_wolf_(cosplay)	g	306
brendan_(pokemon_oras)	c	306
bruise_on_arm	g	306
cat's_eye	s	306
checkered_jacket	g	306
cicin_mage_(genshin_impact)	c	306
common_bottlenose_dolphin_(kemono_friends)	c	306
disappointed	g	306
drossel_von_flugel	c	306
enjo_kouhai	s	306
face_to_pecs	g	306
fault!!	s	306
fraw_bow	c	306
fuu_(samurai_champloo)	c	306
hat_loss	g	306
hilda_(under_night_in-birth)	c	306
holding_mahjong_tile	g	306
holding_mini_person	g	306
iron_fence	g	306
kamui_(gintama)	c	306
kodomo_no_hi	g	306
kusakabe_satsuki	c	306
leblanc_(league_of_legends)	c	306
licking_blood	g	306
maternity_monsters!_~dekichaimashita!~	s	306
mega_gallade	c	306
mem_(honkai:_star_rail)	c	306
mirrored_text	g	306
nachoneko	c	306
natasha_romanoff	c	306
nyarla_(osiimi)	c	306
onix	c	306
peeing_on_another	g	306
polar_chaldea_uniform	g	306
removing_shoes	g	306
rokudou_mukuro	c	306
roromiya_karuta	c	306
sarutobi_asuma	c	306
satou_jun	c	306
scarf_bow	g	306
sin_nanatsu_no_taizai	s	306
solosis	c	306
stalactite	g	306
stampede_string	g	306
sulking	g	306
swallow_(bird)	g	306
taiga_(digimon)	c	306
tail_insertion	g	306
tajikarao_(housamo)	c	306
tobisawa_misaki	c	306
zacian	c	306
@10eki_(tenchou)	a	305
@ac120	a	305
@aiuti	a	305
@andrew_(duel_angel)	a	305
@asou_(asabu202)	a	305
@delsaber	a	305
@eidenjyou1997	a	305
@go_robots	a	305
@hinosaki	a	305
@hiruno	a	305
@ikura_nagisa	a	305
@illustration.media	a	305
@ino_(tellu0120)	a	305
@ion_(cation)	a	305
@jaco	a	305
@kelvin-trainerk	a	305
@kokonoki_nao	a	305
@masaharu	a	305
@minase_(takaoka_nanase)	a	305
@miyuki_ruria	a	305
@mu-pyon	a	305
@musshu_(omu001)	a	305
@nagiichi	a	305
@naotosi	a	305
@natsumi_akira	a	305
@nonohachi	a	305
@paint_musume	a	305
@pon_yui	a	305
@sakurato_ototo_shizuku	a	305
@scathegrapes	a	305
@sino_(sionori)	a	305
@slow_d	a	305
@supershiruco	a	305
@uyama_hajime	a	305
@vardan	a	305
@waka_(shark_waka)	a	305
>:>	g	305
allenby_beardsley	c	305
borsalino_(kizaru)	c	305
bow_print	g	305
cowgirl_(western)	g	305
cum_swap	g	305
floramon	c	305
foreskin_insertion	g	305
gainaxtop	g	305
gradient_ribbon	g	305
gurren-lagann	c	305
hands_between_legs	g	305
irene_(kanniiepan)	c	305
kaburaki_roco	c	305
kaleido_star	s	305
karol_capel	c	305
kneeing	g	305
kurono_kurumu	c	305
lauren_iroas	c	305
m4_sherman	c	305
maple_(bofuri)	c	305
metalgreymon_(virus)	c	305
monzaemon	c	305
mummification	g	305
musubi	c	305
mutio	c	305
nito_nazuna	c	305
number-only_commentary	g	305
olive	g	305
otter_girl	g	305
pointing_sword	g	305
rebellion_(sword)	c	305
richard_(tales)	c	305
sakamata_chloe_(jirai_kei)	c	305
sakura_miko_(old_design)	c	305
soapland	g	305
tar-21_(girls'_frontline)	c	305
transformers_(live_action)	s	305
tsukikawa_chili	c	305
tsunami_jousuke	c	305
two-sided_sleeves	g	305
two-tone_cloak	g	305
unworn_underwear	g	305
vaggie	c	305
wooden_railing	g	305
@013_(hamsasuke)	a	304
@770mk	a	304
@aisuman	a	304
@budgiepon	a	304
@ca_paria	a	304
@dashi_(dashiart)	a	304
@deareditor	a	304
@idoraad	a	304
@imigimuru	a	304
@jaga334	a	304
@kevcrexx	a	304
@kuresento	a	304
@mankai_kaika	a	304
@mishiro_(ixtlolton)	a	304
@nemunemu_(candy_paddle)	a	304
@okai	a	304
@poco_(backboa)	a	304
@siw0n	a	304
@takami_masahiro	a	304
aloe_(quiz_magic_academy)	c	304
angelina_(distinguished_visitor)_(arknights)	c	304
blood_trail	g	304
bob-omb	c	304
bronya_zaychik_(haxxor_bunny)	c	304
canal_vorfeed	c	304
chikuwa	g	304
choujin_x	s	304
corked_bottle	g	304
cum_in_footwear	g	304
dog_print	g	304
elysium_(arknights)	c	304
fairy_dust	s	304
firecrackers	g	304
hair_scarf	g	304
hisau_maiya	c	304
holding_cable	g	304
jaguar_boy	g	304
kai-ri-sei_million_arthur	s	304
kakei_sumire	c	304
kawakaze_(azur_lane)	c	304
mailbox	g	304
may_of_doom	c	304
mega_man_11	s	304
miyamoto_musashi_(second_ascension)_(fate)	c	304
morning_star	g	304
nerissa_ravencroft_(casual)	c	304
ninjala	s	304
persona_dancing	s	304
poro_(league_of_legends)	c	304
rowboat	g	304
samurai_(7th_dragon)	c	304
serizawa_chikaru	c	304
trusty_bell	s	304
under_skirt	g	304
wavy_sidelocks	g	304
weedle	c	304
weezing	c	304
x-ray_glasses	g	304
@athenawyrm	a	303
@azuuru	a	303
@dolri	a	303
@doushi_tatsu_to_dekkai_no	a	303
@endou_(zettai_bluenoid)	a	303
@frikulu	a	303
@haori_io	a	303
@hayakawa_akari	a	303
@ibara_azuki	a	303
@kino_konomi	a	303
@kowai_(iamkowai)	a	303
@kuroshiro00	a	303
@magaki_ryouta	a	303
@matataku	a	303
@mathew_(srmmk_mce)	a	303
@morinaga_miki	a	303
@nadeara_bukichi	a	303
@nakajima_atsuko	a	303
@noa_(nagareboshi)	a	303
@noi_mine	a	303
@nurugamer-kouyouju	a	303
@otogi_tetsurou	a	303
@otokucha	a	303
@pote_(pote_39)	a	303
@rinto_(rint_rnt)	a	303
@rukitsura	a	303
@shoumaru_(gadget_box)	a	303
@sl8-all	a	303
@soba_(saz)	a	303
@soleil_(soleilmtfbwy03)	a	303
@tapioka_(oekakitapioka)	a	303
@tkhs	a	303
@toyoman	a	303
@tsuezu	a	303
@tsukimirin	a	303
@umidori	a	303
@yarebadekiruko	a	303
aikawa_(dorohedoro)	c	303
arf	c	303
avalon_(fate/stay_night)	c	303
birdramon	c	303
carrying_overhead	g	303
circle_cutout	g	303
colossal_titan	c	303
cracked_screen	g	303
dream_believers	g	303
en_pointe	g	303
examination	g	303
gag_around_neck	g	303
gigi_murin_(1st_costume)	c	303
hololive_idol_uniform_(color_rise)	g	303
hongryeon_(last_origin)	c	303
ishida_mitsunari_(sengoku_basara)	c	303
itsuka_shidou	c	303
jingburger	c	303
kashiki_ai	c	303
kazuno_leah	c	303
kubiwa_(kutan)	c	303
leonardo_watch	c	303
low-cut_armhole	g	303
lucia:_crimson_abyss_(punishing:_gray_raven)	c	303
majutsushi_orphen	s	303
marie_antoinette_(alter)_(fate)	c	303
mortis_(costume)_(bang_dream!)	c	303
narumiya_yume	c	303
naruto:_road_to_ninja	s	303
orange_armor	g	303
push-button	g	303
rakka_(haibane)	c	303
recurring_image	g	303
risu_(dorohedoro)	c	303
rosado_(fire_emblem)	c	303
rose_background	g	303
rumi_(girls_und_panzer)	c	303
seiken_no_blacksmith	s	303
sonozaki_yukino	c	303
sunken_fossil_world	s	303
team_magma_uniform	g	303
tezuka_rin	c	303
the_king_of_fighters_all-stars	s	303
touka_(utawarerumono)	c	303
tsuritama	s	303
umika_(blue_archive)	c	303
zipper_footwear	g	303
@anzu_(o6v6o)	a	302
@cavalry_(maslow)	a	302
@emon-yu	a	302
@faubynet	a	302
@fuchitoro	a	302
@geroika	a	302
@harurukan	a	302
@heirou	a	302
@kagoya1219	a	302
@kamiyama_aya	a	302
@kounosu_satori	a	302
@messy_(efuya)	a	302
@novady	a	302
@oggy_(oggyoggy)	a	302
@sasakura_(calicchio)	a	302
@shigure_ryuunosuke	a	302
@sunaba_suzume	a	302
@the_boogie	a	302
@toriniku29	a	302
@uchiu_kazuma	a	302
@yaman	a	302
@yun_(dust-i1)	a	302
@yuza	a	302
alicia_renato_(yashiro_sousaku)	c	302
bald_girl	g	302
black_fire	g	302
black_souls_2	s	302
chiester45	c	302
choked	g	302
clefable	c	302
collared_bodysuit	g	302
comic_party	s	302
cure_friendy	c	302
dolores_(kof)	c	302
eblana_(arknights)	c	302
emori_miku	c	302
fu_hua_(night_squire)	c	302
holyangemon	c	302
ichiban_ushiro_no_daimaou	s	302
inti_creates	s	302
kfp_employee_(takanashi_kiara)	c	302
kuzunoha_raidou	c	302
light_dragon_(zelda)	c	302
loose_bandages	g	302
macross_frontier:_itsuwari_no_utahime	s	302
maple_syrup	g	302
meloetta_(aria)	c	302
mercedes-benz	s	302
milky_rose	c	302
nidoran	c	302
nopon	g	302
ouendan	g	302
pecha_berry	g	302
peeking_through_fingers	g	302
project_x_zone	s	302
propaganda	g	302
purple_overalls	g	302
sawatari_tohka	c	302
stella_sora	s	302
suzunoki_rin	c	302
vertical-striped_scarf	g	302
viper_(toxic_rabbit)_(nikke)	c	302
wireless	g	302
@amane_sora	a	301
@ana_(rznuscrf)	a	301
@boca	a	301
@cesar_art456	a	301
@gen_(black_factory)	a	301
@hakkai	a	301
@kazawa_(tonzura-d)	a	301
@kirin_kakeru	a	301
@koyomania	a	301
@lady_fantasma	a	301
@nzeneee	a	301
@oharu-chan	a	301
@poipoi_purin	a	301
@rinyamame	a	301
@sakuranbo	a	301
@tonchinkan	a	301
@yamato_nadeshiko	a	301
@yeni1871	a	301
@zeco	a	301
aizawa_sakuya	c	301
amane_konata	c	301
atelier_firis	s	301
bag_on_head	g	301
bright_background	g	301
c.c._lemon_(character)	c	301
cavalier_hat	g	301
chikage_(sister_princess)	c	301
cinderella_bust	g	301
circus	g	301
collar_chain_(jewelry)	g	301
crusch_karsten	c	301
cure_summer	c	301
digicore_interface	g	301
dragon_age	s	301
eisen_(sousou_no_frieren)	c	301
eternal_arcadia	s	301
eushully	s	301
exs-tia_flora	c	301
frontier_brain	g	301
fu_hua_(shadow_knight)	c	301
idol_land_pripara	g	301
jizou	g	301
kazamatsuri_institute_high_school_uniform	g	301
kazuha's_friend_(genshin_impact)	c	301
komano_manato	c	301
long_gun	g	301
marisa_(street_fighter)	c	301
master_chief	c	301
mature_(kof)	c	301
meyrin_hawke	c	301
mitarashi_dango	g	301
nakigitsune	c	301
pink_arm_warmers	g	301
ryou_sakazaki	c	301
see-through_coat	g	301
senju_muramasa	c	301
shogi_piece	g	301
star_guardian_lux	c	301
strider_hiryuu	c	301
sunset_shimmer	c	301
super_cub	s	301
tenochtitlan_(second_ascension)_(fate)	c	301
uehara_rin	c	301
uncle_and_nephew	g	301
urahara_kisuke	c	301
white_slingshot_swimsuit	g	301
xemnas	c	301
yuzuha_riko	c	301
zebra_ears	g	301
zhezhi_(wuthering_waves)	c	301
@akizone	a	300
@aoto_mei	a	300
@don_(29219)	a	300
@dove_pixie	a	300
@doyora	a	300
@fajyobore	a	300
@fukuroumori	a	300
@gomipomi	a	300
@hito_komoru	a	300
@kaiza_(rider000)	a	300
@kers	a	300
@mikomachi_(35machi)	a	300
@moyazou_(kitaguni_moyashi_seizoujo)	a	300
@muteppona_hito	a	300
@nabe_puyo	a	300
@norita	a	300
@piyopoyo	a	300
@qblade	a	300
@rikudou_inuhiko	a	300
@rtenzo	a	300
@sasakura	a	300
@soramuko	a	300
@spider_apple	a	300
@ydpfa	a	300
@yoshito	a	300
<key>_(robot)_(blue_archive)	c	300
>;)	g	300
absolute_duo	s	300
advanced_nurturing_high_school_uniform	g	300
amakano_2	s	300
aqua_border	g	300
banjo-kazooie	s	300
diancie	c	300
erhu	g	300
fish_tattoo	g	300
frog_hat	g	300
gambeson	g	300
gentilhomme_usher	c	300
glaucus_(arknights)	c	300
guy_cecil	c	300
hildr_(fate)	c	300
holding_scale	g	300
holding_spork	g	300
ilya_(princess_connect!)	c	300
iris_wilson	c	300
laxus_dreyar	c	300
magical_mirai_miku_(2016)	c	300
matsumi_yuu	c	300
mettaton_ex	c	300
mister_donut	s	300
morning_star_(company)	s	300
ookami_ryouko	c	300
oshimizu_nako	c	300
reg_(made_in_abyss)	c	300
sig_mcx	g	300
soba	g	300
stapled	g	300
star_trek	s	300
starcraft	s	300
strider_(video_game)	s	300
to_be_continued	g	300
triple_baka_(vocaloid)	s	300
tsujimoto_natsumi	c	300
tsurumi_chiriko	c	300
ukulele	g	300
virginia_maxwell	c	300
vivid_bad_squad_(project_sekai)	g	300
@akira_(kadokawa)	a	299
@aoi_kujira	a	299
@applepie_(12711019)	a	299
@bambi2000line	a	299
@coyucom	a	299
@cube85	a	299
@erakin	a	299
@facominn	a	299
@gunjou_row	a	299
@hati105	a	299
@hightguy	a	299
@hikari_(komitiookami)	a	299
@jin_akhr	a	299
@kaede_(shijie_heping)	a	299
@kapuru_0410	a	299
@karaage_bou	a	299
@ki_(kk-sk-ray)	a	299
@kurokaze_no_sora	a	299
@leria_v	a	299
@luizhtx	a	299
@maburu_(lojyq1eur3e8bit)	a	299
@madotsukumo	a	299
@mockingeu	a	299
@nana_tetra	a	299
@ngetyan	a	299
@nuriko-kun	a	299
@nyanya	a	299
@omelet_tomato	a	299
@plan_(planhaplalan)	a	299
@recklessdraw	a	299
@ruschuto	a	299
@salpin	a	299
@shian_(my_lonly_life.)	a	299
@sills	a	299
@succuboos	a	299
@tadano_kagekichi	a	299
@takeashiro	a	299
@tansuan_(ensj3875)	a	299
@totoharu_(kujirai_minato)	a	299
@umedama_nabu	a	299
a6m_zero	c	299
arisa_(shadowverse)	c	299
barbie_(live_action)	s	299
bite_mark_on_thigh	g	299
blazblue_remix_heart	s	299
cala	c	299
code:_kite	s	299
commander_shepard_(female)	c	299
denim_overalls	g	299
devimon	c	299
face_in_shadow	g	299
feather_collar	g	299
felicia_hardy	c	299
floppy_disk	g	299
fn_scar	g	299
foul_detective_satori	s	299
helldivers_(series)	s	299
hero_(dq8)	c	299
holding_sandwich	g	299
hornet_(azur_lane)	c	299
horrified	g	299
japan_maritime_self-defense_force	s	299
kagura	c	299
kimono_dress	g	299
king_(one_piece)	c	299
layer_(mega_man)	c	299
lever_action	g	299
luna_(punishing:_gray_raven)	c	299
meatball	g	299
miori_celesta	c	299
murakami_(girls_und_panzer)	c	299
mushroom_girl	g	299
myrtenaster	g	299
nagato_kai_ni_(kancolle)	c	299
namekian	g	299
no_navel	g	299
norman_(yakusoku_no_neverland)	c	299
novice_(ragnarok_online)	c	299
one_-_kagayaku_kisetsu_e	s	299
oruyanke_(shirakami_fubuki)	c	299
pathfinder_(apex_legends)	c	299
poyoyo_(nakiri_ayame)	c	299
ririela_churack	c	299
shiki_(samurai_spirits)	c	299
shizuki_hitomi	c	299
small_testicles	g	299
tachibana_kanade	c	299
tank_shell	g	299
tanline_peek	g	299
tendou_kasumi	c	299
tsujinaka_yoshiki	c	299
vanellope_von_schweetz	c	299
washing_back	g	299
webcam	g	299
wilhelmina_braunschweig_ingenohl_friedeburg	c	299
yoko_littner_(cosplay)	g	299
yorda	c	299
@clipe	a	298
@david_revoy	a	298
@flanvia	a	298
@hagiya_masakage	a	298
@haneramu	a	298
@hanomido	a	298
@hiroshi_(hunter-of-kct)	a	298
@ikarin	a	298
@kirise_mitsuru	a	298
@long28	a	298
@midori_foo	a	298
@nanao_(naoekaki25)	a	298
@os_(os_fresa)	a	298
@oshiruko_(uminekotei)	a	298
@painterliuhao	a	298
@quan_(kurisu_tina)	a	298
@rougetsu_(eclipse)	a	298
@shise_(agepan)	a	298
@siy_(shengxiu760722)	a	298
@tatsuya_(guild_plus)	a	298
@tsukineko	a	298
aishuu_hebiko	c	298
alpaca_girl	g	298
anabuki_tomoko	c	298
asutora-chan	c	298
azusa_(cookie)	c	298
bayonetta_3	s	298
blackpink	s	298
cat_paw	g	298
dhampir	c	298
embroidered_bra	g	298
eyepatch_lift	g	298
fireball_(series)	s	298
fleki	c	298
harpie_lady	c	298
hawlucha	c	298
head_between_pecs	g	298
holding_rocket_launcher	g	298
kochou_kanae	c	298
kofune_ushio	c	298
koshimizu_toru	c	298
large_labia	g	298
lilica_felchenerow	c	298
mahou_shoujo_(raita)	s	298
mantis_girl	g	298
marijuana	g	298
meme_(me!me!me!)	c	298
merlin_(fate/prototype)_(second_ascension)	c	298
metal_hair_tubes	g	298
mimukauwa_nice_try_(vocaloid)	s	298
muse_dash	s	298
noragami	s	298
otegine	c	298
pile	g	298
projectile_trail	g	298
reala_(tales)	c	298
santa_alter	c	298
sig_mcx_(girls'_frontline)	c	298
single_ear_down	g	298
space_station	g	298
spirit_blossom_ahri	c	298
suzumiya_haruhi_(cosplay)	g	298
tan_yang_(kancolle)	c	298
teaspoon	g	298
white_beard	g	298
xiangyun	g	298
xingchen	c	298
yue_(arifureta)	c	298
@cenangam	a	297
@hana	a	297
@irori	a	297
@kamo_ashi	a	297
@kanna_asuke	a	297
@kidmo	a	297
@kiman	a	297
@kometsubu	a	297
@kouzaka_kouhei	a	297
@kusakabe_(kusakabeworks)	a	297
@mieharu	a	297
@moriforest1040	a	297
@murakami_teruaki	a	297
@pikacchi	a	297
@shiro_(reptil)	a	297
@siera_(sieracitrus)	a	297
@tamamon	a	297
@weisuoxin	a	297
@yua_(argaoffroad)	a	297
@zero-theme	a	297
adjusting_hood	g	297
alice_(wonderland_bunny)_(nikke)	c	297
asmodeus_(umineko)	c	297
assisted_stretching	g	297
ayane_(swimsuit)_(blue_archive)	c	297
baggy_shorts	g	297
barbie_mugshot_(meme)	g	297
bat_(symbol)	g	297
bioshock_infinite	s	297
clover-shaped_pupils	g	297
club_hair_ornament	g	297
da_capo_iii	s	297
dazed	g	297
deerling	c	297
double_dealing_character	s	297
dress_grab	g	297
fish_request	m	297
fukua_(skullgirls)	c	297
futami_eriko	c	297
german_suplex	g	297
grey_jumpsuit	g	297
griseo_(cosmic_expression)	c	297
gundam_sentinel	s	297
half-human	g	297
holding_dumbbell	g	297
holding_mug	g	297
jusis_albarea	c	297
kamen_rider_gavv_(series)	s	297
knight_(dungeon_and_fighter)	c	297
kronie_(ouro_kronii)	c	297
lahmu_(fate)	c	297
legoshi	c	297
love_train	g	297
mandricardo_(fate)	c	297
mouth_beam	g	297
multiple_monitors	g	297
nel_zelpher	c	297
no_smoking	g	297
oosuzuki_kurara	c	297
orimura_ichika	c	297
producer_(idolmaster_anime)	c	297
ray_(yakusoku_no_neverland)	c	297
red_suspenders	g	297
resident_evil_2_(remake)	s	297
resort_boin	s	297
rico_(mega_man)	c	297
shenmue	s	297
snowflake_earrings	g	297
sora_no_woto	s	297
staraptor	c	297
stomach_growling	g	297
stuffed_tiger	g	297
sylphy_(amaburi)	c	297
untied_footwear	g	297
vera_(punishing:_gray_raven)	c	297
willow	g	297
youkai_watch_2	s	297
@agwing86	a	296
@aiuabo	a	296
@araki495	a	296
@au_(d_elete)	a	296
@glastonbury1966	a	296
@hou_(ppo)	a	296
@koorimizu	a	296
@kureha_(ironika)	a	296
@lunch_(shin_new)	a	296
@maggea22	a	296
@nekotoufu	a	296
@nicchi	a	296
@nightcat	a	296
@ohitashi_netsurou	a	296
@pila-pela	a	296
@qkracho_(thesdroz)	a	296
@rla13753	a	296
@shirasu_uni	a	296
@suzushiro_(suzushiro333)	a	296
@touyarokii	a	296
@tsunoji	a	296
@wd_(1106592840)	a	296
@yuunamida_uyu	a	296
@zellam	a	296
aida_rikako	c	296
asagiri_asagi	c	296
banagher_links	c	296
belle_(summer_skies)_(zenless_zone_zero)	c	296
checkered_haori	g	296
chocolate_on_hand	g	296
ciri	c	296
clima-tact	g	296
crescent_choker	g	296
cure_bloom	c	296
daiteikoku	s	296
drum_(kancolle)	c	296
gravure_idol	g	296
hanging_lantern	g	296
hodaka_natsumi	c	296
ichimaru_gin	c	296
impasto	g	296
jutaijima	s	296
kamisama_minarai:_himitsu_no_cocotama	s	296
koopa	c	296
labramon	c	296
life_vest	g	296
meteor_(arknights)	c	296
miyuki_kazuya	c	296
momoe_maria	c	296
nemesis_(resident_evil)	c	296
ooi_kai_ni_(kancolle)	c	296
portion	s	296
red_pajamas	g	296
sannomiya_shiho	c	296
shinkai_kanata	c	296
shiro_(sewayaki_kitsune_no_senko-san)	c	296
south_korean_flag	g	296
stuffed_orca	g	296
sumi-e	g	296
swordsoul_of_mo_ye	c	296
takayashiro_sayuki	c	296
tantei_wa_mou_shindeiru	s	296
through_painting	g	296
undead_unluck	s	296
watashi_ga_koibito_ni_nareru_wake_naijan_murimuri!	s	296
white_chocolate	g	296
wuthering_heights_(identity)_(project_moon)	g	296
yoshida_ayumi	c	296
yukizome_chisa	c	296
zipper_dress	g	296
@aka_ringo	a	295
@booota	a	295
@charge_sol	a	295
@chen_bin	a	295
@hidebou	a	295
@ikuhashi_muiko	a	295
@kanmoku-san	a	295
@kiraki	a	295
@kokuriu	a	295
@machimote_taikou	a	295
@maekawa_suu	a	295
@morimoto_kiyona	a	295
@nakamura_rohane	a	295
@neko_(ganecooo)	a	295
@origami_aya	a	295
@queasy_s	a	295
@tamago_(eva1314056)	a	295
@tj-type1	a	295
@top-exerou	a	295
@tuxedo_de_cat	a	295
@yamato_koara	a	295
@yoshimo	a	295
abduction	g	295
after_footjob	g	295
aqua_headband	g	295
aurora_sya_lis_kaymin	c	295
axent_wear	s	295
cheytac_m200	g	295
christmas_tree_hair_ornament	g	295
code_geass:_boukoku_no_akito	s	295
comic_panel_redraw	g	295
cyberbots	s	295
destiny_(game)	s	295
dewott	c	295
dissidia_012_final_fantasy	s	295
dizi	g	295
final_fantasy_crystal_chronicles	s	295
fishnet_leotard	g	295
gas	g	295
gendou_pose	g	295
hand_under_skirt	g	295
hasegawa_chisato	c	295
hibiki_wataru	c	295
holding_crepe	g	295
holding_rod	g	295
is_that_so	g	295
juri_(blue_archive)	c	295
kirahoshi_ciel	c	295
konpaku_youki	c	295
lenneth_valkyrie	c	295
lily_(ender_lilies)	c	295
m_no_violet	s	295
mega_absol	c	295
mimi_houllier_von_schwarzlang	c	295
miyoshi_sana	c	295
monster_hunter_4	s	295
oomuro_hanako	c	295
otonashi_kyouko	c	295
pelipper	c	295
piercing_through_clothes	g	295
pipa_(instrument)	g	295
plants_vs._zombies	s	295
politoed	c	295
rafayel_(love_and_deepspace)	c	295
rossiu_adai	c	295
sleeved_leotard	g	295
tairitsu_(arcaea)	c	295
triangle_necklace	g	295
tsugumi_seishirou	c	295
tuscaloosa_(kancolle)	c	295
umi_monogatari	s	295
voodoo_doll	g	295
wallace_wells	c	295
warp_star	g	295
white_devil	g	295
yukino_(blue_archive)	c	295
@bongfill	a	294
@byte_(allbyte)	a	294
@cocq_taichou	a	294
@dokuro_deluxe	a	294
@hajin	a	294
@huan_li	a	294
@jianjia	a	294
@kyogoku-uru	a	294
@milliani	a	294
@morio_(poke_orio)	a	294
@orochi_itto	a	294
@pisuke	a	294
@poron_(pixiv_id_17549041)	a	294
@sabamori	a	294
@sakura_yuki_(clochette)	a	294
@sanbasou	a	294
@seri_(vyrlw)	a	294
@sozan	a	294
@spring2013	a	294
@stoic_seraphim	a	294
@taisho_(gumiyuki)	a	294
@takatsuki_akira	a	294
@teu_(navy)	a	294
@tsukasa_jun	a	294
@tussy	a	294
@un_do	a	294
@yurarin	a	294
amy_(suisei_no_gargantia)	c	294
angeal_hewley	c	294
archer_(fate/samurai_remnant)	c	294
bamboo_print	g	294
beige_coat	g	294
belgium_(hetalia)	c	294
commissioner_insert	g	294
dhalsim	c	294
dinner	g	294
donkey_kong_(1981_game)	s	294
eagle_union_(emblem)	g	294
edgar_roni_figaro	c	294
emiya_alter	c	294
exhaust_pipe	g	294
fanning	g	294
francoise_arnoul	c	294
fu_shun_(touqi_guaitan)	c	294
girls_und_panzer_little_army	s	294
gnosis_(genshin_impact)	g	294
han'you_no_yashahime	s	294
hanakuma_chifuyu	c	294
hina_(one_piece)	c	294
hojo_sophy	c	294
holding_dice	g	294
ichihime	c	294
inaba_rinne	c	294
kamen_rider_kabuto_(series)	s	294
karin_(school_uniform)_(blue_archive)	c	294
kiyal_bachika	c	294
lunatone	c	294
mining_helmet	g	294
oni_horn	g	294
ootori_rena	c	294
paper_mario:_the_origami_king	s	294
planetarian	s	294
sentouin_hakenshimasu!	s	294
sith	g	294
slime_taoshite_300_nen_shiranai_uchi_ni_level_max_ni_nattemashita	s	294
strawberry_milk	g	294
taion_(xenoblade)	c	294
udin_(kureiji_ollie)	c	294
yveltal	c	294
@curse_(023)	a	293
@dkoro	a	293
@dytm	a	293
@eliskalti	a	293
@gipsy_underground	a	293
@hijiki_(hijikini)	a	293
@jornyhail	a	293
@kanya_pyi	a	293
@laofuzi_dai_bansho	a	293
@micon	a	293
@minazuki_juuzou	a	293
@miraa_(chikurin)	a	293
@miyako_(rgrayt)	a	293
@mutsutake	a	293
@oshiruko_(tsume)	a	293
@puyo_(puyotopia)	a	293
@riv_(rivleaf)	a	293
@sunanuko_(ramuneko)	a	293
@tsudero	a	293
@wadani_hitonori	a	293
@yukimura_maru	a	293
abby_(wuthering_waves)	c	293
aizen_kunitoshi	c	293
akatsuki_no_yona	s	293
amagasa_yomogi	c	293
artwhirl_mahou_gakuen_no_otome-tachi	s	293
bandage_on_hair	g	293
blackmail	g	293
chain_chronicle	s	293
chest_cannon	g	293
colphne_(girls'_frontline_2)	c	293
death_stranding	s	293
flins_(genshin_impact)	c	293
floette	c	293
frog_hood	g	293
genshin_impact_sticker_redraw_(meme)	g	293
grape_print	g	293
green_sarong	g	293
hai_to_gensou_no_grimgar	s	293
higanbana_no_saku_yoru_ni	s	293
hoshina_tomoko	c	293
hoshino_yumemi	c	293
jynx	c	293
kamiki_mikami	c	293
keffiyeh	g	293
king_(vocaloid)	s	293
laharl-chan	c	293
legend_of_queen_opala	s	293
makkachin	c	293
male_protagonist_(pokemon_go)	c	293
narration	g	293
ornate_weapon	g	293
padoru_(meme)	g	293
pink_cloak	g	293
plate_stack	g	293
portal_1	s	293
reien_girl's_academy_school_uniform	g	293
shisui_kiki	c	293
skiploom	c	293
spider_lily_print	g	293
stealth	g	293
suzushina_yuriko	c	293
tachibana_marika	c	293
the_legend_of_dragoon	s	293
tsurumi_tokushirou	c	293
type_95_torpedo	g	293
waffle_cone	g	293
yamin_(cookie)	c	293
@aona_(anagasaki)	a	292
@gegeron	a	292
@gobanme_no_mayoi_neko	a	292
@gyozanuko	a	292
@hemo_(hemoroda)	a	292
@hisin	a	292
@horikou	a	292
@isna_(footprintsofisna)	a	292
@kakumayu	a	292
@kani_fish	a	292
@kikoka_(mizuumi)	a	292
@kiritzugu	a	292
@kyuri_tizu	a	292
@mors_gn	a	292
@nekoguchi	a	292
@oshiaki	a	292
@satomi_yoshitaka	a	292
@sugar_(dndi888)	a	292
@tirarizun	a	292
@viroa	a	292
@yonu_(yonurime)	a	292
@yuuzuki_(re'ef)	a	292
@zippo_(3756c)	a	292
amagasa_setsuna	c	292
azuki_azusa	c	292
black-tailed_prairie_dog_(kemono_friends)	c	292
calico_cat	g	292
capsule_corp	g	292
casual_peeing	g	292
checkered_panties	g	292
chunithm	s	292
construction_site	g	292
coronamon	c	292
cure_idol	c	292
electro_emilia	c	292
glowing_veins	g	292
greek_text	g	292
hikikomari_kyuuketsuki_no_monmon	s	292
hoshikawa_koharu	c	292
innocent_grey	s	292
jackal_girl	g	292
jessica_rabbit	c	292
katsuragi_keima	c	292
kazamaki_matsuri_(female)	c	292
kinako_(40hara)	c	292
kisaragi_honey	c	292
machita_chima	c	292
mavis_vermilion	c	292
medama_oyaji	c	292
mesu_kyoushi_4	s	292
oosuki_masato	c	292
pumpmon	c	292
rabbit_and_steel	s	292
rance_10	s	292
reisen_udongein_inaba_(cosplay)	g	292
satellizer_el_bridget	c	292
seitokai_no_ichizon	s	292
shidou_mariya	c	292
shiina_(angel_beats!)	c	292
snow_white_(sinoalice)	c	292
soukou_senki_prism_reica	s	292
sovetskaya_rossiya_(azur_lane)	c	292
space_channel_5	s	292
star_guardian_soraka	c	292
starting_block	g	292
too_bad!_it_was_just_me!_(meme)	g	292
unzen_(azur_lane)	c	292
vernier_thrusters	g	292
yakitori	g	292
@akishima_kei	a	291
@arai_nobu	a	291
@atoki	a	291
@azu-taro	a	291
@chiyingzai	a	291
@dishing	a	291
@heebee	a	291
@hhh_(wave)	a	291
@inusaka	a	291
@jin_(oihlf)	a	291
@kamaniki	a	291
@kei_(bekei)	a	291
@kimizuka_aoi	a	291
@kirisaki_byakko	a	291
@masaki_nanaya	a	291
@mizin_kosutin	a	291
@moruchi_(rinaka_moruchi)	a	291
@munlu_(wolupus)	a	291
@nirap	a	291
@pocche-ex	a	291
@raki_kr	a	291
@shirokuma_(nankyoku)	a	291
@skyhouse	a	291
@soyoong_jun	a	291
@suoiresnu	a	291
@toyasu_aina	a	291
@uguisu_mochi_(ykss35)	a	291
@umirororo	a	291
@yoshioka_suke	a	291
aki_rosenthal_(1st_costume)	c	291
aku_no_meshitsukai_(vocaloid)	s	291
animal_in_clothes	g	291
ayin_(project_moon)	c	291
beige_pants	g	291
bellflower	g	291
belt_around_waist	g	291
capcom_vs_snk	s	291
catherine_(fire_emblem)	c	291
choukou_sennin_haruka	s	291
dark_orb_(madoka_magica)	g	291
fishbowl_helmet	g	291
garma_zabi	c	291
ghost_sweeper_mikami	s	291
high_school_dxd_hero	s	291
inose_mai	c	291
interheart	s	291
invisible_air_(fate)	g	291
irisu_fuyumi	c	291
jellal_fernandes	c	291
kimagure_orange_road	s	291
kira-kira_sensation!	g	291
kooribata	g	291
kujou_riu	c	291
lamia_loveless	c	291
leather_strap	g	291
nagatekkou	g	291
oikura_sodachi	c	291
oshioki_sweetie	s	291
peeing_on_viewer	g	291
porsche	s	291
ran_nagisa	c	291
rhongomyniad_(fate)	g	291
rita_rossweisse_(umbral_rose)	c	291
seihou	s	291
sekai_(cevio)	c	291
sitting_on_roof	g	291
snuff	g	291
sticker_on_arm	g	291
tentacool	c	291
tonami_yuma	c	291
tsurugi_minko	c	291
usagi-san	c	291
winged_pikmin	c	291
yashio_rui	c	291
yoshino_chidori	c	291
@banpai_akira	a	290
@binato_lulu	a	290
@captain_yue	a	290
@chagen_kokimu	a	290
@chiroru_(cheese-roll)	a	290
@dorachan_r	a	290
@inaeda_kei	a	290
@kamitoge_supino	a	290
@katiko	a	290
@kisaragi_yuri	a	290
@maeka_(kumaekake)	a	290
@minatsuki_alumi	a	290
@miyakure	a	290
@miyamaya	a	290
@nanase_aoi	a	290
@nanashi_maru	a	290
@nekofish666	a	290
@nemu_(nora)	a	290
@noiretox	a	290
@o22no	a	290
@oyaman	a	290
@rururiaru	a	290
@sasa_kichi	a	290
@tabletorgy	a	290
@yukiunag1	a	290
11eyes	s	290
akademiya_uniform	g	290
aokaze_nana	c	290
bakunyuu_party	s	290
baobhan_sith_(swimsuit_pretender)_(third_ascension)_(fate)	c	290
brandish_mew	c	290
bugsy_(pokemon)	c	290
call_(mighty_no._9)	c	290
captain_america:_the_winter_soldier	g	290
cherche_(fire_emblem)	c	290
croix_meridies	c	290
cupid	g	290
diabellze_the_original_sinkeeper	c	290
dif_(difman)	c	290
disintegration	g	290
doom_eternal	s	290
edward_newgate	c	290
emerald_sustrai	c	290
ethel_(xenoblade)	c	290
guizhong_(genshin_impact)	c	290
gumdramon	c	290
hashimoto_nyaa	c	290
kouzuki_momonosuke	c	290
lunar_tear	g	290
mahou_shoujo_madoka_magica:_walpurgis_no_kaiten	s	290
mai_(pokemon)	c	290
meltryllis_(third_ascension)_(fate)	c	290
miwa_mitsune	c	290
nightclub	g	290
oyster	g	290
pokemon_ranger	s	290
ripping	g	290
salamander	g	290
scylla_(azur_lane)	c	290
shirayuki_hina	c	290
sonic_boom_(series)	s	290
space_cat_(meme)	g	290
toono_mizuki	c	290
trembling_legs	g	290
two_nipples_one_mouth	g	290
underwear_theft	g	290
yellow_sports_bra	g	290
zafira	c	290
@1jumangoku	a	289
@azuse_neko	a	289
@chrisandita	a	289
@dan_(orange_train)	a	289
@dickfish_(fishismdick)	a	289
@flying_tree_frog	a	289
@fue_(rhomphair)	a	289
@geppewi	a	289
@gustav_(telomere_na)	a	289
@hiiaru	a	289
@hua-huahua	a	289
@kanchiyo	a	289
@kokutou_nikke	a	289
@kyoeiki	a	289
@maki_ikazuya	a	289
@mikannabura	a	289
@mitumi_mira	a	289
@miyahara_takuya	a	289
@myeolchi	a	289
@nekuraneko	a	289
@nextoad	a	289
@noe_(ppppriver)	a	289
@ouri_(aya_pine)	a	289
@paundo2	a	289
@pinkdrawz	a	289
@randou	a	289
@rika-tan_(rikatantan)	a	289
@rou_(rou22)	a	289
@shiina_kuro	a	289
@sollyz	a	289
@teitetsu_kishidan	a	289
@ter_(otokoter)	a	289
@umibudou	a	289
@ya_mari_6363	a	289
add_(elsword)	c	289
advance_wars	s	289
akiba_maid_sensou	s	289
altair_(re:creators)	c	289
asch_(tales)	c	289
ayanami_kai_ni_(kancolle)	c	289
beta_(inazuma_eleven)	c	289
birthday_party	g	289
bola_(weapon)	g	289
carly_nagisa	c	289
challengia	s	289
chinese_lantern_(plant)	g	289
comoli_harcourt	c	289
deep_one_kyomu_to_mugen_no_fragment	s	289
dera_mochimazzui	c	289
guinea_pig	g	289
hand_gagged	g	289
hiei_kai_ni_(kancolle)	c	289
ishikirimaru	c	289
kaii_to_otome_to_kamikakushi	s	289
kidouko_(zakusi)	c	289
lunar	s	289
mechanical_hair	g	289
mika_(genshin_impact)	c	289
mikado_ryouko	c	289
minato_aqua_(hololive_summer_2019)	c	289
naked_skirt	g	289
neo_asari	c	289
otogibara_era	c	289
pickle	g	289
pointed_crown	g	289
rei_(princess_connect!)	c	289
resurreccion	g	289
rococo_movement	g	289
swiftsure_(azur_lane)	c	289
tanghulu	g	289
tifa_lockhart_(shining_spirit)	c	289
titi-chan_(nezumi_inu)	c	289
tmp_(girls'_frontline)	c	289
tomura_michiru	c	289
too_literal	g	289
tsurugi_(swimsuit)_(blue_archive)	c	289
tube_socks	g	289
waitress_uniform	g	289
wii_remote	g	289
yakumo_yukari_(young)	c	289
@43_pon	a	288
@akaya_shiki	a	288
@awe_(adorableduckyy)	a	288
@feipin_zhanshi	a	288
@futatsuki_hisame	a	288
@fuuna	a	288
@gambe	a	288
@garasuno	a	288
@goom_(goomyparty)	a	288
@kaenuco	a	288
@karochii	a	288
@katatsuka_kouji	a	288
@katsuten	a	288
@kazabuki_poni	a	288
@kitazinger	a	288
@kyuutou_(kyuutouryuu)	a	288
@nama_udon	a	288
@ohigetan	a	288
@oshare_kyoushitsu	a	288
@ouno_(nounai_disintegration)	a	288
@owasaki	a	288
@sasaki_tatsuya	a	288
@toriseru_(rare_stone)	a	288
@toyosaki_shu	a	288
@umemaro_(siona0908)	a	288
@yoon_(dmsco1803)	a	288
@yuihira_asu	a	288
@zonen404	a	288
aisha_clanclan	c	288
alchemy	g	288
amagasa_nami	c	288
andou_tazusa	c	288
armillary_sphere	g	288
asami_sato	c	288
asymmetrical_eyes	g	288
breloom	c	288
cabba	c	288
chinchilla_ears	g	288
chrysanthemum_print	g	288
crosier	g	288
daisy_duck	c	288
elysia_(summer_miss_elf)_(honkai_impact)	c	288
erasa_(dragon_ball)	c	288
fujimaru_ritsuka_(male)_(decisive_battle_chaldea_uniform)	c	288
fusou_(azur_lane)	c	288
hole_in_wall	g	288
hoshimiya_mukuro	c	288
i:p_masquerena	c	288
inohara_masato	c	288
kakine_teitoku	c	288
kingdra	c	288
lace-up_top	g	288
leaf_fan	g	288
lucia_(pgr)	c	288
minerva_(fire_emblem)	c	288
mist_train_girls	s	288
mooncake	g	288
niyon_(granblue_fantasy)	c	288
pokemon_sleep	s	288
rail_wars!	s	288
removing_mask	g	288
saji_genpou_(true)	c	288
shinomiya_risa	c	288
siamese_cat	g	288
stellar_loussier	c	288
supply_depot_princess	c	288
triela	c	288
@airseal	a	287
@anidler91	a	287
@aoi_masami	a	287
@cafin	a	287
@dzkjo7pf	a	287
@fud	a	287
@hagiwara_rin	a	287
@hisayuki_hirokazu	a	287
@iganashi1	a	287
@j.k.	a	287
@ji_dao_ji	a	287
@kimtoxic	a	287
@koohee	a	287
@kyuuri_(miyako)	a	287
@libido	a	287
@meke_(77842928)	a	287
@mikazuki_neko	a	287
@minamida_usuke	a	287
@misakichi_(fechisupi777)	a	287
@mito_(go!go!king!)	a	287
@muke_(fz064)	a	287
@nel-c	a	287
@ohakotome	a	287
@omuretsu	a	287
@ozawa_akifumi	a	287
@sai-go	a	287
@sanjiro_(tenshin_anman)	a	287
@scavia10	a	287
@shiranagi	a	287
@suzuki_kyoutarou	a	287
@tomiokasena	a	287
@yan-baru	a	287
@yanagi_yuu	a	287
belt-fed	g	287
biosuit	g	287
bloated_belly	g	287
cardigan_partially_removed	g	287
catherine_(project_moon)	c	287
circuit_board	g	287
climax_entertainment	s	287
cure_la_mer	c	287
futaba_rio	c	287
gine	c	287
hair_rollers	g	287
holding_cannon	g	287
houshou_marine_(cosplay)	g	287
inutade	c	287
kuroki_tomoki	c	287
louise_halevy	c	287
menou_kaname	c	287
murakami_tomoe	c	287
nagasone_kotetsu	c	287
pandreo_(fire_emblem)	c	287
see-through_pants	g	287
sewing_machine	g	287
shadaloo_dolls	g	287
shimamura_charlotte	c	287
sitting_between_lap	g	287
substitute_(pokemon)	g	287
symphony_regalia	c	287
tauros	c	287
the_amazing_world_of_gumball	s	287
uboa	c	287
@carina_(xiaowoo)	a	286
@creek_(moon-sky)	a	286
@haruka_natsuki	a	286
@inue_shinsuke	a	286
@kasuga_haruhi	a	286
@katsuwo_(cr66g)	a	286
@kawasaki_(kwsk_8765)	a	286
@kujiran	a	286
@kukuchi581	a	286
@kurisu-kun	a	286
@mo_ne	a	286
@mokopekko	a	286
@mokusa	a	286
@murasame_nohito	a	286
@nonohito	a	286
@rity	a	286
@ryuinu	a	286
@tipii	a	286
@togekk0	a	286
@toriatto_gununu	a	286
@tsubooi	a	286
@utsurogi_angu	a	286
@youyume-kun	a	286
@yuuki_kira	a	286
@zombie_mogura	a	286
absinthe_(arknights)	c	286
antler_ornament	g	286
aty	c	286
audrey_burne	c	286
croquette	g	286
daughter_(yoru_mac)	c	286
diamond_facial_mark	g	286
diamond_tiara	c	286
double-barreled_shotgun	g	286
ena_(series)	s	286
eve_santaclaus	c	286
formula_one	s	286
french_commentary	g	286
giggling	g	286
glowing_skin	g	286
holding_nail	g	286
hori_masayuki	c	286
ishida_uryuu	c	286
joshua_bright	c	286
kamihime_project	s	286
kono_yuusha_ga_ore_tueee_kuse_ni_shinchou_sugiru	s	286
left_4_dead	s	286
licking_weapon	g	286
lovers_(game)	s	286
nabe	g	286
nago	c	286
negi_springfield	c	286
nt-d	g	286
orange_print	g	286
plaster	g	286
prishe	c	286
ragnell	g	286
relena_peacecraft	c	286
riza_wildman	c	286
rock_howard	c	286
royal_guard_(ragnarok_online)	c	286
scraggy	c	286
sentimental_graffiti	s	286
shiba_kuukaku	c	286
shiromiya_asuka	c	286
siberian_tiger_(kemono_friends)	c	286
silver_spoon	c	286
sleeveless_duster	g	286
sweater_under_shirt	g	286
tactical_surface_fighter	g	286
thundercats	s	286
tumbler	g	286
visible_ears	g	286
wasp	g	286
welrod	g	286
wooden_lantern	g	286
@5rwpvc	a	285
@aisutabetao	a	285
@ao_jun	a	285
@aruka_(alka_p1)	a	285
@char	a	285
@chueog	a	285
@chunyan	a	285
@docozi	a	285
@fluegel_(kaleido_scope-710)	a	285
@gomamiso_(gomamiso_sp)	a	285
@horibe_hiderou	a	285
@karunabaru	a	285
@kisaragi_chiyuki	a	285
@kitano_(kitanosnowwhite)	a	285
@kourourin	a	285
@kuren	a	285
@mochi.f	a	285
@nyum	a	285
@omochi_(mochi_skymega)	a	285
@postblue98	a	285
@purinpurin	a	285
@shinonome_umi	a	285
@sofy	a	285
@unime_seaflower	a	285
@wl217_(nicexa111)	a	285
@wu_ganlan_cai	a	285
@yonaga_san	a	285
@yue_(show-ei)	a	285
adachi_tenka	c	285
ark_royal_(azur_lane)	c	285
armadillo	g	285
azuki_(nekopara)	c	285
belmond_banderas	c	285
bent_v	g	285
claus_(mother_3)	c	285
cleaning_&_clearing_(blue_archive)	g	285
cleric	g	285
destroyer_(girls'_frontline)	c	285
earmuffs_around_neck	g	285
earphones_removed	g	285
fei_rune	c	285
flashbang	g	285
fletcher_mk_ii_(kancolle)	c	285
green_wristband	g	285
gridman_(ssss)	c	285
hand_to_forehead	g	285
histoire	c	285
holding_cleaver	g	285
hookah	g	285
hoshikuzu_witch_meruru	s	285
how_to_train_your_dragon	s	285
k/da_evelynn	c	285
kamen_rider_kiva_(series)	s	285
karasuma_chitose	c	285
kokoro_(darling_in_the_franxx)	c	285
kyonyuu_fantasy_gaiden_2	s	285
lecia_(granblue_fantasy)	c	285
maou_beluzel	c	285
moire	g	285
multiple_eyes	g	285
nero_claudius_(bride)_(third_ascension)_(fate)	c	285
orange_peel	g	285
piston	g	285
quilted_clothes	g	285
ribbon-trimmed_hairband	g	285
scarlet_(black_shadow)_(nikke)	c	285
shameless	g	285
shibuya_aoi	c	285
shirai_hinako	c	285
shiranami_ramune	c	285
shuumatsu_no_harem	s	285
silphymon	c	285
skadi_the_corrupting_heart_(sublimation)_(arknights)	c	285
stingray	g	285
swimmer_(pokemon)	c	285
t-34	c	285
takanashi_souta	c	285
tantrum	g	285
the_emperor_(arknights)	c	285
thief_(ragnarok_online)	c	285
toucan	g	285
tsukishima_kei	c	285
two-handed_sword	g	285
vulcanus_(disgaea_4)	c	285
@abridged-satoko	a	284
@bechu	a	284
@bilibili_xiaolu	a	284
@buri_(retty9349)	a	284
@changye	a	284
@dadijiji	a	284
@dantes_ward	a	284
@e.c.ho	a	284
@fake_face	a	284
@fujii_masahiro	a	284
@gabao_(mattari_2019)	a	284
@gale_kawaii	a	284
@haruhina_purple	a	284
@hitofutarai	a	284
@honlo	a	284
@inu_fuji	a	284
@kacyu	a	284
@katsushika_pachi	a	284
@kiyo_(kyokyo1220)	a	284
@kotteri	a	284
@longdq3008	a	284
@monicanc	a	284
@natsuhiko	a	284
@nishizuki_shino	a	284
@paintrfiend	a	284
@qingmingtongzi	a	284
@rubi-sama	a	284
@sakeharasu	a	284
@sakuramochi_(sakura_frappe)	a	284
@seno_(senohime)	a	284
@sezok	a	284
@w.k	a	284
@wass_nonnam	a	284
@yuya_(night_lily)	a	284
akamaru_(naruto)	c	284
amazon_lily	g	284
anal_ball_wear	g	284
angel's_24_uniform_(blue_archive)	g	284
artoria_pendragon_(swimsuit_archer)_(first_ascension)_(fate)	c	284
aurora_(disney)	c	284
azelf	c	284
belted_dress	g	284
bruise_on_leg	g	284
chainsword	g	284
computer_chip	g	284
crab_claw	g	284
dracumon	c	284
garie_tuman	c	284
giroro	c	284
griseo_(starry_impression)	c	284
harisen	g	284
hecatia_lapislazuli_(moon)	c	284
himeno_kanon	c	284
hina_ningyou	g	284
holding_drawing	g	284
holding_scalpel	g	284
hololive_grand_theft_auto	s	284
hydrapple	c	284
jacket_tug	g	284
jayce_(league_of_legends)	c	284
k/da_all_out_evelynn	c	284
kango_shichauzo	s	284
kanojo_to_no_gakuen_seikatsu_wo_hakai_suru,_ittsuu_no_tegami	s	284
l'arachel_(fire_emblem)	c	284
lize_helesta_(1st_costume)	c	284
metal_gear_solid_2:_sons_of_liberty	s	284
mizumiya_su	c	284
momijiyama_teru	c	284
nana_(ice_climber)	c	284
orion_heart_~injoku_no_suku_mizu_sailor_senshi~	s	284
rune_factory:_guardians_of_azuma	s	284
sage_(ragnarok_online)	c	284
saiki_kusuo_no_psi_nan	s	284
satou_sasara	c	284
serval_landau	c	284
shingen_seiji	c	284
shuumatsu_no_izetta	s	284
terastallization	g	284
tsukuyo_(gintama)	c	284
tweek_tweak	c	284
ultima_(fft)	c	284
voltorb	c	284
wide_stance	g	284
@ar_(lover_boy)	a	283
@bailingxiao_jiu	a	283
@batta_(ijigen_debris)	a	283
@bbmbbf	a	283
@cremanata	a	283
@ekra	a	283
@huangdanlan	a	283
@kaede_(mmkeyy)	a	283
@ki_(adotadot)	a	283
@kikurage_(plastic_people)	a	283
@kurano_kisuke	a	283
@maiqo	a	283
@mocollie	a	283
@my_pet_tentacle_monster	a	283
@naufaldreamer	a	283
@nineo	a	283
@nisego	a	283
@noeru	a	283
@oka_mochi	a	283
@osamu_yagi	a	283
@poligon_(046)	a	283
@rybiok	a	283
@sin-poi	a	283
@stu_dts	a	283
@tcb	a	283
@uk-violet	a	283
@xretakex	a	283
@yonekura_(bakuzen)	a	283
amemori_sayo	c	283
arm_on_own_head	g	283
atelier_ayesha	s	283
collared_sweater	g	283
colored_teeth	g	283
cum_on_tail	g	283
ear_bell	g	283
elementary_schoolboy	g	283
emma_sheen	c	283
eris_(asobi_ni_iku_yo!)	c	283
escha_malier	c	283
gachiakuta	s	283
heiter	c	283
hurricane_glass	g	283
i-19_(azur_lane)	c	283
inahime	c	283
kawashima_sapphire	c	283
macross_frontier:_sayonara_no_tsubasa	s	283
mademoiselle_crabaletta	c	283
meerkat_ears	g	283
mito_(sao)	c	283
mitsukai_dokuro	c	283
oomuro-ke	s	283
parvati_(fate)	c	283
poyomon	c	283
ribbon-trimmed_capelet	g	283
seraphimon	c	283
splash_woman	c	283
stealth_fellatio	g	283
tennousu_athena	c	283
thumb_to_mouth	g	283
toe_sucking	g	283
virtuous_contract	g	283
watarai_hibari	c	283
watashi_no_oshi_wa_akuyaku_reijou	s	283
@@sabonbold	a	282
@albino_(a1b1n0623)	a	282
@bagelbomb	a	282
@barkhorn0331	a	282
@beecon_(bee_niji)	a	282
@dr_comet	a	282
@garimpeiro	a	282
@hokori_sakuni	a	282
@jagabutter	a	282
@k_pring	a	282
@kiramarukou	a	282
@kirigaya_yuuji	a	282
@kuse_(0201)	a	282
@maron_maron_(circle)	a	282
@meto31	a	282
@mitsui_jun	a	282
@planeptune	a	282
@pruzhka_(wardi113)	a	282
@redrabbit44	a	282
@ribucci	a	282
@saaal653	a	282
@seila_rei	a	282
@shibusun	a	282
@shuuichi	a	282
@to_(tototo_tk)	a	282
@topia	a	282
@unapoppo	a	282
@wancozow	a	282
@wei_xiao	a	282
@yoneyama_mai	a	282
anjo_nala	c	282
aoyama_blue_mountain	c	282
astarotte_ygvar	c	282
bend	g	282
black_fundoshi	g	282
cake_hair_ornament	g	282
cerberus_(shingeki_no_bahamut)	c	282
dixie_kong	c	282
emma_(nikke)	c	282
fin_funnels	g	282
food_theft	g	282
fubukihime	c	282
futa_on_male	g	282
gazebo	g	282
glalie	c	282
gold_experience	c	282
green_shawl	g	282
hana_(pangya)	c	282
hare_(camp)_(blue_archive)	c	282
hermit_crab	g	282
hero's_son_(dq5)	c	282
holding_bow_(ornament)	g	282
inaba_haneru_(animare)	c	282
kaihime	c	282
kazuradrop_(fate)	c	282
kristen_(arknights)	c	282
lina_(michihasu)	c	282
lisa_(ponyo)	c	282
mega_ring	g	282
minah_(chaesu)	c	282
n_(murder_drones)	c	282
orange_tongue	g	282
power_drill	g	282
robin_(batrobin_k)	c	282
saihate_(vocaloid)	s	282
saya_(blue_archive)	c	282
senran_kagura_peach_beach_splash	s	282
serra_(fire_emblem)	c	282
single_sleeve_past_wrist	g	282
small_stellated_dodecahedron	g	282
sternritter	g	282
tokitani_koruri	c	282
too_many_books	g	282
ushiwakamaru_(swimsuit_assassin)_(first_ascension)_(fate)	c	282
wang_yuanji	c	282
whitney_(degrees_of_lewdity)	c	282
yoshimoto_shizuka	c	282
zebra	g	282
zooming_in	g	282
@40010prototype	a	281
@damegane	a	281
@dowman_sayman	a	281
@hachiko_(hati12)	a	281
@hayyan	a	281
@hiro_(pqtks113)	a	281
@itaco	a	281
@jk_arts	a	281
@kugui_kiyunemu	a	281
@lemon_snail	a	281
@meiya_neon	a	281
@memekko	a	281
@mifuru	a	281
@milkcarton_man	a	281
@misonou_hirokichi	a	281
@mohoshadream	a	281
@murase48	a	281
@nemu_mohu	a	281
@shino_(comic_penguin_club)	a	281
@sinkai	a	281
@sob_(submar1089)	a	281
@tsukioka_tsukiho	a	281
@umiroku	a	281
@weidashming	a	281
@yeougui	a	281
@zifu	a	281
ankle_scrunchie	g	281
anti-materiel_cartridge	g	281
blind_girl_(popopoka)	c	281
bouncing_testicles	g	281
celestine_lucullus	c	281
charlotte_(seiken_densetsu_3)	c	281
dark_anus	g	281
downscaled	m	281
exif_rotation	g	281
farmer	g	281
gold_boots	g	281
greco-roman_architecture	g	281
green_light	g	281
hasegawa_chisame	c	281
hat_tug	g	281
head_biting	g	281
ichimegasa	g	281
illuso	c	281
indonesian_text	g	281
iya_na_kao_sare_nagara_opantsu_misete_moraitai	s	281
joshiraku	s	281
judal	c	281
kamikaze_kaitou_jeanne	s	281
kamiyama_shiki	c	281
kisaki_(kindergarten_uniform)_(blue_archive)	c	281
kiss_day	g	281
knuckle_hair	g	281
minowa_gin	c	281
nipple_tassels	g	281
nojiko	c	281
nuclear_weapon	g	281
othinus	c	281
paras	c	281
penis_close_to_face	g	281
pile_bunker	g	281
pink_bandaid	g	281
primula	c	281
raiden_mei_(apho)	c	281
sena_izumi_(ensemble_stars!)	c	281
single_hair_streak	g	281
snot_trail	g	281
soft_focus	g	281
suzuka_utako	c	281
talking_to_viewer	g	281
tamamo_no_mae_(third_ascension)_(fate)	c	281
thelema_nutriscu	c	281
three_quarter_profile	g	281
trickcal	s	281
vertical-striped_sweater	g	281
vsinger_(vocaloid)	s	281
wakamiya_eve	c	281
walking_mushroom_(dungeon_meshi)	c	281
yozakura_quartet	s	281
yuezheng_ling	c	281
yuri_leclerc	c	281
yuusaki_riko	c	281
zozotown	s	281
@boxman	a	280
@chis_(js60216)	a	280
@chitetan	a	280
@doruka	a	280
@eddybird55555	a	280
@fffukuzawa	a	280
@fuukadia_(narcolepsy)	a	280
@fuyuno_mikan	a	280
@hero45439083942	a	280
@hokuto_(tokuho)	a	280
@housou-kun	a	280
@jurrig	a	280
@kagachi_saku	a	280
@kihou_no_gotoku_dmc	a	280
@kou_futoshi	a	280
@kousei_(public_planet)	a	280
@kurokawa_otogi	a	280
@maanu	a	280
@masaki_(ekakiningen)	a	280
@matsunaga_(haku)	a	280
@matsutani	a	280
@mejikara_scene	a	280
@nyanmaru	a	280
@ootorii_bisetsu	a	280
@ootsuka_shin'ichirou	a	280
@renshu_usodayo	a	280
@s.yoshida_(nouskjp)	a	280
@shenbei_xiaoqiu	a	280
@shirako_miso	a	280
@stone_(ksorede)	a	280
@tan_(inka)	a	280
@taya_oco	a	280
@truejekart	a	280
@yamathegod	a	280
@yao_(pixiv9482697)	a	280
@yoshiku_(oden-usagi)	a	280
air_gear	s	280
alvida_(one_piece)	c	280
ara_ara	g	280
beatrice_kushan	c	280
bird_request	m	280
black_santa_costume	g	280
breathing_on_hands	g	280
bungou_to_alchemist	s	280
cross-laced_shorts	g	280
crossbone_gundam	s	280
dragon_nest	s	280
esidisi	c	280
female_rapist	g	280
gardening	g	280
geiru_toneido	c	280
himation	g	280
hoto_mocha	c	280
justin_(grandia)	c	280
killer_(one_piece)	c	280
kongou_(aoki_hagane_no_arpeggio)	c	280
kuchiki_byakuya	c	280
kuroda_kunika	c	280
lanturn	c	280
lycion	c	280
mazda_rx-7	g	280
mei-fang	c	280
munou_na_nana	s	280
museum	g	280
orange_clouds	g	280
orimura_chifuyu	c	280
quilt	g	280
see-through_babydoll	g	280
shedinja	c	280
shirt_on_shoulders	g	280
through_window	g	280
usami_taiga	c	280
viprpg	s	280
virtual_reality	g	280
weather_vane	g	280
well_used_anus	g	280
wrist_blades	g	280
yanase_mai	c	280
yur_oc_like_this_(meme)	g	280
@3four	a	279
@aegis_(nerocc)	a	279
@bikkii	a	279
@cnm	a	279
@cynical_(llcbluckg_c004)	a	279
@eho_(icbm)	a	279
@ippers	a	279
@iuui	a	279
@jampen	a	279
@jinjin	a	279
@kieta	a	279
@kinhasu	a	279
@kusanagi_kaoru	a	279
@liu_liaoliao	a	279
@maku_ro	a	279
@mano_aaa	a	279
@neroma_shin	a	279
@odd_(hin_yari)	a	279
@ren_san	a	279
@sch	a	279
@shirono	a	279
@soto	a	279
@taiga_hiroyuki	a	279
@tama_(soon32281)	a	279
@tantan_men_(dragon)	a	279
@torahime_(roland00)	a	279
@twinpoo	a	279
@wirberlwind	a	279
@won_(az_hybrid)	a	279
@yuccoshi	a	279
a_song_for_you!_you?_you!	g	279
amaya_haruko	c	279
andy_bogard	c	279
batsubyou	c	279
bioshock	s	279
bushidou_(sekaiju)	c	279
coat_lift	g	279
crazy_mita_(miside)	c	279
cycling_uniform	g	279
delutaya	c	279
dewgong	c	279
drasna_(pokemon)	c	279
drednaw	c	279
ear_birthmark	g	279
elven_forest_maker	c	279
faris_nyannyan	c	279
fogado_(fire_emblem)	c	279
four_murasame	c	279
fubuzilla_(shirakami_fubuki)	c	279
grabbing_another's_stomach	g	279
grimms_echoes	s	279
helma_lennartz	c	279
heraklekabuterimon	c	279
himehina_channel	s	279
hitori_bocchi	c	279
hongou_kazuto	c	279
houchi_shoujo	s	279
kemomimi_refle!	s	279
lich	g	279
lube_bottle	g	279
makihara_nodoka	c	279
mare_bello_fiore	c	279
milk_(cookie)	c	279
morgan_(male)_(fire_emblem)	c	279
nights_into_dreams	s	279
omnitrix	g	279
on_wall	g	279
overpass	g	279
panda_(jujutsu_kaisen)	c	279
penguin_(one_piece)	c	279
penguin_hat	g	279
pink_cat	g	279
poliwhirl	c	279
porygon	c	279
rainbow_bikini	g	279
rolling_girl_(vocaloid)	s	279
sakura_no_uta	s	279
sara_(granblue_fantasy)	c	279
scribble_censor	g	279
shinsou_hitoshi	c	279
shyvana	c	279
silvally	c	279
skunk_tail	g	279
smeargle	c	279
swim_trunks_pull	g	279
tenkuu_no_crystalia	s	279
unicorn_(long-awaited_date)_(azur_lane)	c	279
urabe_mikoto	c	279
@aho_manten	a	278
@binchou_maguro	a	278
@bluekomadori	a	278
@bsapricot	a	278
@cho!cho!	a	278
@echigoya_takeru	a	278
@galibo	a	278
@goribote	a	278
@house_tag_denim	a	278
@kinosuke_(sositeimanoga)	a	278
@kirby_d_a	a	278
@mephisto_(angraecum)	a	278
@miso_(misomiso_154)	a	278
@mullmull02	a	278
@naruse_hirofumi	a	278
@nasii	a	278
@neps-l	a	278
@ponpon_(tosico)	a	278
@qi7pi	a	278
@relaxjon	a	278
@saboten_mushi	a	278
@shimesaba_kohada	a	278
@toy-black	a	278
@tsukamoto_minori	a	278
@uni_mate	a	278
@ycco_(estrella)	a	278
@yosola_pl	a	278
@zun_(artist)	a	278
against_rock	g	278
ajax_(azur_lane)	c	278
automatic_rifle	g	278
axel	c	278
black_bike_shorts	g	278
blue_shrug	g	278
butterfly_swords	g	278
caroline_(persona_5)	c	278
celica_a._mercury	c	278
comic_lo	s	278
conch_(gundam)	c	278
depth_measurement	g	278
ferret_tail	g	278
fujimura_shizuru	c	278
goofy	c	278
gourry_gabriev	c	278
hairy_anus	g	278
hands_reach_floor	g	278
happy_trail	g	278
hayase_mitsuki	c	278
hoozuki_(hoozuki_no_reitetsu)	c	278
imouto_paradise!	s	278
irene_belserion	c	278
jeff_(marvel)	c	278
kathryne_keyron	c	278
lab_zero_games	s	278
licking_cum	g	278
mahjong_fight_girl	s	278
mash_kyrielight_(ortenaus)	c	278
muntins	g	278
muu_muyu	c	278
niimi_kaoru	c	278
o/	g	278
octopus_girl	g	278
ombok_diving_and_delivery_services	s	278
origami_cyclone	c	278
oscar_francois_de_jarjayes	c	278
pile_of_skulls	g	278
pineapple_slice	g	278
plymouth_(azur_lane)	c	278
quincy_(nu_carnival)	c	278
red_sandals	g	278
sabin_rene_figaro	c	278
saito_nicole	c	278
sasaki_kanna_(kaedeko)	c	278
sen_no_rikyu_(fate)	c	278
souji_(senran_kagura)	c	278
talonflame	c	278
tekken_5	s	278
tojou_michiru	c	278
toriko_no_kusari	s	278
tour_guide	g	278
zuo_le_(arknights)	c	278
@54hao	a	277
@adarin	a	277
@akasode_(tyaramu)	a	277
@akiyoshi_(tama-pete)	a	277
@arlcn_(arlcn_1115)	a	277
@average-hanzo	a	277
@chobonu	a	277
@eluthel	a	277
@eta	a	277
@fumihiro	a	277
@funa_(sakana)	a	277
@gedou_danshaku	a	277
@hinata_momo	a	277
@hong_doo	a	277
@kitasaya_ai	a	277
@kitsune-neko	a	277
@konkito	a	277
@mikurou_(nayuta)	a	277
@nemuri_nemu	a	277
@netarou	a	277
@shirokujira	a	277
@sowon	a	277
@teffish	a	277
@xipa	a	277
@zasshu_nigou	a	277
airi_kanna	c	277
asymmetrical_jacket	g	277
black_tears	g	277
bowling_ball	g	277
brave_sword_x_blaze_soul	s	277
chipmunk	g	277
compression_sleeve	g	277
cu_chulainn_(fate/prototype)	c	277
cure_lillian	c	277
elysia_(peachy_spring)_(honkai_impact)	c	277
face_in_crotch	g	277
feli_(puyopuyo)	c	277
game_(=eroge)_mitai_na,_suteki_na_koi_ga_shitai!	s	277
genmu_senki_leda	s	277
green-tinted_glasses	g	277
hakuryuu_(azur_lane)	c	277
hassan_of_the_cursed_arm_(fate)	c	277
holding_wreath	g	277
juujou_hiyori	c	277
koi_suru_kanojo_no_bukiyou_na_butai	s	277
lens_eye	g	277
mastemon	c	277
mechanical_tentacles	g	277
meryl_stryfe	c	277
metal_bikini	g	277
morino_korisu	c	277
namine_ritsu	c	277
nhk_ni_youkoso!	s	277
ol-chan_(oouso)	c	277
paint_palette	g	277
peter_pan_(disney)	s	277
power_pro_kun_pocket	s	277
primrose_azelhart	c	277
queen_of_hatred	c	277
rain_world	s	277
removing_glove	g	277
sabaody_archipelago	g	277
sakura_kyoko_(cosplay)	g	277
see-through_curtains	g	277
shirtless_male	g	277
shuna_(tensei_shitara_slime_datta_ken)	c	277
spade_earrings	g	277
spirit_blossom_kindred	c	277
squid_hat	g	277
succubus_(disgaea)	c	277
sunohara_ayaka	c	277
superboy	c	277
suzuki_masaru	c	277
taliyah	c	277
tap_dance_city_(umamusume)	c	277
tuxedo_kamen	c	277
umbrella_gun	g	277
unworn_swim_cap	g	277
valkyria_(studio)	s	277
warner_bros	s	277
yamato_aki	c	277
yukong_(honkai:_star_rail)	c	277
@1shermieaday	a	276
@animanghayo	a	276
@aomoro	a	276
@aruma_jiki	a	276
@baocaizi	a	276
@cinnabus	a	276
@cyber_(cyber_knight)	a	276
@didloaded	a	276
@ebi_puri_(ebi-ebi)	a	276
@girlsay	a	276
@hattori_masaki	a	276
@hisha_(kan_moko)	a	276
@hisui_(stapspats)	a	276
@junsuina_fujunbutsu	a	276
@kana_(kanna_runa0620)	a	276
@kazuma_kaneko	a	276
@kilabo	a	276
@kogatarou	a	276
@kozakura_kumaneko	a	276
@kumakoro_(tetsupag)	a	276
@kuso_otoko	a	276
@lan_mao_akko	a	276
@lexaiduer	a	276
@menthako	a	276
@minaha_(playjoe2005)	a	276
@mizoguchi_keiji	a	276
@novcel	a	276
@omoomomo	a	276
@panimiiru	a	276
@peterhl	a	276
@setouchi_kurage	a	276
@shimogamo_(shimomo_12)	a	276
@soresaki	a	276
@toriga_naku	a	276
@toyomaru	a	276
@ugwa	a	276
@umino_mokuzu_(shizumisou)	a	276
@yonaga_(masa07240)	a	276
@yurikuta_tsukumi	a	276
agent_4_(splatoon)	c	276
amatsuka_uto	c	276
april_o'neil	c	276
atom	g	276
beauty_and_the_beast	s	276
bellsprout	c	276
beyblade:_burst	s	276
bianca_(punishing:_gray_raven)	c	276
black_car	g	276
boxing_shorts	g	276
butter_knife	g	276
chest_fur	g	276
cloaca	g	276
danjin_(wuthering_waves)	c	276
edmond_honda	c	276
egypt	g	276
gakuseibou	g	276
golden_rose	g	276
guarana_antarctica	s	276
hand_in_mouth	g	276
holding_rattle	g	276
hubert_ozwell	c	276
ibaraki_douji_(fate/grand_order)	c	276
iced_coffee	g	276
kay_faraday	c	276
kindergarten_teacher	g	276
kiryu_tsukasa_(idolmaster)	c	276
kjera_(arknights)	c	276
kujo_jotaro's_pose_(jojo)	g	276
little_brother	g	276
makoto_(genshin_impact)	c	276
medium_request	m	276
mitsui_hisashi	c	276
nobori	g	276
raymond_(animal_crossing)	c	276
sei_shounagon_(swimsuit_berserker)_(fate)	c	276
serge_(chrono_cross)	c	276
shiromuku	g	276
shishiou_(touken_ranbu)	c	276
skinsuit	g	276
sunrise_stance	g	276
taira_no_kagekiyo_(fate)	c	276
toy_airplane	g	276
u-47_(azur_lane)	c	276
united_states_navy	s	276
utsumi_shou	c	276
wallet_chain	g	276
winged_lion_(dungeon_meshi)	c	276
zaku_ii_s_char_custom	c	276
@aburidashi_zakuro	a	275
@akikaze_tsumuji	a	275
@akira_(meltyhip)	a	275
@arowana2111	a	275
@ayumaru_(art_of_life)	a	275
@barbarian_tk	a	275
@buru-dai	a	275
@canking	a	275
@cbmus	a	275
@cocoloco	a	275
@daikinbakuju	a	275
@haganemaru_kennosuke	a	275
@kenno_arkkan	a	275
@kodachi_(kuroyuri_shoukougun)	a	275
@kojima_(blue_stardust)	a	275
@konsu_konsuke	a	275
@mazeran	a	275
@mokuzou_(moku_ssbu)	a	275
@nano_(syoutamho)	a	275
@nekojira	a	275
@nikism	a	275
@none_(kameko227)	a	275
@qin_(7833198)	a	275
@ramie_(ramie541)	a	275
@roresu	a	275
@sagemaru-br	a	275
@sandansu	a	275
@satou_yuuki	a	275
@seisui_bar	a	275
@shimizu_akina	a	275
@zlix0n	a	275
adagumo_no_saragimaru	c	275
aespa	s	275
airpods	g	275
armpit_stubble	g	275
asahina_hiyori	c	275
athena	c	275
bandaged_tail	g	275
beelzebub_(umineko)	c	275
belly_rub	g	275
blaster_master_zero	s	275
breasts_on_tray	g	275
canards	g	275
cathyl	c	275
cherrim	c	275
christina_mackenzie	c	275
connie_springer	c	275
duel_masters_play's	s	275
elbow_spikes	g	275
euphoria_trinity	c	275
geo_stelar_(mega_man)	c	275
grey_leg_warmers	g	275
grinding_over_clothes	g	275
grovyle	c	275
hands_on_another's_leg	g	275
harness_gag	g	275
hippopotamus	g	275
historical_event	g	275
holojustice	s	275
june	g	275
kazama_jun	c	275
kuzan_(aokiji)	c	275
light_and_night_love	s	275
lilim_(monster_girl_encyclopedia)	c	275
mantine	c	275
mao_(darker_than_black)	c	275
mikage_reo	c	275
mikoko_(kemomimi_oukoku_kokuei_housou)	c	275
mini_santa_hat	g	275
mugen_senshi_valis	s	275
myouga_(plant)	g	275
naked_raincoat	g	275
nami_(league_of_legends)	c	275
nene	c	275
nihilister_(nikke)	c	275
otomedius	s	275
peeing_in_mouth	g	275
pela_(honkai:_star_rail)	c	275
persona_4:_dancing_all_night	s	275
romancing_saga	s	275
sophocles_(pokemon)	c	275
symphogear_pendant	g	275
taiwan	g	275
tom_nook_(animal_crossing)	c	275
valkyrie_skirt	g	275
voltron	s	275
wendy_corduroy	c	275
whorled_clouds	g	275
xerneas	c	275
yakin_byoutou	s	275
.hack//games	s	274
@9610_(kuroto)	a	274
@bakushi_(smys2017)	a	274
@charm_point	a	274
@colis	a	274
@falcoon	a	274
@fami_(yellow_skies)	a	274
@huqu	a	274
@jiekuijiangshadaonijiamenkou	a	274
@kabaji	a	274
@katwo	a	274
@kiato	a	274
@kusoyuridanchi	a	274
@miga_(migao)	a	274
@miso_katsu	a	274
@mitsuru_(pixiv_34028718)	a	274
@nezuko	a	274
@nikishiko	a	274
@odachu	a	274
@omutatsu	a	274
@sadahiro_(chicken_nugget_gyuuniku_aji)	a	274
@satou_toshiyuki	a	274
@shisantian	a	274
@sky_cappuccino	a	274
@sleepy_frippy	a	274
@sunameri_oishii	a	274
@wuwuren	a	274
@yodare_(3yami8)	a	274
@yonedatomo_mizu	a	274
@yuki_to_hana	a	274
@zenshin	a	274
@zizi_niisan	a	274
alligator	g	274
aqua_ascot	g	274
ayame_(gundam_build_divers)	c	274
broken_plate	g	274
christina_(princess_connect!)	c	274
elisabeth_blanctorche	c	274
final_fantasy_tactics_advance	s	274
fire_emblem_if	s	274
flaaffy	c	274
fujiwara_no_iyozane	c	274
fumiddition	g	274
gema	c	274
hair_tied_up	g	274
hakuouki_shinsengumi_kitan	s	274
hanako_(jibaku_shounen_hanako-kun)	c	274
heart_wand	g	274
hishi_akebono_(umamusume)	c	274
kumagawa_misogi	c	274
kyoto	g	274
la_brava	c	274
labrys_(persona)	c	274
leavanny	c	274
more_more_jump!_(project_sekai)	g	274
mouth_stuffed	g	274
nier_(young)	c	274
pan_yinhu	c	274
persona_5:_the_phantom_x	s	274
pokemon_heroes:_latios_&_latias	s	274
rino_(princess_connect!)	c	274
saaya_(kirome)	c	274
seychelles_(hetalia)	c	274
shy_gal	c	274
sixteenth_note	g	274
snake_(chinese_zodiac)	c	274
spa	g	274
sparkle_earrings	g	274
sugimori_ken_(style)	g	274
tenka_touitsu_chronicle	s	274
timcanpy	c	274
toes_up	g	274
tokunaga_(tales)	c	274
tongari_boushi_no_atelier	s	274
two-tone_beard	g	274
ueno_(ueno-san_wa_bukiyou)	c	274
ushigome_rimi	c	274
viper_(valorant)	c	274
yamakaze_kai_ni_(kancolle)	c	274
yukimibotamon	c	274
@2-butani	a	273
@akikusa_peperon	a	273
@akizora_momiji	a	273
@ekm	a	273
@es_(eisis)	a	273
@futon_(kitsune_tsuki)	a	273
@gemuo	a	273
@healthyman	a	273
@huhv.	a	273
@imuneko	a	273
@kagawa_yuusaku	a	273
@karokuchitose	a	273
@mitsuki	a	273
@nikki_kyousuke	a	273
@nikozes	a	273
@pepipopo	a	273
@philipp_urlich	a	273
@principenegro	a	273
@puracotte	a	273
@ryuusui_arumo	a	273
@senano-yu	a	273
@sharumon	a	273
@siokazunoko	a	273
@sironora	a	273
@suiroh_(shideoukami)	a	273
@supon	a	273
@tensen_(dotted_line)	a	273
@tokiwa_midori_(kyokutou_funamushi)	a	273
@tsujizen	a	273
@tsukigami_runa	a	273
@unmaker	a	273
@wasabijoyu76	a	273
@youshuu	a	273
@yuuki_rika	a	273
@yuuki_shin	a	273
@zetsumame	a	273
after_handjob	g	273
anya_(mouthwashing)	c	273
arima_miyako	c	273
baizhi_(wuthering_waves)	c	273
bikini_over_clothes	g	273
bradamante_(first_ascension)_(fate)	c	273
chypre_(heartcatch_precure!)	c	273
cuddly_octopus	s	273
emerald_float	g	273
fake_antennae	g	273
falling_devil_(chainsaw_man)	c	273
fuurinkan_high_school_uniform	g	273
gold_ribbon	g	273
grey_mask	g	273
gum_(jsr)	c	273
gunsmith_cats	s	273
hagakure_toru	c	273
hitou_nami	c	273
kagura_(senran_kagura)	c	273
kate_(shadows_house)	c	273
knotting	g	273
kodachi	g	273
kurokumo_clan_(identity)_(project_moon)	s	273
left-to-right_manga	g	273
maid_leotard	g	273
male_rape_victim	g	273
mall	g	273
maya_cordelia	c	273
midorikawa_hana	c	273
mitsuboshi_colors	s	273
miyano_shiho	c	273
mochizuki_hijiri	c	273
multiple_hats	g	273
nakabeni_yua	c	273
nanobana_kinako	c	273
panties_around_thighs	g	273
potpourri_(heartcatch_precure!)	c	273
print_sarong	g	273
ruffle_bikini	g	273
samuel_oak	c	273
sekine_shiori	c	273
serving	g	273
shera_l._greenwood	c	273
skirt_cutout	g	273
spaceship	g	273
straining_buttons	g	273
three_sizes	g	273
upamon	c	273
vedal987	c	273
yatogami_fuma	c	273
yuri_seo	c	273
;>	g	272
@_(symbol)	g	272
@akusema	a	272
@amane_kurumi	a	272
@asahikawa_hiyori	a	272
@chomoran	a	272
@colonel_aki	a	272
@gya_(144)	a	272
@hanenbo	a	272
@hemogurobina1c	a	272
@ichikawa_masahiro	a	272
@k_jie	a	272
@kornod	a	272
@kouki_kuu	a	272
@kuro_(tbm9187)	a	272
@kusuribe	a	272
@oggu_(neoguloliko)	a	272
@pinkcap	a	272
@rito453	a	272
@rozea	a	272
@saeki_shun	a	272
@sasasi	a	272
@shin_(highest1192)	a	272
@siun	a	272
@souta_(karasu_no_ouchi)	a	272
@suzuame_yatsumi	a	272
@yagisawa_teru	a	272
@yuki_maccha_(yukimattya10)	a	272
@yuuki_shuri	a	272
7-eleven	s	272
aircraft_carrier_water_oni	c	272
anila_(summer)_(granblue_fantasy)	c	272
annelotte	c	272
antispiral_nia	c	272
boar_boy	g	272
calyrex	c	272
checkered_apron	g	272
clay_(nikke)	c	272
clitoris_torture	g	272
comic_anthurium	s	272
compa	c	272
coyopotato	c	272
crescent_moon_symbol	g	272
crown_(symbol)	g	272
emerada_(xenogears)	c	272
eunectes_(forgemaster)_(arknights)	c	272
female_tourist_c_(arknights)	c	272
frilled_corset	g	272
frilled_nightgown	g	272
furry_girl	g	272
gakkou_no_kaidan_(anime)	s	272
gasp	g	272
gauge	g	272
glaze_lily	g	272
hisako_(angel_beats!)	c	272
holding_ears	g	272
holding_rock	g	272
honchkrow	c	272
iansan_(genshin_impact)	c	272
ichimoku_ren	c	272
kagai_jugyou	s	272
kaitou_saint_tail	s	272
kimura_kaere	c	272
kintsuba_(shiranui_flare)	c	272
kusuha_mizuha	c	272
large-caliber_cartridge	g	272
luchador	g	272
male_byleth_(fire_emblem)	c	272
mechagodzilla	c	272
meili_portroute	c	272
meredy_(tales)	c	272
metal_slug_attack	s	272
nari_(cougar1404)	c	272
naruse_maria	c	272
nipple_tweak_through_clothes	g	272
no.6	s	272
outbreak_company	s	272
patricia_martin	c	272
poi_(last_origin)	c	272
princess_peach_(cosplay)	g	272
priscilla_the_crossbreed	c	272
puffy_dress	g	272
quinella	c	272
rabbit_background	g	272
rasis	c	272
real_drive	s	272
repairing	g	272
rune_factory_5	s	272
seiken_densetsu_2	s	272
team_flare	g	272
too_many_flowers	g	272
ungagged	g	272
ushiromiya_kyrie	c	272
white_delmo	c	272
wild_arms_5	s	272
yuri_kuma_arashi	s	272
zain_(omaru_polka)	c	272
zaraki_kenpachi	c	272
@8931ponzu	a	271
@arata	a	271
@atelier_rinoaex	a	271
@bachera	a	271
@cabronpr	a	271
@fua1heyvot4ifsr	a	271
@hasebe_yuusaku	a	271
@honon	a	271
@hosoinogarou	a	271
@ichikushi_mojibake	a	271
@inushima	a	271
@jam_(nandade)	a	271
@jas_(littlecrime)	a	271
@kahlua_(artist)	a	271
@kaneaki_mukku	a	271
@kumaisao	a	271
@kuon_bb	a	271
@kuramoto_takato	a	271
@lrh0123	a	271
@maa_(forsythia1729)	a	271
@marshall_k	a	271
@minamon_(vittel221)	a	271
@mucha_(muchakai)	a	271
@nagatsukiariake	a	271
@nixeu	a	271
@nocopyrightgirl	a	271
@panpa	a	271
@pensuke	a	271
@sky_above_me	a	271
@solopipb	a	271
@tantaka	a	271
@tetuw	a	271
@tobisawa	a	271
@tsunemoku	a	271
@vialnite	a	271
@witoi_(roa)	a	271
@xiumu_bianzhou	a	271
@yanyan_(shinken_gomi)	a	271
@yutohiroya	a	271
animal_legs	g	271
animal_on_back	g	271
ass_expansion	g	271
bluebird	g	271
busty_female	g	271
cofagrigus	c	271
durga_(fate)	c	271
eelektross	c	271
exs-tia_(exs-tia_3)	g	271
face_filter	g	271
faye_(fire_emblem)	c	271
floral_print_sleeves	g	271
fumizuki_academy_school_uniform	g	271
gaap_(umineko)	c	271
google	s	271
grey_helmet	g	271
gyaos	c	271
hanayagi_kaoruko	c	271
hatena_yousei	c	271
headwear_with_attached_mittens	g	271
hermes_(kino_no_tabi)	c	271
himejima_kinoko	c	271
hitoyo_(baffu)	c	271
ichinose_honami_(youjitsu)	c	271
irisu_makina	c	271
kiana_kaslana_(void_drifter)	c	271
lipps_(idolmaster)	g	271
magical_witch_academy	s	271
makishima_saori	c	271
mechanical_boots	g	271
morgan_le_fay_(queen_of_winter)_(fate)	c	271
noel_(sora_no_method)	c	271
nun_bora	c	271
padparadscha_(houseki_no_kuni)	c	271
paper_doll	g	271
pedestal	g	271
polar_opposites	g	271
puffer_fish	g	271
removing_legwear	g	271
ronove_(umineko)	c	271
savannah	g	271
selena_(fire_emblem_fates)	c	271
shelf_bra	g	271
sinbad_(magi)	c	271
snake_bondage	g	271
sophia_valentine	c	271
super_paper_mario	s	271
suzuya_juuzou	c	271
sv-98_(girls'_frontline)	c	271
tail_masturbation	g	271
taishakuten_(onmyoji)	c	271
takanashi_kiara_(fever_night)	c	271
tales_of_asteria	s	271
tangrowth	c	271
tsunemori_akane	c	271
unworn_blindfold	g	271
vaporwave	g	271
yume_no_tobira	g	271
zom_100:_zombie_ni_naru_made_ni_shitai_100_no_koto	s	271
@8_(yamalu)	a	270
@akizuki_shigure	a	270
@alecto_0	a	270
@bai_lao_shu	a	270
@baji_toufuu_(bajitohfu)	a	270
@basa_rutan	a	270
@cinko	a	270
@clyde_s	a	270
@gisyo	a	270
@gogatsu_fukuin	a	270
@hagane_soushi	a	270
@hagi_(ame_hagi)	a	270
@hanarito	a	270
@hiki_yuichi	a	270
@hun_(uyonis)	a	270
@isemagu	a	270
@jimmy_madomagi	a	270
@kaatsu_katsurou	a	270
@kaneru	a	270
@kinokomushi	a	270
@lor_(roasyerizyonirapi)	a	270
@misakura_nankotsu	a	270
@muta_koji	a	270
@nanase_miori	a	270
@ogura_anko	a	270
@rourou_ill	a	270
@s10021	a	270
@tanabe_kyou	a	270
@tanaka_hitomi	a	270
@utahane	a	270
@watarai_keiji	a	270
@xian_qishui	a	270
@yoshino_momiji	a	270
@z-ton	a	270
@zero_(miraichizu)	a	270
alita	c	270
aqua_rose	g	270
asagiri_youko	c	270
ashitaka	c	270
bai_ling_(touqi_guaitan)	c	270
bound_feet	g	270
enoshima_junko_(cosplay)	g	270
exposed_chest	g	270
ferrari	s	270
fuutou_shizune	c	270
gakuen_utopia_manabi_straight!	s	270
giraffe_print	g	270
gretel_(sinoalice)	c	270
h&k_p30	g	270
haurchefant_greystone	c	270
hoopa	c	270
idolmaster_xenoglossia	s	270
kamisaki_hikaru	c	270
luna-p	c	270
lunastia_asteel	c	270
material-l	c	270
minoseki_gakuin_uniform	g	270
mooning	g	270
official_art_nude_filter	g	270
partially_opaque_glasses	g	270
plant_monster	g	270
queen_dizzy	c	270
raft	g	270
rathalos	c	270
red_button	g	270
red_clouds	g	270
reverse_ryona	g	270
rir-chan	c	270
ryuko_(oggyoggy)	c	270
scuba_tank	g	270
shimizudani_ryuuka	c	270
silvers_rayleigh	c	270
tina_(closers)	c	270
torn_boots	g	270
vergilius_(project_moon)	c	270
zudomon	c	270
@artnip	a	269
@arttoru	a	269
@drcockula	a	269
@gentoku	a	269
@grandia_lee	a	269
@hagiwara_daisuke	a	269
@haku_(sabosoda)	a	269
@hirokiku	a	269
@ikeda_kazumi	a	269
@inishie_kumo	a	269
@itamochi	a	269
@itatatata	a	269
@kagemusya	a	269
@kihaiu	a	269
@kurose_kousuke	a	269
@kuutamo	a	269
@ma_draws	a	269
@maru_zyru_kun	a	269
@maruyaa_(malya1006)	a	269
@miito_shido	a	269
@mine_(peak)	a	269
@mizukikushou	a	269
@mos_yen	a	269
@moto_murabito	a	269
@nakamura_sumikage	a	269
@ne_an_ito	a	269
@nike_(0306)	a	269
@ocza	a	269
@onsen_tamago_(nurumayu_onsen)	a	269
@saya_pr	a	269
@sdz_(inazuma)	a	269
@shibuki_kamone	a	269
@uehiro	a	269
@yo_na	a	269
@yuuki_(irodo_rhythm)	a	269
agarest_senki	s	269
aimaina	c	269
akira_ferrari	c	269
april	g	269
aquila_yuna	c	269
arrow_hair_ornament	g	269
battle_standard	g	269
bottle_to_cheek	g	269
bowlegged_pose	g	269
caiman_(dorohedoro)	c	269
chackmon	c	269
detached_legs	g	269
dosanko_gal_wa_namaramenkoi	s	269
earth_federation_space_forces	g	269
granblue_fantasy_versus	s	269
grey_male_swimwear	g	269
grimm_(rwby)	c	269
gunnthra_(fire_emblem)	c	269
harem_party	s	269
harumiya_tsugumi	c	269
hatsushimo_kai_ni_(kancolle)	c	269
hayakawa_tazuna	c	269
helena_blavatsky_(swimsuit_archer)_(fate)	c	269
high-visibility_clothing	g	269
houkago_no_pleiades	s	269
huang_(granblue_fantasy)	c	269
kecleon	c	269
koyanskaya_(foreigner)_(first_ascension)_(fate)	c	269
kusarigama	g	269
kyoumachi_seika	c	269
larvitar	c	269
lazulight	s	269
mad_hatter_(alice_in_wonderland)_(cosplay)	g	269
minase_rio	c	269
misaka_shiori	c	269
on_animal	g	269
onii-chan_dakedo_ai_sae_areba_kankeinai_yo_ne	s	269
patty_fleur	c	269
perisie_(star_ocean)	c	269
pull	g	269
purple_bandana	g	269
royal_navy	g	269
semi-transparent	g	269
shikibe_mayu	c	269
shipwreck	g	269
shoujo_shin'iki_shoujo_tengoku	s	269
sleeping_animal	g	269
sr-3mp_(girls'_frontline)	c	269
story_time_(muta_koji)	s	269
sunflora	c	269
suzumi_nemo	c	269
therion_(octopath_traveler)	c	269
ulala	c	269
viktor_(league_of_legends)	c	269
volume_(nikke)	c	269
waddle_doo	c	269
white_facial_hair	g	269
who_framed_roger_rabbit	s	269
yandere_simulator	s	269
@amagi_(volfuji)	a	268
@andro_juniarto	a	268
@asava_(hutaitenn)	a	268
@buranko!	a	268
@galbany_(tsgororin)	a	268
@hanokage	a	268
@hiiragi_souren	a	268
@hoshino_fuuta	a	268
@inutose	a	268
@jason_kim	a	268
@kikugetsu	a	268
@kinako_(mzknk0)	a	268
@mamo_williams	a	268
@morishita_naochika	a	268
@mushi_gyouza	a	268
@muuba	a	268
@namae_ga_kimaranai_man	a	268
@nanateru	a	268
@nev_(nevblindarts)	a	268
@oroz_kun	a	268
@pestil	a	268
@royboy	a	268
@ryuji_(ikeriu)	a	268
@saltydanshark	a	268
@sha2mo	a	268
@shan	a	268
@shikushiku_(amamori_weekly)	a	268
@tororo_ten	a	268
@tovio_rogers	a	268
@tsubaki_(tatajd)	a	268
@yuyaiyaui	a	268
abigail_williams_(emerald_float)_(fate)	c	268
adiane	c	268
aqua_collar	g	268
atago_(school_traumerei)_(azur_lane)	c	268
awakened_miki	c	268
ayukawa_madoka	c	268
baalmon	c	268
blue_crown	g	268
blue_nail_polish	g	268
brown_outline	g	268
cable_tie	g	268
carro_pino	c	268
clarinet	g	268
dogoo	c	268
doppio_dropscythe	c	268
dragon:_marked_for_death	s	268
eel_boy	g	268
eizen_(tales)	c	268
ferris_wheel_interior	g	268
finland_(hetalia)	c	268
fiora_(league_of_legends)	c	268
food_themed_hair_ornament	g	268
g36c_(girls'_frontline)	c	268
gordie_(pokemon)	c	268
gundam_narrative	s	268
he_wants_to_order_(meme)	g	268
hercule_barton	c	268
hinomoto_hikari	c	268
hippopotamus_ears	g	268
holding_bikini	g	268
indou_hikaru	c	268
jiu_niangzi	c	268
july	g	268
kawana_tsubasa	c	268
kazama_akira	c	268
keitaro_nagame	c	268
knee_to_chest	g	268
koukawa_oboro	c	268
lae'zel	c	268
lagann	c	268
landing	g	268
licking_navel	g	268
lotus_position	g	268
lute_(fire_emblem)	c	268
monoe	c	268
ninten	c	268
nouhime	c	268
okita_j._souji_(third_ascension)_(fate)	c	268
oni_chichi	s	268
pearl_choker	g	268
peri_(fire_emblem)	c	268
petal_censor	g	268
pidgeotto	c	268
pokegear	g	268
sapphira_nyx	c	268
shindou_hikaru	c	268
softboiled_egg	g	268
spiked_shoes	g	268
stingmon	c	268
stratos_4	s	268
suomi_kp/-31	g	268
super_robot_wars_30	s	268
tachibana_mizuki	c	268
tendo_teru	c	268
tnt	g	268
ump45_(mod3)_(girls'_frontline)	c	268
un-go	s	268
upotte!!	s	268
v-string	g	268
washington_(azur_lane)	c	268
@akamoku	a	267
@bukurote	a	267
@dal-gi	a	267
@fishneak	a	267
@fuzzlogik	a	267
@hajike_akira	a	267
@harada_miyuki	a	267
@hareno_chiame	a	267
@hazuki_haru	a	267
@ibuki_satsuki	a	267
@imozuka	a	267
@itowo_(itowc)	a	267
@kino_(m6t2a)	a	267
@kirisato_itsuki	a	267
@kousaka_0v0	a	267
@kuen_(kuennn12)	a	267
@kuroyui	a	267
@mad_(hazukiken)	a	267
@madcore	a	267
@maniacbox	a	267
@masaki_itsuki	a	267
@miv4t	a	267
@mizuki_(mizuki_ame)	a	267
@mousou_(mousou_temporary)	a	267
@nompang	a	267
@ryochapu	a	267
@saemon_(tonpura)	a	267
@sleepypudding	a	267
@takeya_yuuki	a	267
@tenpesuto	a	267
@tsuki_no_i-min	a	267
@uni_souchou	a	267
@wakamepiza	a	267
@wee_(weeyy)	a	267
@yellowpaint.	a	267
@z.o.b	a	267
@zukky	a	267
akabane_karma	c	267
alice_(sinoalice)	c	267
assassin's_creed_ii	s	267
atelier_lydie_&_suelle	s	267
barbarian	g	267
belly_dancing	g	267
bible_black_gaiden	s	267
character_watermark	g	267
chibita	c	267
chu_wanning	c	267
dogpile	g	267
dp-12_(girls'_frontline)	c	267
dragon's_dogma	s	267
fake_censor	g	267
fish-shaped_pupils	g	267
game_boy_advance	g	267
gilgamesh-ko	c	267
hand_on_knee	g	267
haoumaru	c	267
harada_makoto	c	267
insect_cage	g	267
inui_toko_(1st_costume)	c	267
ion_(tales)	c	267
kamikoshi_sorawo	c	267
kirishima_kanna	c	267
komori_kinoko	c	267
miya_utsutsu	c	267
mosaic_background	g	267
nakatsukasa_tsubaki	c	267
needless	s	267
nekomura_iroha	c	267
omanyte	c	267
otome_wa_boku_ni_koishiteru	s	267
ouro_kronii_(casual)	c	267
panchy	c	267
pankou	g	267
pecjob	g	267
polt	c	267
purple_cat	g	267
ru-chans	s	267
scene_(arknights)	c	267
scream_tail	c	267
sewer_grate	g	267
shingoku_no_valhalla_gate	s	267
snow_shelter	g	267
soredemo_machi_wa_mawatteiru	s	267
spoken_skull	g	267
su_(honkai_impact)	c	267
sunburst_iris	g	267
tachibana_ginchiyo	c	267
tora_(xenoblade_2)	c	267
tsube_aika	c	267
tyranomon	c	267
xbox_360	g	267
yamamoto_akira	c	267
yellow_moon	g	267
zion_(company)	s	267
@alto_seneka	a	266
@anagumasan	a	266
@bankoku_ayuya	a	266
@berserkert	a	266
@burbur	a	266
@chinikuniku	a	266
@daitai_konna_kanji	a	266
@fixro2n	a	266
@hanazora_satsuki	a	266
@hone-hone	a	266
@honotai	a	266
@kagawa_ichigo	a	266
@kameponde	a	266
@karinto_yamada	a	266
@kimura_akiyoshi	a	266
@loen	a	266
@masaki_(msk064)	a	266
@mikan_(manmarumikan)	a	266
@miki_purasu	a	266
@miyanami_3	a	266
@nakajou	a	266
@natsuki_marina	a	266
@nekokyun	a	266
@pinkgermy	a	266
@riru	a	266
@shiroi_nezumi	a	266
@skywalker0610	a	266
@suiton	a	266
@teltelhousi	a	266
@temari_rin	a	266
@toriyoshi	a	266
@ttk_(kirinottk)	a	266
@uut	a	266
@yasashii_naizou	a	266
@yumi5469	a	266
akashi_kaoru	c	266
belphegor_(umineko)	c	266
black_detached_sleeves	g	266
brown_pupils	g	266
butterfly_on_nose	g	266
checkered_neckerchief	g	266
corbeau_(pokemon)	c	266
cowl	g	266
crouching	g	266
danny_phantom	s	266
deirdre_(fire_emblem)	c	266
duo_maxwell	c	266
duraludon	c	266
ekans	c	266
giant_robo	s	266
glowing_hands	g	266
hastur_(nyaruko-san)	c	266
hilda_(beelzebub)	c	266
himawari-san_(character)	c	266
holding_cue_stick	g	266
hudiemon	c	266
irene_(the_adjudicatrix_and_her_resolve)_(arknights)	c	266
iron_bars	g	266
isopod	g	266
joshua_rosfield	c	266
kurozumi_tama	c	266
levia_(closers)	c	266
macaron_hair_ornament	g	266
map_(object)	g	266
mega_man_2	s	266
meiko_(inuarashi)	c	266
noire_(fire_emblem)	c	266
oekaki_musume	s	266
onjouji_toki	c	266
orion_(bear)_(fate)	c	266
purple_pasties	g	266
satou_sakie	c	266
sigurd_(fire_emblem)	c	266
suomi_(midsummer_pixie)_(girls'_frontline)	c	266
toda_jun	c	266
turn_a_gundam_(mobile_suit)	c	266
vivi_(ac8231)	c	266
warhammer_fantasy	s	266
witch_mercy	c	266
xiao_(project_moon)	c	266
@30-06	a	265
@arimura_yuu	a	265
@asa_(teng_zi)	a	265
@chocho_(homelessfox)	a	265
@domi_(hongsung0819)	a	265
@gigamessy	a	265
@good_frog	a	265
@hen-tie	a	265
@hug_(yourhug)	a	265
@ichi_(ichi.colors)	a	265
@iruma_kamiri	a	265
@jenevan	a	265
@kaifei_(kaifei_29)	a	265
@kei_kei	a	265
@kuga_huna	a	265
@kukka	a	265
@matsushita_yuu	a	265
@maybe_its_mayvi	a	265
@merry-san	a	265
@mizala	a	265
@momiji_kei	a	265
@nakabayashi_reimei	a	265
@ponkan_8	a	265
@ryo_(liver_sashi_daisuki!)	a	265
@samsara_(shuukeura)	a	265
@shio_(futatsumami)	a	265
@starworks	a	265
@tesshii_(riza4828)	a	265
@tomobe_kinuko	a	265
@toplow	a	265
@yahako	a	265
@yaso_shigeru	a	265
@yazaki_(yazakc)	a	265
@yuuta_(monochrome)	a	265
@yuyu_(yuyuworks)	a	265
98-tan	c	265
aesc_(rain_witch)_(fate)	c	265
agnes_oblige	c	265
ai_arctic_warfare	g	265
analogous_colors	g	265
battlefield_(series)	s	265
beowulf_(skullgirls)	c	265
birdy_cephon_altera	c	265
border_break	s	265
brown_camisole	g	265
brushing_own_hair	g	265
bust_(sculpture)	g	265
character_pillow	g	265
cure_majesty	c	265
edward_teach_(fate)	c	265
flour	g	265
flower_skirt	g	265
fruit_hair_ornament	g	265
henrietta_(gunslinger_girl)	c	265
hinohara_kei	c	265
holding_milk_carton	g	265
ikizulive!_love_live!_bluebird	s	265
japanese_house	g	265
koshi_torako	c	265
mahou_shoujo_ai	s	265
media_factory	s	265
metroid:_zero_mission	s	265
mint_fantome_(minto_2.0)	c	265
mismatched_eyelashes	g	265
mixed-sex_combat	g	265
miyako_(princess_connect!)	c	265
nekomata_okayu_(membership)	c	265
nina_(breath_of_fire_iv)	c	265
nishizono_chigusa	c	265
oliver_(vocaloid)	c	265
on_branch	g	265
people's_liberation_army	g	265
rake	g	265
rhinoceros_ears	g	265
sasamori_karin	c	265
scarf_pull	g	265
seiryuu_(kemono_friends)	c	265
shiny_chariot	c	265
slowbro	c	265
striped_bandeau	g	265
subaru_(brand)	s	265
tachibana_kimika	c	265
tall_male	g	265
the_jojolands	s	265
unwanted_creampie	g	265
voicepeak	s	265
washing_vehicle	g	265
white_chemise	g	265
winnie_the_pooh	s	265
witchmon	c	265
xi_gundam	c	265
yellow_tulip	g	265
yunomiya_agari	c	265
zuko	c	265
@203wolves	a	264
@71	a	264
@bippew	a	264
@cipher4109	a	264
@da-cart	a	264
@dha	a	264
@esureki	a	264
@freddyhalloween	a	264
@gorgonzola_(paradisegom)	a	264
@hyouju_issei	a	264
@ikeda_shouko	a	264
@janne_cherry	a	264
@kamue	a	264
@katayama_kei	a	264
@kiguchiko	a	264
@kotobukkii_(yt_lvlv)	a	264
@kousetsu	a	264
@maakun_(makun_dx)	a	264
@matt_frank	a	264
@mimura_kaoru	a	264
@minpei_ichigo	a	264
@miyata_(lhr)	a	264
@nagasawa_shin	a	264
@narumi_cristear_note	a	264
@noill	a	264
@paradox_1818	a	264
@rosette_(roze-ko)	a	264
@sadakage	a	264
@sigama	a	264
@tenoo12	a	264
@tetora_(oudonoishiize)	a	264
@tkgsize	a	264
@toshifumi	a	264
@tsuaii	a	264
@udon_entertainment	a	264
@uhyoko	a	264
@yanlingjinshilihuahua	a	264
@yuri_(fl0werspace)	a	264
after_rain	g	264
aikawa_megumi	c	264
amari_akari	c	264
arash_(fate)	c	264
artist_self-reference	g	264
banana_(girls'_frontline)	c	264
biscuit_krueger	c	264
black_sister	c	264
broken_pillar	g	264
buddhism	g	264
bunny_ears_prank	g	264
daijoubu?_oppai_momu?	g	264
drawn_heart	g	264
finger_to_head	g	264
fire_elemental	g	264
fur_gloves	g	264
gold_thighhighs	g	264
hakamichi_shizune	c	264
hi-fi_rush	s	264
in_trash_can	g	264
japan_ground_self-defense_force	s	264
jururu	c	264
kasuga_maori	c	264
kin-iro_loveriche	s	264
kirarazaka_marina	c	264
kochiya_sanae_(cosplay)	g	264
majo_to_hyakkihei	s	264
marlene_wallace	c	264
marui_futaba	c	264
meyuu_(kso)	c	264
mudra	g	264
nakigitsune's_fox	c	264
nina_(breath_of_fire_iii)	c	264
ningguang_(orchid's_evening_gown)_(genshin_impact)	c	264
nonaka_yuki	c	264
orange_male_underwear	g	264
panel_de_pon	s	264
peanuts-kun	c	264
poinsettia	g	264
porco_galliard	c	264
presenting_another	g	264
purple_male_swimwear	g	264
red_snake	g	264
shakomon	c	264
shitodo_hooaka	c	264
shoot_the_bullet	s	264
sleeveless_jumpsuit	g	264
socks_over_thighhighs	g	264
sweetie_belle	c	264
tasogare_mimi	c	264
tasogare_otome_x_amnesia	s	264
tekken_3	s	264
vent_(mega_man)	c	264
white_beret	g	264
yadomi_jinta	c	264
@akni	a	263
@capitan_(tsyoujo)	a	263
@cosmic_(crownclowncosmic)	a	263
@dfra	a	263
@echizen_(n_fns17)	a	263
@f.w.zholic	a	263
@harusame_(rueken)	a	263
@hiiragi_fuyuki	a	263
@hino_minato_(spec.c)	a	263
@juna	a	263
@kaede_(yumesaki_kaede)	a	263
@kaname_nagi	a	263
@kawahagitei	a	263
@krirk	a	263
@lain	a	263
@maa_(maa1)	a	263
@maiii_(smaii_i)	a	263
@maritan_(pixelmaritan)	a	263
@matangom	a	263
@mibushiro	a	263
@miyazero	a	263
@muka_tsuku	a	263
@mukiki	a	263
@mutou_mato	a	263
@negimiso1989	a	263
@nyamo	a	263
@ookamiuo	a	263
@putong_xiao_gou	a	263
@raya_(uk_0128)	a	263
@saihate_(d3)	a	263
@sakurano_ru	a	263
@seeker	a	263
@shuuji_(shumi)	a	263
@yui_hiroshi	a	263
@yun_(kbdenz9)	a	263
airani_iofifteen_(1st_costume)	c	263
alternate_sleeve_length	g	263
amagasa_hikari	c	263
amatori_chika	c	263
artemis_of_the_blue	c	263
bitchsuit	g	263
blue_track_suit	g	263
cat_shadow_puppet_(meme)	g	263
celtic_cross	g	263
chai_xianghua	c	263
cinnamon_(nekopara)	c	263
coin_mask	g	263
crotchless_bikini	g	263
cthulhu	c	263
dancer_(final_fantasy)	c	263
date_sayuri	c	263
deathblight	s	263
dorothy_(princess_principal)	c	263
elizabeth_tower	g	263
funada_ui	c	263
genius_sage	c	263
god_of_war	s	263
gothic_wa_mahou_otome	s	263
gothitelle	c	263
gouf	c	263
gulpin	c	263
hand_on_animal	g	263
handle	g	263
head_in_hand	g	263
heart_arms_duo	g	263
ibuki_(azur_lane)	c	263
inne_sulistya_robin	c	263
inspector_gadget	s	263
io_(pso2)	c	263
kaizoku_sentai_gokaiger	s	263
kamen_rider_faiz	c	263
kamigishi_akari	c	263
kitarou_tanjou:_gegege_no_nazo	s	263
medical_scrubs	g	263
minakami_yuki	c	263
mogami_ryouma	c	263
monsters_inc.	s	263
muk	c	263
murata_himeko_(vermillion_knight)	c	263
nanase_riku	c	263
naoko-san	c	263
nasa_logo	g	263
nodoka_(blue_archive)	c	263
panties_under_bike_shorts	g	263
persica_(girls'_frontline)	c	263
pinstripe_legwear	g	263
portland_(azur_lane)	c	263
poseidon_(shuumatsu_no_valkyrie)	c	263
power_bottom	g	263
pumpkin_pants	g	263
pussy_bulge	g	263
saimin_seishidou	s	263
sakurada_shiro_(hy_plus)	c	263
setsuna_(fire_emblem)	c	263
shuckle	c	263
silent_sinner_in_blue	s	263
sketchbook_full_colors	s	263
skiing	g	263
slipping	g	263
sneasler	c	263
straylight_(idolmaster)	g	263
super_mario_64	s	263
tarou_tachi	c	263
tokimeki_memorial_girl's_side_3rd_story	s	263
xiangli_yao	c	263
yamato_maya	c	263
yoko_(splatoon)	c	263
@abe_suke	a	262
@ao_kaeru	a	262
@bobobo	a	262
@cherico	a	262
@chikuwa_(tks)	a	262
@crazy_developers	a	262
@daisy_mitsumata	a	262
@darkkanan	a	262
@drunkoak	a	262
@gen_(enji)	a	262
@ginklaga	a	262
@hikashima_(shiofune)	a	262
@jiyu2	a	262
@kanda_done	a	262
@keiki8296	a	262
@kie_(wylee2212)	a	262
@mekakushi_(artist)	a	262
@midoriiro_no_shinzou	a	262
@miyasaka_miyabi	a	262
@moko39_takasora	a	262
@muguet	a	262
@neopure	a	262
@nine_(kanine41)	a	262
@rbx_lamen	a	262
@sesmkun	a	262
@tetsubuta	a	262
@u_jie	a	262
@walluka	a	262
@warugaki_(sk-ii)	a	262
amakusa_juuza	c	262
anna_nishikinomiya	c	262
august	g	262
ayn_alwyn	c	262
baggy_socks	g	262
balrog_(street_fighter)	c	262
benesse	s	262
bubaigawara_jin	c	262
calf_boots	g	262
cloud_hair	g	262
combat_maid	g	262
crispin_(pokemon)	c	262
dugtrio	c	262
duke_of_york_(azur_lane)	c	262
el_(girls_und_panzer)	c	262
exercise_machine	g	262
female_fertilization	g	262
frappuccino	g	262
frog_(chrono_trigger)	c	262
gattai	g	262
girls_und_panzer_saishuushou	s	262
granado_espada	s	262
holding_cooking_pot	g	262
homurabara_academy_school_uniform	g	262
honolulu_(summer_accident?!)_(azur_lane)	c	262
io_(princess_connect!)	c	262
katou_marika	c	262
kizuato	s	262
lightning_glare	g	262
long_island_(azur_lane)	c	262
maetel	c	262
mahou_no_princess_minky_momo	s	262
minthara	c	262
mitsuki_(naruto)	c	262
monk_(ragnarok_online)	c	262
moped	g	262
nakiri_ayame_(girly)	c	262
october	g	262
oreo	g	262
perfect_cell	c	262
photobomb	g	262
pixie_(megami_tensei)	c	262
rude_(ff7)	c	262
sage_(valorant)	c	262
sakura_nene	c	262
sakuyamon_miko_mode	c	262
shi_huang_di_(fate)	c	262
slice_of_life	g	262
smear_frame	g	262
spiked_bat	g	262
step_and_repeat	g	262
stepladder	g	262
thompson_(girls'_frontline)	c	262
tiger_(kemono_friends)	c	262
transgender_flag	g	262
yamanami_keisuke_(fate)	c	262
@aki_(yunkana)	a	261
@ale_(ale_halexxx)	a	261
@atoymk	a	261
@baisi_shaonian	a	261
@bococho	a	261
@chiibou_(shoukasen)	a	261
@circle_max	a	261
@deumosden	a	261
@ginseng_(xin)	a	261
@hidefu_kitayan	a	261
@ima_(lm_ew)	a	261
@kaneshiro_wataru	a	261
@kawaanago	a	261
@kazami_karasu	a	261
@miroku_san-ju	a	261
@misyune	a	261
@miyako_(xxxbibit)	a	261
@mizutame_tori	a	261
@mokumokuren_(atariya_kyoushitsu)	a	261
@nanaroba_hana	a	261
@notamaru_2	a	261
@nyoijizai	a	261
@otou_(otou_san)	a	261
@ponta_(1859ysmssstsp)	a	261
@rider_117	a	261
@rokita	a	261
@ryara	a	261
@safartworks	a	261
@sakurai_makoto_(custom_size)	a	261
@semikichi	a	261
@siino	a	261
@wakamesan	a	261
@woshihedawei	a	261
agria_(tales)	c	261
alkaid_mcgrath	c	261
balkenkreuz	g	261
bancholilimon	c	261
barbara_parker	c	261
black_star	c	261
chouno_ami	c	261
colonel_sanders	c	261
color_ink_(medium)	m	261
color_switch	g	261
damian_doyle_(cyphers)	c	261
dengeki_hime	s	261
dialogue_options	g	261
erufuda-san	c	261
fiery_ears	g	261
ford	s	261
french_horn	g	261
fruit_background	g	261
fur-trimmed_choker	g	261
ginko	c	261
gullveig_(fire_emblem)	c	261
hands_on_another's_arm	g	261
hatori_chise	c	261
hell_guide	s	261
hero_(dq1)	c	261
hisui_(cookie)	c	261
holding_pitchfork	g	261
levi_(fear_&_hunger)	c	261
live_twin_ki-sikil	c	261
liza_(pokemon)	c	261
medea_(lily)_(fate)	c	261
nina_(girls_und_panzer)	c	261
petra_gurin_(1st_costume)	c	261
raccoon_hood	g	261
shikigami_(onmyou_taisenki)	g	261
shirakami_fubuki_(hololive_summer_2019)	c	261
sistine_fibel	c	261
stick_figure	g	261
strohl_(metaphor:_refantazio)	c	261
sunomiya_sana	c	261
super_sass_(girls'_frontline)	c	261
takt_op.	s	261
tamade_chiyu	c	261
tiger_hood	g	261
tsurumaru_tsuyoshi_(umamusume)	c	261
tying_apron	g	261
usalia_(disgaea)	c	261
vomiting_cum	g	261
warehouse	g	261
yamanaka_inojin	c	261
@0725akaba	a	260
@amemiya_ruki	a	260
@aoi_(buzhuen444)	a	260
@black_cola	a	260
@cottontailtokki	a	260
@darm_engine	a	260
@henry_bird_9	a	260
@hi-ho-	a	260
@hisakabe_oto	a	260
@kanachirou	a	260
@kasashi_(kasasi008)	a	260
@kasugai_(de-tteiu)	a	260
@katou_haruaki	a	260
@kawatsu_yuuki	a	260
@ken'ichi_(ken1ro_u)	a	260
@kentaurosu	a	260
@kinmedai_pink	a	260
@konboi-eg	a	260
@kosaki_wit	a	260
@kuragare	a	260
@kyosu	a	260
@magui3	a	260
@mizuamememe	a	260
@mosta_(lo1777789)	a	260
@nekomimi_kanon	a	260
@ouse_(otussger)	a	260
@pomodorosa	a	260
@rem_(eyes_410)	a	260
@reulem	a	260
@sui._(ayase)	a	260
@takatmaorange	a	260
@tel-o	a	260
@toriny	a	260
@tsurukame	a	260
@watakarashi	a	260
@xunyu_(manyu)	a	260
@yukishiro_(hitsuji)	a	260
@zooanime	a	260
aoi_(princess_connect!)	c	260
artstation_username	g	260
ashita_no_nadja	s	260
athena_glory	c	260
bamboo_memory_(umamusume)	c	260
castlevania:_order_of_ecclesia	s	260
chocolate_doughnut	g	260
chongyue_(arknights)	c	260
clover_(flower)	g	260
drinking_fountain	g	260
engage_kiss	s	260
flame_reaver_of_the_deepest_dark	c	260
flower_trim	g	260
frillish	c	260
fujiyoshi_harumi	c	260
gradient_bikini	g	260
hiiragi_nemu	c	260
houshou_hanon	c	260
ignatz_victor	c	260
itokonoue_kaoru	c	260
jake_the_dog	c	260
jinno_megumi	c	260
kagetsu_tooya	s	260
kamiji_moe	c	260
kimura_seiko	c	260
kurumi_(kantoku)	c	260
kyan_reki	c	260
lace-trimmed_eyepatch	g	260
leo_(constellation)	g	260
lindy_harlaown	c	260
matangomu-chan	c	260
mega_man_star_force_(series)	s	260
minase_taki	c	260
mondaiji-tachi_ga_isekai_kara_kuru_sou_desu_yo?	s	260
nanaya_shiki	c	260
neamon	c	260
orange_tunic	g	260
pin-point	s	260
poi_(goldfish_scoop)	g	260
poster_parody	g	260
princess_leia_organa_solo	c	260
pull_cord	g	260
pulsemon	c	260
rama_(fate)	c	260
road_kamelot	c	260
shinobu_(ninin_ga_shinobuden)	c	260
shrine_bell	g	260
silver_choker	g	260
skunk_ears	g	260
sky_girls	s	260
u.a._gym_uniform	g	260
uraraka_ochaco	c	260
window_fog	g	260
yoichi_yukimura	c	260
yoshimi_(halloween)_(blue_archive)	c	260
@a9b_(louis814)	a	259
@amikoiiko	a	259
@ayomo_ro	a	259
@bomhat	a	259
@box_(hotpppink)	a	259
@chuck_(harfmoondark)	a	259
@circle_ip	a	259
@colon_br	a	259
@e_sky_rugo	a	259
@esther_shen	a	259
@fary5	a	259
@forgotten_artist	a	259
@garouma	a	259
@john_zhang	a	259
@kittew	a	259
@murota_yuuhei	a	259
@musashino_sekai	a	259
@nauribon	a	259
@nitako	a	259
@niwa_(niwa827)	a	259
@rihito_(usazukin)	a	259
@rosumerii	a	259
@run_p_(aveton)	a	259
@sabana	a	259
@sereneandsilent	a	259
@shacho_(ko_no_ha)	a	259
@shiontaso	a	259
@soyosoyo	a	259
@suzumori	a	259
@tadanoshi_kabane	a	259
@yamaishi_(mukoubuti)	a	259
@yuzuki_karu	a	259
>:p	g	259
aang	c	259
algerie_(azur_lane)	c	259
alma_armas	c	259
american_football_(object)	g	259
boar_mask	g	259
cael_anselm	c	259
cefca_palazzo	c	259
censored_food	g	259
colosseum	g	259
covering_head	g	259
cure_ace	c	259
electric_bass_guitar	g	259
emma_(pokemon)	c	259
encanto	s	259
galgrease	s	259
garo_(series)	s	259
hakaze_kaoru	c	259
hands_clasped	g	259
haseo	c	259
holding_hair_ornament	g	259
holding_vial	g	259
honoo_no_haramase_oppai_nyuu_doukyuusei	s	259
ice_cream_on_face	g	259
justine_(persona_5)	c	259
kakyouin_chieri	c	259
kamisama_hajimemashita	s	259
karakai_jouzu_no_(moto)_takagi-san	s	259
kimono_on_shoulders	g	259
kobayakawa_miyuki	c	259
kriegsmarine	g	259
lancelot_(granblue_fantasy)	c	259
maria_(fire_emblem)	c	259
mello_(death_note)	c	259
mermaid_misty_(pokemon)	c	259
mihama_chiyo's_father	c	259
mochizuki_erena	c	259
mosquito_coil	g	259
night_wizard	s	259
nikkari_aoe	c	259
oni_costume	g	259
optical_illusion	g	259
piemon	c	259
pokemon_tcg_pocket	s	259
rareware	s	259
red_(warioware)	c	259
ribbed_swimsuit	g	259
rope_(arknights)	c	259
saix	c	259
shachi_(one_piece)	c	259
shiroi_suna_no_aquatope	s	259
springfield_(stirring_mermaid)_(girls'_frontline)	c	259
susie_(dark_world)_(deltarune)	c	259
tatsugiri_(curly)	c	259
tropius	c	259
vault_suit	g	259
winged_unicorn	g	259
yamamoto_takeshi	c	259
yuki_miku_(2021)	c	259
@218	a	258
@77gl	a	258
@aoi_sakura_(seak5545)	a	258
@baniran_dorosu	a	258
@catbell	a	258
@chariko	a	258
@d-art	a	258
@daifukumochi_(akaaokiiwo)	a	258
@dancho_no_mori	a	258
@diletta	a	258
@haiba_09	a	258
@harmonist11	a	258
@himuhino	a	258
@hinami_(hinatamizu)	a	258
@hissaa_(starlight_express)	a	258
@inou_shin	a	258
@irokohaku	a	258
@jon_(pixiv31559095)	a	258
@kieyza	a	258
@kikuchi_tsutomu	a	258
@lee_hyeseung	a	258
@llowoll	a	258
@machiko_(beard)	a	258
@maki_(natoriumu)	a	258
@mojarin_(kihara_mojarin)	a	258
@nanahamu	a	258
@radioneet	a	258
@ringouulu	a	258
@safartwoks	a	258
@sailen0	a	258
@sheita	a	258
@shigunyan	a	258
@sin-go	a	258
@suisai_(suisao)	a	258
@syooooyoooo	a	258
@unsomnus	a	258
@zetsuyo_chimayo	a	258
@zuo_daoxing	a	258
ai_yori_aoshi	s	258
asymmetrical_bodysuit	g	258
burmecian	g	258
danganronpa_kirigiri	s	258
ea_(fate/stay_night)	g	258
elena_(ff7)	c	258
eternal_sailor_moon	c	258
faux_retro_artstyle	g	258
fender_jazz_bass	g	258
game_cartridge	g	258
gastrodon	c	258
grass_skirt	g	258
guillotine_(nikke)	c	258
hanamura_teruteru	c	258
ikkitousen_great_guardians	s	258
jeep	s	258
kamiki_izumo	c	258
katana_man_(chainsaw_man)	c	258
lace-trimmed_capelet	g	258
leather_choker	g	258
leggings_pull	g	258
light_persona	g	258
marley_(pokemon)	c	258
mistorene_callus	c	258
molcar	g	258
neglect_play	g	258
oribe_tsubasa	c	258
pacifica_northwest	c	258
pandora_(re:zero)	c	258
queen's_blade_unlimited	s	258
roe	g	258
safari_jacket	g	258
salama_(amaburi)	c	258
seasons	g	258
sexy_or_cute?	g	258
striped_bodysuit	g	258
surge_(pokemon)	c	258
uni_(arekishi)	c	258
watashi_(jintai)	c	258
willard_h._wright	c	258
wireless_sex_toy_controller	g	258
yamato_suzuran	c	258
@akanagi_youto	a	257
@akaneya	a	257
@alchemaniac	a	257
@amagaeru_(hylathewet)	a	257
@anna_(drw01)	a	257
@caiman_pool	a	257
@comodox	a	257
@eno_yukimi	a	257
@eunos	a	257
@gemi	a	257
@gofa	a	257
@harunoha	a	257
@houkai_(collapse_illust)	a	257
@in-hyuk_lee	a	257
@inoshishi_(ikatomo)	a	257
@ishimu	a	257
@izumi_akane	a	257
@kouya_toufu	a	257
@kurono_mitsuki	a	257
@kyoutarou	a	257
@miya_(tsumazukanai)	a	257
@mokuzou_zabuton	a	257
@munio_world	a	257
@mystical	a	257
@n_54	a	257
@nc731	a	257
@neko_miyabi_(artist)	a	257
@nicutoka	a	257
@nomura_tetsuya	a	257
@np_(slipbounds)	a	257
@otoi_rekomaru	a	257
@pito_(sh02327)	a	257
@rilex_lenov	a	257
@ryokucha_michi	a	257
@serino_itsuki	a	257
@shingo_(missing_link)	a	257
@sigurd_hosenfeld	a	257
@sui_(suizilla)	a	257
@superpig	a	257
@takuzui	a	257
@tansho	a	257
@tokihama_jirou	a	257
@torute	a	257
@veyonis	a	257
@xinaelle	a	257
@yoshi_(crossmind)	a	257
akebono_kai_ni_(kancolle)	c	257
artery_gear	s	257
atou_tsubaki	c	257
awakening_(sennen_sensou_aigis)	g	257
ben-tou	s	257
cake_stand	g	257
checkered_vest	g	257
cinque_(nanoha)	c	257
clothes_rack	g	257
cross-laced_sandals	g	257
disheveled	g	257
formula_racer	g	257
full-power_cartridge	g	257
glowing_earrings	g	257
half_moon	g	257
hands_on_another's_knees	g	257
holding_kettle	g	257
lailah_(tales)	c	257
light_blue_dress	g	257
live_twin_lil-la	c	257
masaki_aeka_jurai	c	257
michinoku_komaro	c	257
missile_launcher	g	257
musha_miko_tomoe	c	257
neru_(school_uniform)_(blue_archive)	c	257
oppai_mochi	g	257
ouro_kronii_(4th_costume)	c	257
ouroboros_(girls'_frontline)	c	257
pectoral_squeeze	g	257
pixiv_fate/grand_order_contest_2	g	257
psychic_hearts	s	257
reiwa	g	257
rock_paper_scissors	g	257
salt_bae_(meme)	g	257
sawamura_eijun	c	257
sawatari_akane_(chainsaw_man)	c	257
sf_choujigen_densetsu_rall	s	257
shirt_behind_neck	g	257
smoliv	c	257
split-toe_footwear	g	257
stationery	g	257
sukimi	c	257
sumeragi_kaguya	c	257
suzuka_(pixiv)	g	257
unbuttoning	g	257
united_states_army	s	257
yajuu_senpai	c	257
@2-g	a	256
@amano_ameno	a	256
@arakawa_tarou	a	256
@bwell	a	256
@date_(senpen)	a	256
@dreadtie	a	256
@enamiru	a	256
@himeko_(nico6v6pachi)	a	256
@ichika_(ichika87)	a	256
@isemori	a	256
@isu	a	256
@jovejun	a	256
@kurenai_yuuji	a	256
@misaki_juri	a	256
@miyabi_akino	a	256
@nakajima_lupus	a	256
@nito_(nshtntr)	a	256
@ohland	a	256
@oshage_(osyage921)	a	256
@pocchipocchi	a	256
@sensen	a	256
@shibainu_niki	a	256
@shoori_(migiha)	a	256
@suicchonsuisui	a	256
@sumisaki_yuzuna	a	256
@t@ke-g	a	256
@tada_no_nasu	a	256
@tak-u_(sugurusato)	a	256
@takada_kazuhiro	a	256
@takemura_kou	a	256
@tsukiyono_aroe	a	256
@uta_(kuroneko)	a	256
@valentine_(02140314c)	a	256
@whoopsatro	a	256
abigail_williams_(swimsuit_foreigner)_(second_ascension)_(fate)	c	256
akehoshi_subaru	c	256
anachronism	g	256
aria_wintermint	c	256
cancer_(constellation)	g	256
cecilia_(fire_emblem)	c	256
cheese_(sonic)	c	256
communism	g	256
cure_egret	c	256
date_a_live:_spirit_pledge	s	256
doughnut_innertube	g	256
fatui_coat	g	256
firefly_(ar-26710)_(honkai:_star_rail)	c	256
flutterpage	c	256
fujii_ayame	c	256
gloved_sleeves	g	256
glowing_gem	g	256
grenade_cartridge	g	256
grey_veil	g	256
herb	g	256
heywood_l._edwards_(kancolle)	c	256
hikasa_tomoshika	c	256
hoop_skirt	g	256
indonesian_high_school_uniform	g	256
jett_(valorant)	c	256
kagami_kuro	c	256
kinon_bachika	c	256
kirishima_natsuya	c	256
kiritanpo_(food)	g	256
kokoro_(doa)	c	256
kyouyama_anna	c	256
lycanroc_(dusk)	c	256
makoto_(digimon)	c	256
masaki_gaillard	c	256
mireyu	c	256
mo_ran	c	256
morgue	g	256
morisawa_yuu	c	256
nakahara_komugi	c	256
natsume_mahiro	c	256
netflix	s	256
nipple_press	g	256
otto_apocalypse	c	256
pal_(creature)	g	256
paladins	s	256
panties_day	g	256
paul_(pokemon)	c	256
peeing_like_a_dog	g	256
penis_chart	g	256
phantom_(gavis_bettel)	c	256
piglet	g	256
pikachu_ears	g	256
pina_korata	c	256
pointing_finger	g	256
poo_(mother_2)	c	256
ribboned_xiao_guan	g	256
rock_pikmin	c	256
saeba_ryou	c	256
sakura_quest	s	256
security_camera	g	256
see-through_headwear	g	256
serina_(christmas)_(blue_archive)	c	256
shadow_(shadows_house)	c	256
sitting_in_window	g	256
sonic_adventure	s	256
spinning_top	g	256
super_sailor_venus	c	256
suzuki_iruma	c	256
tawawa_challenge	g	256
tir_mcdohl	c	256
toki_ayano	c	256
tsubaki_(kunoichi_tsubaki_no_mune_no_uchi)	c	256
winged_cloud	s	256
@4qw5	a	255
@aaru_(tenrake_chaya)	a	255
@alfort_(may0508)	a	255
@amano_jack	a	255
@arikindows10	a	255
@ashinowoto	a	255
@aviary	a	255
@bafarin	a	255
@blannis	a	255
@dailybloopy	a	255
@dainamitee	a	255
@femuto	a	255
@goldmondsel	a	255
@horny_graphite	a	255
@kagiana	a	255
@kaiman82	a	255
@kamatama_rom	a	255
@kanzaki_kureha	a	255
@kasa_(hitori_sanka)	a	255
@kuroba_rapid	a	255
@kurochiroko	a	255
@lily_(artist)	a	255
@matsumoto_katsuya	a	255
@mayachi_(amuriya)	a	255
@saint_laurent_paris	a	255
@sakaki_maki	a	255
@sakari_(pear_8_ll)	a	255
@saruanu	a	255
@sasakichi_(ssk_chi)	a	255
@shiroi_karasu	a	255
@sohn_woohyoung	a	255
@sunagawa_tara	a	255
@takamura_wamu	a	255
@torakichi_(ebitendon)	a	255
@tsugutoku	a	255
@upanishi_mariko	a	255
@yasaka_minato	a	255
@yoshiheihe	a	255
akm	g	255
alice_(tales)	c	255
alicia_viewstream	c	255
aurochs_(kemono_friends)	c	255
black_jaguar_(kemono_friends)	c	255
black_tea	g	255
blade_to_throat	g	255
cat_smile	g	255
chat_noir	c	255
cracked_egg	g	255
cross-laced_leotard	g	255
cynthia_(fire_emblem)	c	255
drifting	g	255
ember_(selen_tatsuki)	c	255
fighting_master_alleyne	c	255
frosmoth	c	255
gold_skin	g	255
green_lantern	c	255
guncannon	c	255
haku_(sen_to_chihiro_no_kamikakushi)	c	255
haqua_d'rot_herminium	c	255
hawawa-chan_(shiro_kuma_shake)	c	255
heracross	c	255
hibari_kyouya	c	255
jet_ski	g	255
jyami	c	255
kanoe_yuuko	c	255
klaus_von_reinhertz	c	255
kotoka_torahime	c	255
kurosaki_kazui	c	255
marron_(dragon_ball)	c	255
maxwell_(nikke)	c	255
mayer_(arknights)	c	255
meridian_project	s	255
michael_kaiser	c	255
minky_momo	c	255
mitsukasa_ayase	c	255
mizuki_seira	c	255
moeta_kaoruko	c	255
moira_(nijisanji)	c	255
mp40	g	255
murakumo_sakura	c	255
peed_self	g	255
petra_ral	c	255
pipelining	g	255
plaid_socks	g	255
pokemon_cafe_remix	s	255
ponyo	c	255
quote_(doukutsu_monogatari)	c	255
reinhard_van_astrea	c	255
robo_(chrono_trigger)	c	255
rolo_lamperouge	c	255
rumi_(small)_(blue_archive)	c	255
sabi_(pokemon)	c	255
sai_(weapon)	g	255
shaka_sign	g	255
soviet_army	g	255
streetcar	g	255
sudowoodo	c	255
sweater_vest_lift	g	255
the_saga_of_darren_shan	s	255
toe_socks	g	255
tomoe_hiyori	c	255
too_many_frills	g	255
touhou_danmaku_kagura	s	255
tsukuyomi_komoe	c	255
videocassette	g	255
weapon_in_mouth	g	255
yuzu_(fruit)	g	255
zentreya_(cyborg)	c	255
zooey_(summer)_(granblue_fantasy)	c	255
@anz32	a	254
@anzumame	a	254
@arito_arayuru	a	254
@billie_(meng_gong_fang)	a	254
@boruhis	a	254
@chilakkk	a	254
@dodome-iro_mayonnaise	a	254
@dynamitenatalia	a	254
@fladdykin	a	254
@fractalmagnolia	a	254
@garoudo_(kadouhan'i)	a	254
@hakuleg	a	254
@hiiro_h	a	254
@homri	a	254
@ikuhana_niiro	a	254
@jittsu	a	254
@jorin	a	254
@jurge	a	254
@kawachi_rin	a	254
@kingin	a	254
@kiri_(2htkz)	a	254
@kj_(k777)	a	254
@kuri_(kurigohan)	a	254
@kusagami_style	a	254
@laundrymom	a	254
@maibotsumou	a	254
@mbhen114	a	254
@mizunoe_kotaru	a	254
@nagata_gata	a	254
@naruse_chisato	a	254
@park_ongjol	a	254
@ribahara_aki	a	254
@roina_(effj7473)	a	254
@senzzang	a	254
@sibyl	a	254
@spawnfoxy	a	254
@tamabon_(koutetsu_shabondama)	a	254
@ub1mo	a	254
@unadare	a	254
@xilmo	a	254
@yalmyu	a	254
@yuuhi_alpha	a	254
ai-generated_art_(topic)	g	254
akatsuki_(log_horizon)	c	254
alina_(arknights)	c	254
arctic_fox_(kemono_friends)	c	254
arita_haruyuki	c	254
battle_bunny_riven	c	254
belphegor_(reborn)	c	254
bird_hat	g	254
boa_sandersonia	c	254
caren_hortensia_(amor_caren)_(second_ascension)	c	254
chocolate_covered	g	254
earflap_beanie	g	254
earplugs	g	254
edmond_(nu_carnival)	c	254
electrode_(pokemon)	c	254
elisia_valfelto	c	254
fairy_maid_(touhou)	c	254
female_rimming_male	g	254
fishing_net	g	254
flutter_mane	c	254
gamecube	g	254
girlycard	c	254
gold_saint	g	254
gotou_moyoko	c	254
half-siblings	g	254
hiiragi_nana	c	254
hoshizora_e_kakaru_hashi	s	254
idolmaster_movie	s	254
irie_miyuki	c	254
iris_(flower)	g	254
jack-o'-lantern_print	g	254
jester_(dq3)	c	254
lady_j	c	254
lilya_(reverse:1999)	c	254
lofter_logo	g	254
mejiro_mcqueen_(ripple_fairlady)_(umamusume)	c	254
melty_blood:_type_lumina	s	254
mushiking	s	254
nakaseko_kaori	c	254
nights_(character)	c	254
nora_cat_channel	s	254
painttool_sai	s	254
persephone_ii	c	254
pork	g	254
qubeley	c	254
shirafuji_kyouko	c	254
smash_invitation	g	254
soviet_school_uniform	g	254
urashima_kotetsu	c	254
verina_(wuthering_waves)	c	254
water_world	g	254
yellow_stripes	g	254
zas_m21_(girls'_frontline)	c	254
@aka6	a	253
@azatychan	a	253
@bonten	a	253
@douya_(233)	a	253
@esouko	a	253
@fatkewell	a	253
@hime_takeo	a	253
@hubrael	a	253
@jelly_shrimp	a	253
@kagato007	a	253
@karadborg	a	253
@kim_yura_(goddess_mechanic)	a	253
@kino_kokko	a	253
@kosai_takayuki	a	253
@kouzuki_kei	a	253
@kushishekku	a	253
@lvi	a	253
@max_(maxlikeapicture)	a	253
@mochi_(k620803n)	a	253
@mogamiya_honu	a	253
@mokeo	a	253
@moxydraws	a	253
@nopinzo	a	253
@r-king	a	253
@raikageart	a	253
@sahata_saba	a	253
@sana_(sanamaru_0w0)	a	253
@sekihan	a	253
@shigehiro_(hiroi_heya)	a	253
@smile_(qd4nsvik)	a	253
@sts	a	253
@subaru_(yachika)	a	253
@tadokoro_nurikabe	a	253
@takoneru	a	253
@watanore	a	253
@werkbau	a	253
@yuming_li	a	253
aida_rayhunton	c	253
akane-iro_ni_somaru_saka	s	253
ameth_(princess_connect!)	c	253
arisaka_mashiro	c	253
bellezza_felutia	c	253
cendrillmon	c	253
cigarette_holder	g	253
devil_jin	c	253
duftmon	c	253
ebi-chan_(gawr_gura)	c	253
flandre_scarlet_(cosplay)	g	253
goron	g	253
grimlight	s	253
hasegawa_langa	c	253
jogging	g	253
kohaku_hearts	c	253
kome-kome_(precure)	c	253
kuroi_mato	c	253
kylar_(degrees_of_lewdity)	c	253
kyokou_suiri	s	253
lapis_lazuli_(steven_universe)	c	253
lipstick_mark_on_ass	g	253
lit_fuse	g	253
loading_screen	g	253
love_live!_nijigasaki_high_school_idol_club_kanketsu-hen	s	253
maerchen_(album)	s	253
mapo_tofu	g	253
march	g	253
medic_(tf2)	c	253
merurulince_rede_arls	c	253
mihara_(nikke)	c	253
miyoshi_nao	c	253
my_dear_vampire	s	253
nogizaka_haruka	c	253
orange_(touhou)	c	253
panda_hat	g	253
pink_hanfu	g	253
pokemon_gsc_(prototype)	s	253
polka_dot_necktie	g	253
precure_all_stars	s	253
print_camisole	g	253
public_bathroom	g	253
raven_(honkai_impact)	c	253
red_lightsaber	g	253
restraints	g	253
ribbon-trimmed_kimono	g	253
rurima_(cookie)	c	253
saruei_(vtuber)	c	253
sea_slug	g	253
setanta_(fate)	c	253
spoken_sparkle	g	253
st_ar-15_(mod3)_(girls'_frontline)	c	253
sui_(isekai_ojisan)	c	253
tears_from_one_eye	g	253
tiana_jill_lilithtia	c	253
toyama_satoru	c	253
tsuzura_saki	c	253
umbrakinesis	g	253
uxie	c	253
vs_seeker	g	253
woobat	c	253
words_worth	s	253
working	g	253
world_of_tanks	s	253
wrinkled_fabric	g	253
yamai_kaguya	c	253
your_diary	s	253
@aku_tojyo	a	252
@bebe_(bebe_pp)	a	252
@cbgb	a	252
@cezaria	a	252
@darabuchi	a	252
@dog-san	a	252
@erezu	a	252
@evan_yang	a	252
@fuku_(fuku12290574)	a	252
@futaba_miwa	a	252
@george_man	a	252
@gtunver	a	252
@guin_guin	a	252
@hane_(hanegoya)	a	252
@happyundergate	a	252
@hoshara	a	252
@icecake	a	252
@kabeu_mariko	a	252
@kageusu_gokuto	a	252
@kamuraaa_615	a	252
@kayon_(touzoku)	a	252
@komatsuzaki_rui	a	252
@kousaku	a	252
@ku_roiko	a	252
@mao_(expuella)	a	252
@maya_g	a	252
@miyabino_(miyabi1616)	a	252
@nappii_(nappy_happy)	a	252
@niwaka_potato	a	252
@nokoru_sora	a	252
@nyanko_batake	a	252
@paloma_piquet	a	252
@popman3580	a	252
@rioshi	a	252
@s_zenith_lee	a	252
@sahara1127	a	252
@sankaku_atama	a	252
@sbgu	a	252
@shiburingaru	a	252
@shigureszku	a	252
@skyrick9413	a	252
@sylvia_(huajiuhuajiu)	a	252
@taji_(crowview)	a	252
@technoheart	a	252
@tobimura	a	252
@tom-neko_(zamudo_akiyuki)	a	252
@umikochannart	a	252
@wagashi_(dagashiya)	a	252
@yoyokkun	a	252
@zasshoku_ojisan	a	252
abhar	s	252
akana_rui	c	252
arihara_tsubasa	c	252
blister_pack	g	252
canaan_(character)	c	252
deadman_wonderland	s	252
elizabeth_(bioshock_infinite)	c	252
eyebrows_visible_through_mask	g	252
fake_box_art	g	252
film_reel	g	252
foreclosure_task_force_(blue_archive)	g	252
fuurin_asumi	c	252
grey_shawl	g	252
hair_ribbons	g	252
hand_on_own_ankle	g	252
handgun_cartridge	g	252
heart_bikini	g	252
ishida_mitsunari	c	252
japanese_wolf_(kemono_friends)	c	252
kmnz	s	252
kunimi_tama	c	252
kusajishi_yachiru	c	252
kuuhaku_to_catharsis	g	252
mashou_no_nie	s	252
mercedes_(odin_sphere)	c	252
motto!_haramase!_honoo_no_oppai_isekai_oppai_bunny_gakuen!	s	252
mym_(dragalia_lost)	c	252
no,_thank_you_!!!	s	252
nukigee_mitai_na_shima_ni_sunderu_watashi_wa_dou_surya_ii_desu_ka?	s	252
ogami_shirou	c	252
oni_girl	g	252
orange_heart_(neptunia)	c	252
palmtop_tiger	c	252
portuguese_text	g	252
pregnancy_mark	g	252
rpk-16_(renate)_(girls'_frontline)	c	252
servine	c	252
stalking	g	252
stormtrooper	c	252
the_nightmare_before_christmas	s	252
tokugawa_ieyasu_(sengoku_basara)	c	252
tying_another's_hair	g	252
vulcan_salute	g	252
waist_poke_ball	g	252
yashiro_nene	c	252
yasuo_(league_of_legends)	c	252
@aano_(10bit)	a	251
@ark_(morita_hitomi)	a	251
@choco_(chocovix112)	a	251
@erodrunky	a	251
@fukutarou_(enji127)	a	251
@greatestgori	a	251
@haidao_mao	a	251
@halkawa501	a	251
@hassen_(8cm)	a	251
@hibun_tsukasa	a	251
@hinoru_saikusa	a	251
@honashi	a	251
@ikeda_yasuhiro	a	251
@j_adsen	a	251
@jaho	a	251
@k_(gear_labo)	a	251
@kazana_(sakuto)	a	251
@kazunoko_(kazunoko_zunoco)	a	251
@kodama_yuu	a	251
@kona_(canaria)	a	251
@koukou_panchi	a	251
@kuzumosu	a	251
@mikazuki_sara	a	251
@mim_(mimya0600)	a	251
@mmmmmkun	a	251
@monoku	a	251
@normaland	a	251
@ohdax	a	251
@poncocchan	a	251
@queen_bee	a	251
@sakana888888888	a	251
@sanpachishiki_(gyokusai-jima)	a	251
@sao_satoru	a	251
@sei5osuzuki	a	251
@silveroid	a	251
@starmilk	a	251
@the_tentacle_professor	a	251
@uganda_(ugandam_00)	a	251
@wuliu_heihuo	a	251
@yokkora	a	251
adelbert_steiner	c	251
akazawa_izumi	c	251
alois_trancy	c	251
anko_(nikukyun_ongaeshi)	c	251
backless_bodysuit	g	251
bald_eagle_(kemono_friends)	c	251
bloody_dress	g	251
bren_lmg	g	251
chako_(nikukyun_ongaeshi)	c	251
chiron_(fate)	c	251
chosen_undead	c	251
cresselia	c	251
deuce_spade	c	251
doodles	g	251
epel_felmier	c	251
ethan_(arknights)	c	251
eye_pop	g	251
fire_hydrant	g	251
florence_nightingale_(fate)_(cosplay)	g	251
geodude	c	251
gold_helmet	g	251
guan_hat	g	251
hilda_(hilda)	c	251
inkbrush_(splatoon)	g	251
inui_shinju	c	251
isokaze_(azur_lane)	c	251
jason_(fate)	c	251
jing_ke_(fate)	c	251
kanzaki_h._aria	c	251
leviathan_(nikke)	c	251
leviathan_(umineko)	c	251
lincoln_loud	c	251
littlewitch	s	251
menstruation	g	251
nitori_shuuichi	c	251
noivern	c	251
oppai_challenge	g	251
orange_wristband	g	251
plachta	c	251
pokemon_the_movie:_the_power_of_us	s	251
red_arm_warmers	g	251
ren_zotto	c	251
revali	c	251
ribbon-trimmed_apron	g	251
ring_box	g	251
rugby_uniform	g	251
sanada_yukimura_(sengoku_musou)	c	251
sekomumasada_sensei	c	251
shiina_yuika_(1st_costume)	c	251
siesta_(tantei_wa_mou_shindeiru)	c	251
sigurd_(fate)	c	251
spoken_mars_symbol	g	251
star_guardian_ahri	c	251
star_ocean_integrity_and_faithlessness	s	251
tachibana_himeko	c	251
unibrow	g	251
venus_flytrap	g	251
@0-den	a	250
@banchiku	a	250
@ber00	a	250
@bloom2425	a	250
@cherry_in_the_sun	a	250
@cibastion	a	250
@digdug006	a	250
@gomashio_ponz	a	250
@honda_takaharu	a	250
@ibara_riato	a	250
@igarashi_mangou	a	250
@igashiko	a	250
@indol	a	250
@je_o_mo	a	250
@kinjo_kuromomo	a	250
@kyabekko	a	250
@lalazyt	a	250
@liclac	a	250
@mikel_(4hands)	a	250
@mobukichi	a	250
@momiji_oroshi	a	250
@monpuchi	a	250
@moyu_marginal	a	250
@neko_daruma	a	250
@ny-o-ph	a	250
@oshio_(dayo)	a	250
@profnote	a	250
@reimei_(r758120518)	a	250
@rggr	a	250
@ryu-akt	a	250
@shimizu_pem	a	250
@shokupan_(slvk12)	a	250
@tao_blu_(splatoon)	a	250
@tsukushi_akihito	a	250
@yukizuki_chikuba	a	250
amano_ririsa	c	250
aoyama_motoko	c	250
asanagi_yori	c	250
asics	s	250
black_rainbow	s	250
blitzmon	c	250
cecilia_immergreen_(1st_costume)	c	250
chatot	c	250
coat_of_arms	g	250
cordelia_glauca	c	250
eleanor_hume	c	250
firewood	g	250
fujioka_haruhi	c	250
girl_staring_at_guys_chest_(meme)	g	250
gold_bar	g	250
hanazawa_teruki	c	250
hand_guard	g	250
heart_apron	g	250
hyoudou_michiru	c	250
ilyana_(fire_emblem)	c	250
ishigaki_(kancolle)	c	250
janus_(azur_lane)	c	250
jaye_(arknights)	c	250
kamishirasawa_keine_(hakutaku)	c	250
kaneshiya_sitara	c	250
katou_hazuki	c	250
kawakaze_kai_ni_(kancolle)	c	250
king_of_prism_by_prettyrhythm	s	250
kirby:_triple_deluxe	s	250
medusa_(jashin-chan_dropkick)	c	250
mindscape_cinema_(zenless_zone_zero)	g	250
mural	g	250
murata_ugetsu	c	250
mutsu_(snail)	c	250
naihe_(touqi_guaitan)_(female)	c	250
nakahara_misaki	c	250
nidoqueen	c	250
nishikitaitei-chan	c	250
noren	g	250
ochiru_hitozuma	s	250
pestle	g	250
poppin'_up_(love_live!)	g	250
rampart_(apex_legends)	c	250
receding_hairline	g	250
ryuk	c	250
sakuraba_rola	c	250
sawamiya_shiori	c	250
shell_(projectile)	g	250
sitting_on_box	g	250
sore_wa_bokutachi_no_kiseki	g	250
submarine_707r	s	250
tamacolle	s	250
tojita_sekai_no_tori_colony	s	250
tokonome_mamori	c	250
tomari_mari_channel	s	250
treehouse	g	250
tropical_vacation	s	250
unworn_ribbon	g	250
vanitas_(kingdom_hearts)	c	250
x_drake	c	250
yellow_swim_trunks	g	250
@a_kun	a	249
@alber	a	249
@amu_(m_aa)	a	249
@asada_sadao	a	249
@blaze_(blazeillust)	a	249
@chocokin	a	249
@dracksart	a	249
@ecru	a	249
@expulse	a	249
@hatafuta	a	249
@homewrecker	a	249
@hong_bai	a	249
@kago_no_tori	a	249
@kaname_aomame	a	249
@kaze-hime	a	249
@kenken	a	249
@kitsune_tsuki	a	249
@konna-nani	a	249
@kurisu_sai	a	249
@kyoko_(akakikyoko)	a	249
@kyokutou_hentai_samurai	a	249
@lololotton	a	249
@lunch_boxer	a	249
@makura_(y_makura)	a	249
@master_maichin	a	249
@mebae	a	249
@mmhomm	a	249
@moonjunk	a	249
@nakatani	a	249
@odmised	a	249
@shiosoda	a	249
@sonoda_ken'ichi	a	249
@sora_(men0105)	a	249
@sunset_skyline	a	249
@taira_tsukune	a	249
@tensugi_takashi	a	249
@toma_(asagayatei)	a	249
@uisu_(noguchipint)	a	249
@yuio58ok	a	249
@yukirin	a	249
@yurume_atsushi	a	249
@yuuichi_(tareme_paradise)	a	249
@zero_hime	a	249
ai-chan_(honkai_impact)	c	249
akagi_(warship_girls_r)	c	249
akatsuki_no_goei	s	249
aneros	g	249
apple_print	g	249
astolfo_(saber)_(third_ascension)_(fate)	c	249
atarashi_coco	c	249
back_lace	g	249
bagpipe_(queen_no._1)_(arknights)	c	249
battle_spirits:_shounen_toppa_bashin	s	249
bionicle	s	249
blue_leg_warmers	g	249
cocoon	g	249
comiket_100	s	249
cyril_brooklyn	c	249
dana_zane	c	249
danball_senki_wars	s	249
diamond_necklace	g	249
domyoji_karin	c	249
dynasmon	c	249
eating_hair	g	249
four_of_a_kind_(touhou)	g	249
fur-trimmed_bra	g	249
fur-trimmed_sweater	g	249
hair_tattoo	g	249
hebiyoi_tier	c	249
here's_johnny!_(meme)	g	249
holding_lead_pipe	g	249
incoming_pocky_kiss	g	249
inverted_colors	g	249
kannagi_itsuki	c	249
king_k._rool	c	249
krt_girls	s	249
kurosaki_ruri	c	249
lisianthus	c	249
lucy_loud	c	249
mareanie	c	249
moe!_ninja_girls	s	249
nanosheep_(character)	c	249
neneko_mashiro	c	249
nexas_(vtuber)	s	249
nikki_(swapnote)	c	249
nishizawa_ayumu	c	249
niyah	c	249
normal_suit	g	249
oda_nobunaga_(swimsuit_berserker)_(first_ascension)_(fate)	c	249
ojiro_mashirao	c	249
perlica_(arknights)	c	249
pikmin_4	s	249
protean_assassin_melona	c	249
pump	g	249
razia	c	249
red_blindfold	g	249
red_crown	g	249
rice_shower_(make_up_vampire!)_(umamusume)	c	249
sakura_(nikke)	c	249
sengoku_shinobu	c	249
shikyoin_hibiki	c	249
shoe_loss	g	249
sid_story	s	249
studded_garter_belt	g	249
super_famicom	s	249
teenage_boy	g	249
tom_clancy's_the_division	s	249
trinity_general_school_swimsuit	g	249
uohhhhhhhhh!_(meme)	g	249
ursula_(23)	c	249
volkswagen	s	249
white_hanbok	g	249
yakui	c	249
yato_(arknights)	c	249
@anbe_masahiro	a	248
@carrot_(robosquat)	a	248
@chamumi_(mochiumee)	a	248
@dungeon_toaster	a	248
@epic_armageddon	a	248
@fushigi_ebi	a	248
@gunnjou_yosio	a	248
@heikala	a	248
@iris_anemone	a	248
@iwamushi	a	248
@jack_(wkm74959)	a	248
@kerok_(joniko1110)	a	248
@kuri_giepi	a	248
@kurobeko_(kur0bek0)	a	248
@kuune_rin	a	248
@maanii	a	248
@miaogujun	a	248
@minawa108	a	248
@nakayama_tooru	a	248
@oniku_(shimofuri-ke)	a	248
@rumie	a	248
@sakai_(motomei)	a	248
@shanguier	a	248
@shida_kazuhiro	a	248
@shin_no_tenpii	a	248
@so-taro	a	248
@takisou_sou	a	248
@tam-u	a	248
@umonebi	a	248
@uranosaxia	a	248
@vofan	a	248
@wagashi928	a	248
@womi	a	248
@yufukiri	a	248
1up	g	248
ai_tenshi_densetsu_wedding_peach	s	248
akg	s	248
azazel_ameri	c	248
cecilia_lynne_adelhyde	c	248
claire_francois	c	248
coco_(yes!_precure_5)	c	248
convenient_head	g	248
cracked_mask	g	248
double_bass	g	248
drying_clothes	g	248
emil_castagnier	c	248
emilie_(genshin_impact)	c	248
eye_beam	g	248
fir_(fire_emblem)	c	248
fire_on_chest	g	248
flint_(pokemon)	c	248
glasses_removed	g	248
gold_headband	g	248
hanazono_hahari	c	248
hk416_(starry_cocoon)_(girls'_frontline)	c	248
ibrahim_(nijisanji)	c	248
imaizumin-chi_wa_douyara_gal_no_tamariba_ni_natteru_rashii	s	248
iron_valiant	c	248
irotoridori_no_sekai	s	248
jackal_(nikke)	c	248
jin_(headwear)	g	248
kamen_rider_drive_(series)	s	248
kamisama_dolls	s	248
knocking	g	248
komine_sachi	c	248
lunch_(bad)_(dragon_ball)	c	248
magni_dezmond	c	248
manga_panel_redraw	m	248
mc_axis	s	248
metroid_fusion	s	248
midorima_shintarou	c	248
national_basketball_association	s	248
okita_sawa	c	248
popukar_(arknights)	c	248
protagonist_(crave_saga)	c	248
puyopuyo_7	s	248
queen_draco_(second_ascension)_(fate)	c	248
rose_(pokemon)	c	248
sasha_(haguhagu)	c	248
serval	g	248
shigure_kokoro	c	248
shiina_niki	c	248
shimada_minami	c	248
short_cape	g	248
sideroca_(light_breeze)_(arknights)	c	248
suirin_(tukikagerou)	c	248
tetsuwan_birdy	s	248
tuba	g	248
ultimecia	c	248
watercolor_background	g	248
xelloss	c	248
@atsutoku	a	247
@cm_lynarc	a	247
@die_(die0118)	a	247
@endou_masatoshi	a	247
@haru_(haruxxe)	a	247
@haruken	a	247
@henken	a	247
@i-pan	a	247
@jeanex	a	247
@juudai	a	247
@karaage_(xxxmido02)	a	247
@kawa_mura	a	247
@kokoa_ninniku	a	247
@kopianget	a	247
@kyaku_tasu	a	247
@lewdkuma	a	247
@lingyi	a	247
@maruti_bitamin	a	247
@melanbread	a	247
@mizuno_asami	a	247
@monolith_(suibou_souko)	a	247
@mosley_(mosleyyy)	a	247
@mr.lime	a	247
@mrhunking	a	247
@mysteryctu	a	247
@nanatsuta	a	247
@ompf	a	247
@oota_minoru	a	247
@otsudou	a	247
@padoruu	a	247
@rumoon	a	247
@rynzfrancis	a	247
@scocks4you	a	247
@shiizaki_hinaki	a	247
@shinori	a	247
@takomeshi	a	247
@teng_zhai_zi	a	247
@toro_(konirio)	a	247
@tsukiriran	a	247
@umakuchi_shouyu	a	247
@ura_illust	a	247
@zephid	a	247
2010s	g	247
barmaid	g	247
binbougami_ga!	s	247
bison_(arknights)	c	247
boruto:_the_movie	s	247
brazilian_miku_(cosplay)	g	247
cherubi	c	247
choujuu_gigaku	g	247
cum_on_sheets	g	247
december	g	247
dedf1sh	c	247
dirge_of_cerberus_final_fantasy_vii	s	247
fallout	s	247
fuuma_saika	c	247
gundam_lost_war_chronicles	s	247
hair_undone	g	247
hayate_immelmann	c	247
head_under_skirt	g	247
hover_bike	g	247
implied_pregnancy	g	247
indian	g	247
irene_(voyage_of_feathers)_(arknights)	c	247
irys_(casualrys)_(hololive)	c	247
jupiter_(planet)	g	247
kino_himari	c	247
kunkun	c	247
lucemon_falldown_mode	c	247
manticore_(monster_girl_encyclopedia)	c	247
metapod	c	247
mint_(arknights)	c	247
mistletoe_hair_ornament	g	247
mixed_maids	g	247
mokuren_(kunoichi_tsubaki_no_mune_no_uchi)	c	247
ogre_(dq10)	c	247
osakabehime_(swimsuit_archer)_(fate)	c	247
panda_print	g	247
penny_(inspector_gadget)	c	247
saria_(the_law)_(arknights)	c	247
sazabi	c	247
scopedog	c	247
sig_mpx	g	247
silver_chariot	c	247
strapless_coat	g	247
striped_bikini_bottom	g	247
stun_gun	g	247
suction_cup_dildo	g	247
suzumi_tamao	c	247
tav_(baldur's_gate)	c	247
torn_bow	g	247
torn_necktie	g	247
toujou_basara	c	247
victorious_(kancolle)	c	247
@ao_(ao0_0nemu)	a	246
@ata_(tsumari)	a	246
@buta_tamako	a	246
@hirayama_kanna	a	246
@ibsukionsen	a	246
@junes	a	246
@kamameshi_gougoumaru	a	246
@kirin_ouji	a	246
@kurasawa_moko	a	246
@linreplica	a	246
@merlusa	a	246
@mizuki_(uzuki_no_sato)	a	246
@nekoyashiki_pushio	a	246
@noto_(soranoto)	a	246
@pearlgang_e	a	246
@reitou_mikan	a	246
@ren_(tainca2000)	a	246
@rod_(rod4817)	a	246
@saeki_touma	a	246
@sawkm	a	246
@shaggy_susu	a	246
@shinjiro	a	246
@sumiya_nadateru	a	246
@therappy	a	246
@tomamatto	a	246
@tosyeo	a	246
@yiduan_zhu	a	246
2024_pokemon_teraleak	g	246
akai_shuuichi	c	246
alder_(pokemon)	c	246
alice_(pandora_hearts)	c	246
an-an_lee	c	246
ankimo_(tokino_sora)	c	246
anti-rain_(girls'_frontline)	g	246
asanaka_yomogi	c	246
basquash!	s	246
bilingual_text	g	246
bokomon	c	246
boku_to_koi_suru_ponkotsu_akuma.	s	246
castlevania:_symphony_of_the_night	s	246
cat_stretch	g	246
color_wheel_challenge	g	246
date_pun	g	246
dinosaur_boy	g	246
finger_touching	g	246
fulgur_ovid	c	246
fumizuki_(azur_lane)	c	246
happy_party_train	g	246
heart_arms	g	246
horse_racing_track	g	246
hououmon	c	246
imminent_cunnilingus	g	246
ishigami_yuu	c	246
kantai_collection_(anime)	s	246
kaonashi	c	246
kotori_(takanashi_kiara)	c	246
kurata_sayuri	c	246
lace-trimmed_garter_belt	g	246
lamborghini	s	246
lucio_(overwatch)	c	246
mameo_(digimon)	c	246
megami_no_kafeterasu	s	246
melt_(vocaloid)	s	246
mii_gunner	c	246
miria_marigold_mackenzie	c	246
mitarai_shouta	c	246
nue_no_onmyouji	s	246
oogami_ichirou	c	246
pdw-caliber_pistol	g	246
plaid_collar	g	246
purple_babydoll	g	246
quality	g	246
queen_draco_(third_ascension)_(fate)	c	246
remembering	g	246
romary_stone	c	246
roosterteeth	s	246
shez_(male)_(fire_emblem)	c	246
shin_strap	g	246
shinoda_hajime	c	246
shinonome_miu	c	246
shitodo_aoji	c	246
solid_circle_pupils	g	246
swinub	c	246
synthesizer	g	246
tatsumi_(akame_ga_kill!)	c	246
team_plasma_grunt	c	246
too_many_eyes	g	246
yellow_car	g	246
yukijirushi	s	246
@^jj^	a	245
@33_gaff	a	245
@ariyoshi_gen	a	245
@aryuma772	a	245
@bajima_shouhei	a	245
@chipokan	a	245
@danburi_(valkyrie)	a	245
@dusty_heaven	a	245
@fuyuno_haruaki	a	245
@fymrie	a	245
@gumoyu	a	245
@haze_(ohw8g)	a	245
@ishihara_masumi	a	245
@joosi	a	245
@k.ty_(amejin)	a	245
@kamimiya	a	245
@kdm_(ke_dama)	a	245
@kein_hasegawa	a	245
@kurousagi_yuu	a	245
@makai	a	245
@miwasiba	a	245
@mokokiyo_(asaddr)	a	245
@mzh	a	245
@nanakusa_suzuna	a	245
@nora_neko_(fjya7473)	a	245
@nukaji_(kuromahou_kenkyuujo)	a	245
@plumeria	a	245
@rabbit_(wlsdnjs950)	a	245
@ranhatu	a	245
@rauto	a	245
@ruku_(alicecreation)	a	245
@rumiya9i	a	245
@ryo_(tg290)	a	245
@ryoku_sui	a	245
@sa-dui	a	245
@satomura_kyou	a	245
@suinose	a	245
@takimoto_yukari	a	245
@tenshin_amaguri_(inobeeto)	a	245
@touhoufan	a	245
@tsuna_(al_dente)	a	245
@uraharukon	a	245
@usaka_ray	a	245
@vento	a	245
@yushe_quetzalli	a	245
adjusting_headphones	g	245
ariados	c	245
ariake_(kancolle)	c	245
bad_instagram_id	m	245
blaze_fielding	c	245
bubbmon	c	245
calamaramon	c	245
color_halftone	g	245
comic_exe	s	245
feiqizi_(fkey)	c	245
hanabishi_haruka	c	245
hephaestus_(housamo)	c	245
heroine_(lovebrush_chronicles)	c	245
kajiki_yumi	c	245
kukri	g	245
lieri_bishop	c	245
lifeguard_chair	g	245
metroid_prime	s	245
mime_jr.	c	245
nanashi_mumei_(new_year)	c	245
off_(game)	s	245
omega_strikers	s	245
original_race_uniform_(umamusume)	g	245
pesci	c	245
pix_(league_of_legends)	c	245
pixiv_thumbnail	g	245
sandshrew	c	245
shinegreymon	c	245
sitting_on_log	g	245
sprite_art	g	245
sticks_the_badger	c	245
sword_oratoria	s	245
swordsoul_(yu-gi-oh!)	c	245
tapu_lele	c	245
toeto_(vocaloid)	s	245
togashi_yuuta	c	245
tomoe_(blue_archive)	c	245
tomoe_mami_(magical_girl)	c	245
tornado	g	245
transparent_bag	g	245
tree_of_savior	s	245
unworn_sweater	g	245
wakabayashi_tomoka	c	245
weapon_name	g	245
yamask	c	245
yoshida_masaki	c	245
@ayya_sap	a	244
@digimin	a	244
@doiparuni	a	244
@gabrieltenma77	a	244
@gilse	a	244
@gueya	a	244
@holy_pumpkin	a	244
@horuhara	a	244
@jack_rockhardt	a	244
@kanikou	a	244
@karikura_(atatata71)	a	244
@kekel	a	244
@kikuchi_seiji	a	244
@komame_(st_beans)	a	244
@kouzuki_hajime	a	244
@kyoutsuugengo	a	244
@madaotheory	a	244
@matsumotoke	a	244
@misawa_hiroshi	a	244
@mku	a	244
@mokomoko_yanakku	a	244
@momomatang	a	244
@naitou_ryuu	a	244
@neonbeat	a	244
@ninopal	a	244
@oksandio	a	244
@onimaru_(onimal7802)	a	244
@osuman_toruko	a	244
@pastime774	a	244
@puri_(wettypeach)	a	244
@sasaoka_gungu	a	244
@seo_kouji	a	244
@smewed	a	244
@takebuchi	a	244
@tian_kazuki	a	244
@tsuyomaru	a	244
@yan_wan	a	244
@yongsadragon	a	244
amy_sorel	c	244
animedia	s	244
asou_yuuko	c	244
avery_(pokemon)	c	244
ayunda_risu_(1st_costume)	c	244
black_cat_(series)	s	244
bullet_earrings	g	244
captain_syrup	c	244
casshern_(series)	s	244
cat_earrings	g	244
chronopattern_dress	g	244
cinccino	c	244
cruiser	g	244
dildo_reveal	g	244
etotama	s	244
fenomeno_(umamusume)	c	244
foongus	c	244
forte_(shingeki_no_bahamut)	c	244
frozen_frog	g	244
fumino_tamaki	c	244
getbackers	s	244
good_omens	s	244
hazuki_yuzuko	c	244
holding_flamethrower	g	244
impact_(font)	g	244
itou_nobue	c	244
jack_(playing_card)	g	244
kamen_rider_gotchard_(series)	s	244
libra_(constellation)	g	244
lime_(saber_j)	c	244
lisa_silverman	c	244
lollipop_chainsaw	s	244
mahjong_table	g	244
makaino_ririmu_(4th_costume)	c	244
makinami_(kancolle)	c	244
menstrual_pad	g	244
noble_witches	s	244
phantom_brave	s	244
pop_filter	g	244
premier_ball	g	244
re_mii	c	244
red_veil	g	244
saeki_sayaka	c	244
satella_(re:zero)	c	244
secilia_(kishi)	c	244
sierra_mikain	c	244
spinda	c	244
takei_junko	c	244
taunting	g	244
tayutama	s	244
tokiwa_midori	c	244
tusk_(stand)	c	244
yamcha_pose_(meme)	g	244
yellow_helmet	g	244
yondemasu_yo_azazel-san.	s	244
yukinoshita_haruno	c	244
zigzagoon	c	244
@abarano	a	243
@aikawa_tatsuki	a	243
@chinbotsu	a	243
@emirio_(emirio110)	a	243
@fh_moya	a	243
@futsu_iyu	a	243
@fuussu_(21-kazin)	a	243
@fuyube_rion	a	243
@ganassa	a	243
@gesugesu_ahoaho	a	243
@hibi89	a	243
@himegi	a	243
@hiro_(dismaless)	a	243
@hisama_kumako	a	243
@ichimura_kanata	a	243
@ikemura_hiroichi	a	243
@itou_nanami	a	243
@jitome_no_tsugumi	a	243
@jl_tan	a	243
@kaze_(yznyttdgs)	a	243
@kirikirimai_(kkm)	a	243
@kiroshi	a	243
@logan_cure	a	243
@mitsuki_meia	a	243
@moeki_yuuta	a	243
@molyb	a	243
@monya	a	243
@nam_(valckiry)	a	243
@okiru	a	243
@owler	a	243
@pikazo	a	243
@roki_(307033)	a	243
@sakana_(flame_sakana)	a	243
@t-hou	a	243
@tatsumiya_kagari	a	243
@you2	a	243
@yuki_usagi_(snowcanvas)	a	243
@yuu_(kfc)	a	243
@yuya090602	a	243
aijou_rentarou	c	243
anubis_(monster_girl_encyclopedia)	c	243
bartholomew_kuma	c	243
beatrix	c	243
bikini_warriors	s	243
binetsu_kyoushi_cherry	s	243
blue_visor	g	243
card_between_fingers	g	243
chaise_longue	g	243
cloyster	c	243
cry_of_fear	s	243
disdain	g	243
double_helix	g	243
elephant_ears	g	243
food-themed_hat	g	243
georgette_lemare	c	243
happy_meek_(umamusume)	c	243
hatsuse_izuna	c	243
hayami_ayumi	c	243
hinazuki_ririna	c	243
holstein_friesian_cattle_(kemono_friends)	c	243
idola_avorn	c	243
idunn_(fire_emblem)	c	243
ikeda_kana	c	243
invader_zim	s	243
kneeless_mermaid	g	243
kongiku	c	243
lace-trimmed_ribbon	g	243
lakshmibai_(fate)	c	243
lawine_(sousou_no_frieren)	c	243
lloyd_de_saloum	c	243
lua_(yu-gi-oh!)	c	243
magia_magenta	c	243
magic_trick	g	243
matterhorn_(arknights)	c	243
mazinger_z_(mecha)	c	243
passenger_(arknights)	c	243
plant_request	m	243
plave	g	243
sachiel_(evangelion)	c	243
sailor_v	c	243
scar_on_chin	g	243
scissors_hair_ornament	g	243
scyther	c	243
sewaddle	c	243
sheeta	c	243
shimiko_(blue_archive)	c	243
shimotsuki_potofu	c	243
shishidou_chiharu_flamsteed	c	243
stranger_(omori)	c	243
sweden_(hetalia)	c	243
taikogane_sadamune	c	243
takamine_noa	c	243
tanaka_hime	c	243
the_yuudachi-like_creature	c	243
thousand_sunny	c	243
tonelico_(fate)	c	243
toudou_naoya	c	243
triple_amputee	g	243
twinbee	s	243
unbuttoned_pants	g	243
vil_schoenheit	c	243
yuzurizaki_nero	c	243
@@@@	a	242
@a_tea	a	242
@aka_ume	a	242
@amayo_thranana	a	242
@ayano_yuu_(sonma_1426)	a	242
@chameleon_man_(three)	a	242
@chela77	a	242
@demekyon	a	242
@enuni	a	242
@fujirin	a	242
@funamusea_(artist)	a	242
@hikari_niji	a	242
@jakelian	a	242
@kabayaki_unagi	a	242
@kaiduka_akuta	a	242
@karaagetarou	a	242
@kuuron_(moesann17)	a	242
@l_(matador)	a	242
@miso_souperstar	a	242
@morisova	a	242
@mouyi	a	242
@muji_(uimss)	a	242
@ooji_cha	a	242
@ougiikun	a	242
@pandea_work	a	242
@pipi_(m1x_mix)	a	242
@rimukoro	a	242
@rizzl	a	242
@ruberule	a	242
@ryuuka_sane	a	242
@sasairebun	a	242
@tocky	a	242
@tsukasa_(tsukasa_mimizuku)	a	242
@utamaro	a	242
@yokaze_(yokajie)	a	242
404_logo_(girls'_frontline)	g	242
ajna_(indivisible)	c	242
alchemist	g	242
applying_sunscreen	g	242
asakura_yoh	c	242
azhdaha_(genshin_impact)	c	242
billy_kane	c	242
borderlands_2	s	242
c-ms_(girls'_frontline)	c	242
celeste_(video_game)	s	242
cithis	c	242
corrin_(female)_(summer)_(fire_emblem)	c	242
dan_heng_(hunt)_(honkai:_star_rail)	c	242
dyed_hair	g	242
egawa_kusumi	c	242
final_fantasy_xiii-2	s	242
grave_(nikke)	c	242
hiiragi_tsubomi	c	242
hunter	g	242
imperium_of_man	c	242
in_orbit	g	242
issho_ni_training	s	242
jiaoling_ruqun	g	242
kaito_(vocaloid3)	c	242
kohinata_ichigo	c	242
kunemon	c	242
kyonyuu_fantasy_gaiden	s	242
majestic_prince	s	242
masurao_2_(sekaiju)	c	242
meruru_(oreimo)	c	242
metal_fight_beyblade	s	242
mikoshiba_mikoto	c	242
noel_(cookie)	c	242
petra_johanna_lagerkvist	c	242
poli_(nikke)	c	242
quency_(nikke)	c	242
rocket_(projectile)	g	242
rolling	g	242
sagiri_yuuko	c	242
saratoga_mk_ii_(kancolle)	c	242
sato_reika	c	242
see-through_cape	g	242
shinsei_inazuma_japan	g	242
sket_dance	s	242
slug_girl	g	242
smelling_underwear	g	242
statue_of_liberty	c	242
straw_(stalk)	g	242
stuffed_mouse	g	242
sumomo_(blue_archive)	c	242
tohsaka_aoi	c	242
venomoth	c	242
wiping_forehead	g	242
yukico-tan	c	242
@amagasa_yun	a	241
@asgykk	a	241
@asutorii	a	241
@ayamisiro	a	241
@bm_tol	a	241
@cla_(finesoda)	a	241
@hiiringu	a	241
@hizagawa_rau	a	241
@huyusilver	a	241
@kabocha	a	241
@kamo_(kamonabe_44)	a	241
@kansuke	a	241
@kisamu_(ksmz)	a	241
@kudou_(ooabareteng)	a	241
@mana_(manasenshou)	a	241
@muonrei00	a	241
@netural	a	241
@nozaki_tsubata	a	241
@oogure_ito	a	241
@q-gaku	a	241
@sapphire_(sapphire25252)	a	241
@ten-chan_(eternal_s)	a	241
@tepen_(tptptpn)	a	241
@type-dog	a	241
@ukan_muri	a	241
@yoma_(mayo)	a	241
abra	c	241
anby_demara_(silver_soldier)	c	241
archer_(fate)_(cosplay)	g	241
asterios_(fate)	c	241
broken_helmet	g	241
bubble_wand	g	241
captain_spaceboy	c	241
charlotte_linlin	c	241
cheek_swirl	g	241
chocolat_meilleure	c	241
comic_penguin_club	s	241
cure_finale	c	241
danganronpa/zero	s	241
deviruchi	c	241
executive_mishiro	c	241
firis_mistlud	c	241
flat_top_chef_hat	g	241
floral_dress	g	241
flower_bikini	g	241
food-themed_hair	g	241
fusion_dance	g	241
gold_bracer	g	241
hiyama_kiyoteru	c	241
holding_sandals	g	241
hoshizora_no_babylon	s	241
hyena	g	241
kikuri_(touhou)	c	241
king_(nanatsu_no_taizai)	c	241
kiss_chart	g	241
kitaooji_satsuki	c	241
kof:_maximum_impact	s	241
kotoishi_naru	c	241
mana_(yu-gi-oh!)	c	241
mariya_mikhailovna_kujou	c	241
midorikawa_ryuuji	c	241
minna_daisuki_kozukuri_banchou	s	241
misato_(princess_connect!)	c	241
mousse_(arknights)	c	241
nattou	g	241
netoge_no_yome_wa_onna_no_ko_janai_to_omotta?	s	241
nishina_toriko	c	241
nowareno_(higashi_shino)	c	241
panty_gag	g	241
pile_of_corpses	g	241
poro	s	241
queue	g	241
sadamori_himeka	c	241
scraped_knee	g	241
shining_star	s	241
shirakawa_kotori	c	241
sokrates_(touhou)	c	241
tomarigi_yasumi	c	241
uesugi_kenshin_(fate)	c	241
wacom	s	241
wu_zetian_(first_ascension)_(fate)	c	241
x-men_film_series	s	241
x-shaped_eyewear	g	241
yae_(ganbare_goemon)	c	241
yatogami_tohka	c	241
zoo	g	241
@any_(trueblue)	a	240
@az_toride	a	240
@chintora0201	a	240
@drunkavocado	a	240
@gauss_<bokashi	a	240
@haiki_(tegusu)	a	240
@halphelt	a	240
@honkivampy	a	240
@hornet_(artist)	a	240
@inyucchi	a	240
@j.h.	a	240
@kumasyan1998	a	240
@kushida_you	a	240
@morry	a	240
@nenchi	a	240
@north_abyssor	a	240
@noyu_(noyu23386566)	a	240
@ogino_jun	a	240
@poprication	a	240
@pungson_mori	a	240
@ray_(pixiv9514208)	a	240
@samart	a	240
@sayika	a	240
@shu-z	a	240
@sora_(efr)	a	240
@tao_(kadoya)	a	240
@yan_pai	a	240
@yu_(flowerbird3830)	a	240
@yukichi_(sukiyaki39)	a	240
@yumiya	a	240
@yuumin	a	240
alex_(street_fighter)	c	240
animal_ears_helmet	g	240
blu-ray_cover	g	240
bruno_(yu-gi-oh!)	c	240
camyu	c	240
chat_(tales)	c	240
ciaccona_(wuthering_waves)	c	240
circus_(studio)	s	240
corner	g	240
creeparka	g	240
cremia	c	240
dressed_shadow_(meme)	g	240
fidough	c	240
gelgoog	c	240
gimai_seikatsu	s	240
h&k_g36	g	240
half-life_(series)	s	240
heart-shaped_butt_plug	g	240
hgame	g	240
holding_weapon_behind_back	g	240
hoshikawa_mafuyu	c	240
hoshino_ai's_pose	g	240
ice_shard	g	240
iria_animi	c	240
ishtar_(swimsuit_rider)_(fate)	c	240
kamichu!	s	240
khiara_(personal_ami)	c	240
laguna_loire	c	240
lonely_girl_ni_sakaraenai	s	240
mabosstiff	c	240
mailman	g	240
mars_(pokemon)	c	240
mash_kyrielight_(senpai_killer_outfit)	c	240
matsuzaka_satou	c	240
mega_mawile	c	240
moomintroll	c	240
murasaki_nakoruru	c	240
murenase!_shiiton_gakuen	s	240
naked_snake	c	240
ne-class_heavy_cruiser	c	240
north_flight_(umamusume)	c	240
novelty_glasses	g	240
nukumizu_kaju	c	240
obidome	g	240
on_boat	g	240
onion_knight	c	240
ooe_(game)	s	240
penny_crygor	c	240
percival_(fate)	c	240
poporing	c	240
purple_bridal_gauntlets	g	240
rakan_(league_of_legends)	c	240
rapi_(classic_vacation)_(nikke)	c	240
ricotta_elmar	c	240
sakakura_juuzou	c	240
saotome_rei	c	240
scarlet_ibis_(kemono_friends)	c	240
straddling_fellatio	g	240
striped_blush	g	240
suzuki_sonoko	c	240
turquoise_eyes	g	240
usada_pekora_(prisoner)	c	240
venom_snake	c	240
yamai_yuzuru	c	240
year_of_the_goat	g	240
@7gao	a	239
@aos	a	239
@asagi_yuna	a	239
@chascoby	a	239
@choco_tanuki	a	239
@deadpool_yuchan	a	239
@dishui_tangni	a	239
@eds	a	239
@eeshin_(eishin5584)	a	239
@eromkk	a	239
@esoragoto	a	239
@frumples	a	239
@goma_irasuto	a	239
@greenmarine	a	239
@grimmelsdathird	a	239
@gurenola	a	239
@humuyun	a	239
@ilustretsspoks	a	239
@inishie	a	239
@k00s	a	239
@kishida_shiki	a	239
@kure~pu	a	239
@kuziaaizuk	a	239
@kuzu_kow	a	239
@kyouno_aki	a	239
@legoman	a	239
@mairo	a	239
@march-bunny	a	239
@mizutamako	a	239
@monkey_jon	a	239
@msize	a	239
@narumiya_(empty_cafe)	a	239
@nojima_minami	a	239
@nokishita	a	239
@pikomarie	a	239
@primsla	a	239
@rin2008	a	239
@rnuyvm	a	239
@shikido_(khf)	a	239
@sogawa	a	239
@sukoyaka93	a	239
@tennohi	a	239
@uchisaki_himari	a	239
@ueauwa	a	239
@yurichtofen	a	239
1960s_(style)	g	239
ak-alfa_(girls'_frontline)	c	239
akuno_hideo	c	239
ankle_flower	g	239
aoba_tsugumi	c	239
bakuretsu_tenshi	s	239
berserker_armor	g	239
blue_reflection_sun	s	239
cabin	g	239
cafe_maid_(love_live!)	g	239
chariot_(black_rock_shooter)	c	239
clown_girl	g	239
cubchoo	c	239
cutting_own_hair	g	239
dewprism	s	239
double_paizuri	g	239
ende_(chihuri)	g	239
evangelion_(mecha)	g	239
fight	g	239
fionna_the_human_girl	c	239
glameow	c	239
hakubi_washuu	c	239
hands_on_eyewear	g	239
hera_(p&d)	c	239
high_school_girls_posing_for_google_street_view_(meme)	g	239
holding_sewing_needle	g	239
ikkakumon	c	239
iyami	c	239
jin_qiu_(ru_shou)_(dislyte)	c	239
johnny_(guilty_gear)	c	239
kamen_rider_den-o	c	239
kamen_rider_revi	c	239
kanchou	g	239
kimidori_emiri	c	239
king_boo	c	239
kirasaka_sayaka	c	239
kumoko_(kumo_desu_ga_nani_ka?)	c	239
lu_xueqi_(zhu_xian)	c	239
magus_(chrono_trigger)	c	239
male_nipple_licking	g	239
margaret_(persona)	c	239
mayuzumi_kai	c	239
monkey_d._garp	c	239
namco_x_capcom	s	239
nissan_silvia	g	239
nut_(hardware)	g	239
octopath_traveler_ii	s	239
ootsutsuki_kaguya	c	239
oswald_lauren	c	239
raine_sage	c	239
recoleta_(reverse:1999)	c	239
reinhardt_(fire_emblem)	c	239
saitou_kaede_(yama_no_susume)	c	239
sandbag	g	239
satan_(umineko)	c	239
sayama_chie	c	239
silvia_van_hossen	c	239
steam_locomotive	g	239
stuffed_duck	g	239
super_saiyan_god	g	239
swapnote	s	239
tail_under_clothes	g	239
takakura_kanba	c	239
tamanami_(kancolle)	c	239
tsuzumi	g	239
venelana_gremory	c	239
wild_arms_4	s	239
writing_on_breasts	g	239
@abysswatchers	a	238
@agemmata	a	238
@amaichi_esora	a	238
@ashishun	a	238
@attsun_(atsushi_jb)	a	238
@aya_(lezon)	a	238
@bulbonne	a	238
@cui_pi_zha_xia_qiu	a	238
@gonster	a	238
@hanagata	a	238
@izumo_neru	a	238
@jagoo	a	238
@kabu_usagi	a	238
@kamenozoki_momomo	a	238
@karasu_raven	a	238
@karyln	a	238
@kasuga_sunao	a	238
@kicdon	a	238
@kntrs_(knyrs)	a	238
@kokuto_(kurousagi1210)	a	238
@lightria	a	238
@lutherniel	a	238
@mahcdai	a	238
@morihito	a	238
@omurice_(roza4957)	a	238
@papi_(papiron100)	a	238
@raitho	a	238
@retorillo	a	238
@ryuuta_(msxtr)	a	238
@schreibe_shura	a	238
@shigetake_(buroira)	a	238
@shirasu_youichi	a	238
@sugo6969	a	238
@ttl	a	238
@wolflong	a	238
@yue_(shemika98425261)	a	238
@zaki_(zaki_btw)	a	238
@zanzi	a	238
aigis_(persona)	c	238
alessandra_susu	c	238
amano_nene_(vtuber)	c	238
amesuku_gyaru	g	238
antinomy_of_common_flowers	s	238
aphelios	c	238
black_maria_(one_piece)	c	238
churro	g	238
crystal_shards	g	238
demento	s	238
egyptian_art	g	238
enkidu_(weapon)_(fate)	g	238
evelysse_(star_ocean)	c	238
eyewear_around_neck	g	238
gaius_(tales)	c	238
gavel	g	238
giant_robot	g	238
girl_(deemo)	c	238
giuseppe_garibaldi_(kancolle)	c	238
gradient_thighhighs	g	238
guillotine	g	238
gundam_00_a_wakening_of_the_trailblazer	s	238
gunvolt	c	238
gynoid_talk	s	238
gypsy	g	238
haru_(tsuritama)	c	238
high-cut_armor_(persona)	g	238
himeshima_gakuen_ingoku_no_nikutai_shidou_kyouzai	s	238
hugging_book	g	238
kfp	g	238
kitakoji_hisui	c	238
koko_(kamitsubaki_studio)	c	238
ladybug_(character)	c	238
leo/need_(project_sekai)	g	238
ludmilla_(nikke)	c	238
luigi_(cosplay)	g	238
meikoku_gakuen_taidou_hen	s	238
mirai_(kemono_friends)	c	238
mr._game_&_watch	c	238
nandaba_naota	c	238
paladin_(ragnarok_online)	c	238
ppsh-41	g	238
qualidea_code	s	238
red_(pokemon_sm)	c	238
sacrifice_villains	s	238
sagiri_(kancolle)_(cosplay)	g	238
sasaki_makie	c	238
seitokai_ni_mo_ana_wa_aru!	s	238
shirakawa_yuina	c	238
spread_anus_under_clothes	g	238
stance_(vehicle)	g	238
sticky	g	238
stiff_tail	g	238
taira_no_fumikado	c	238
torn_paper	g	238
undone	g	238
uu~	g	238
valvatorez_(disgaea)	c	238
@14_(vision5032)	a	237
@4b-enpitsu	a	237
@akino_subaru	a	237
@ardenlolo	a	237
@azuki_(azuki-taste)	a	237
@balnom	a	237
@clownculture	a	237
@cryne	a	237
@danna_(karatekikku)	a	237
@emg_(christain)	a	237
@gamryous	a	237
@hamachamu	a	237
@hechi	a	237
@henet_hene	a	237
@jtleeklm	a	237
@junajuice	a	237
@kakogawa_tarou	a	237
@kicchi_(tmgk)	a	237
@kirisaki_reina	a	237
@koikawa_minoru	a	237
@kradebii	a	237
@kyo-hei_(kyouhei)	a	237
@maguro_(mawaru_sushi)	a	237
@momoi_komomo	a	237
@murasaki_iro	a	237
@nikame	a	237
@nori_chazuke	a	237
@okuma_mai	a	237
@olys	a	237
@pinoli_(pinoli66)	a	237
@quadrastate	a	237
@rakko_(r2)	a	237
@realmbw	a	237
@reiga_(act000)	a	237
@rezi	a	237
@rkp	a	237
@rukinya_(nyanko_mogumogu)	a	237
@runlan_0329	a	237
@saiba_(henrietta)	a	237
@sakuramarusan	a	237
@senmura	a	237
@shira_(sirairo116)	a	237
@tsukuno_tsuki	a	237
@usagi_koushaku	a	237
@utu_(ldnsft)	a	237
@zhongye_yu	a	237
@zi_se	a	237
action_pizazz	s	237
alma_(monster_hunter_wilds)	c	237
amiya_(guard)_(arknights)	c	237
arched_soles	g	237
argentina	g	237
arm_markings	g	237
award_ribbon	g	237
ayatsuno_yuni	c	237
bachou_mouki	c	237
bearmon	c	237
bloody_wings	g	237
bobby_pin	g	237
bradamante_(third_ascension)_(fate)	c	237
camisole_pull	g	237
clarence_clayden	c	237
cu_chulainn_alter_(third_ascension)_(fate)	c	237
cum_on_arms	g	237
digitan_(porforever)	c	237
dusclops	c	237
enlightened_byleth_(female)	c	237
est_(fire_emblem)	c	237
fishnet_fabric	g	237
gavial_the_invincible_(arknights)	c	237
guilty_kiss_(love_live!)	g	237
gunshot_wound	g	237
hacksaw	g	237
hakuowlo	c	237
hekiho_academy_school_uniform	g	237
hilling_(ousama_ranking)	c	237
hk416_(mod3)_(girls'_frontline)	c	237
holding_hair_tie	g	237
hoshikawa_sara_(4th_costume)	c	237
hyakumantenbara_salome_(1st_costume)	c	237
i've_never_seen_a_guy_recreate_this_successfully_tbh_(meme)	g	237
ilias	c	237
intercrural_sex	g	237
jesmon	c	237
karuizawa_kei	c	237
kirby_super_star	s	237
kokiri	g	237
lars_rorschach	c	237
light_soles	g	237
love_ball	g	237
lunalu_(granblue_fantasy)	c	237
marie_antoinette_(swimsuit_caster)_(fate)	c	237
masters_of_the_universe	s	237
millium_orion	c	237
nishi_yuuko	c	237
nishikata_chii	c	237
noa-senpai_wa_tomodachi.	s	237
octillery	c	237
playstation_3	g	237
quiz_magic_academy_the_world_evolve	s	237
rabu_(blue_archive)	c	237
renka_(senran_kagura)	c	237
ripped_jeans	g	237
sakura_megumi	c	237
shukusei!!_loli-gami_requiem	s	237
snoring	g	237
solgaleo	c	237
spring_(object)	g	237
succubus_soon	s	237
swire_the_elegant_wit_(arknights)	c	237
tenco	s	237
tetsuwan_birdy_decode	s	237
the_terminator	s	237
uesugi_u._kyouko	c	237
white_loincloth	g	237
yanai_ichiru	c	237
zombie_high_school	s	237
@a.a_(aa772)	a	236
@arahark	a	236
@auko	a	236
@bluestrikerbomber	a	236
@chunpai	a	236
@coco_ankou	a	236
@dfer	a	236
@douji	a	236
@g-room_honten	a	236
@gobi_(jtnyrwbkohiqsuldg)	a	236
@gud0c	a	236
@hitmanatee	a	236
@hjz_(artemi)	a	236
@kamu_(kamuuei)	a	236
@katsuoboshi	a	236
@kikai_(akita_morgue)	a	236
@konata_gazel	a	236
@kuro_oolong	a	236
@kushinaka	a	236
@len_(a-7)	a	236
@madana_(xesa7885)	a	236
@maxwelzy	a	236
@micchan_(micchanmeido)	a	236
@mikan_(bananoha)	a	236
@mirai_(sugar)	a	236
@msp_sammy	a	236
@mu_mashu	a	236
@musuka_(muska)	a	236
@muunyan_(yumenekoya)	a	236
@nanja	a	236
@nanotsuki	a	236
@nayoshi_(r-744)	a	236
@nori_(akusei_shinseibutsu)	a	236
@pori_(kmt_pori)	a	236
@rakuni	a	236
@roh_nam_kyung	a	236
@rrr_(reason)	a	236
@sakura_tsubame	a	236
@sino42	a	236
@suka	a	236
@tamamoice	a	236
@tesun_(g_noh)	a	236
@tsukumo_gou	a	236
@uramakaron	a	236
@utakata_(kochou_no_yume)	a	236
@xanax025	a	236
@yasakani_an	a	236
@yeklsa	a	236
@zpolice	a	236
#unicus_(idolmaster)	g	236
akg_k-series_headphones	g	236
argyle_bow	g	236
arslan_senki	s	236
babumi!_atashi_ga_uminaoshite_yan_yo!	s	236
blue_dragon	s	236
cait_sith_(final_fantasy)	c	236
chest_protector	g	236
cosplay_pikachu	c	236
crescent_halo	g	236
croupier	g	236
cum_plugged	g	236
deviljho	c	236
doctor_strange	c	236
dream_with_you_(love_live!)	g	236
eiscue	c	236
eiserne_jungfrau	c	236
emoji_censor	g	236
enigmatic_recollection	s	236
exeggutor	c	236
galarian_rapidash	c	236
giant_insect	g	236
gundam_exia	c	236
gundam_ms_igloo	s	236
haite_kudasai_takamine-san	s	236
hell	g	236
hellagur_(arknights)	c	236
izetta	c	236
january	g	236
jurassic_park	s	236
kenmochi_touya_(1st_costume)	c	236
lin_(breath_of_fire)	c	236
luke_triton	c	236
magical_mirai_miku_(2024)	c	236
magneton	c	236
maimai_(game)	s	236
mama_x_holic_~miwaku_no_mama_to_amaama_kankei~	s	236
mandragora	g	236
merlin_(fate/stay_night)	c	236
mian_guan	g	236
mole_(animal)	g	236
musical_note_ornament	g	236
musou_orochi	s	236
noda_(angel_beats!)	c	236
ooama_no_ake_no_mitori	c	236
payphone	g	236
piloting	g	236
pokemon_swsh105	s	236
porno_(dohna_dohna)	c	236
portrait_of_exotic_girls	s	236
regice	c	236
remoraid	c	236
rodney_(azur_lane)	c	236
rojiura_satsuki_:_chapter_heroine_sanctuary	s	236
rutee_katrea	c	236
smelling_hair	g	236
son_gohan_(future)	c	236
strong	g	236
tadano_genji	c	236
takakura_ken_(transformed)_(dandadan)	c	236
thrust_lines	g	236
thumb_in_pocket	g	236
treadmill	g	236
uozumi_kurumi	c	236
valerie_(pokemon)	c	236
violated_heroine	s	236
@akino_shin	a	235
@akinomiya_asuka	a	235
@amaa_(chou_dennou_jidai)	a	235
@aoblue	a	235
@arlizi	a	235
@ayasugi_tsubaki	a	235
@chikafumikou	a	235
@deco_(geigeki_honey)	a	235
@emerane	a	235
@ettone	a	235
@gu~derenko	a	235
@haru_(hiyori-kohal)	a	235
@harumiya	a	235
@hizuki_higure	a	235
@hoojiro	a	235
@hyperbudd	a	235
@kivo	a	235
@kousuke0912	a	235
@kuhotaka	a	235
@kuroduki_(pieat)	a	235
@ladic	a	235
@matarou_(matarou072)	a	235
@meipoi	a	235
@mentei_yakuna	a	235
@nagato-chan	a	235
@noixen	a	235
@sako_(35s_00)	a	235
@savi_(byakushimc)	a	235
@shimazaki1152	a	235
@shinkuukan_(tetsuo3)	a	235
@shukusuri	a	235
@sulcate	a	235
@sushimekabu	a	235
@ten_(tenchan_man)	a	235
@umitonakai	a	235
@villyane	a	235
@vins-mousseux	a	235
@xnnagu	a	235
@yukimasa_(nkk145)	a	235
@zaregoto_tsukai_no_deshi	a	235
akihiro_altland	c	235
akino_kaede	c	235
albacore_(azur_lane)	c	235
anus_cutout	g	235
arakawa_under_the_bridge	s	235
artistic_nudity	g	235
bat_tail	g	235
beldum	c	235
bonesaw	g	235
breath_of_fire_i	s	235
broken_arm	g	235
canopy	g	235
dororon_enma-kun	s	235
e-liter_4k_(splatoon)	g	235
faust_(guilty_gear)	c	235
furfrou	c	235
glowing_pupils	g	235
golden_axe	s	235
grey_tongue	g	235
hinako_(issho_ni_training)	c	235
hong_kong_(hetalia)	c	235
improvised_umbrella	g	235
inflatable_shark	g	235
kaga_ai	c	235
kai	c	235
kamen_rider_agito_(series)	s	235
kayn_(league_of_legends)	c	235
lily_hawk	c	235
lounging	g	235
meroune_lorelei	c	235
miniature	g	235
miss_valentine	c	235
orange_camisole	g	235
phichit_chulanont	c	235
r.o.d_the_tv	s	235
raphael_kirsten	c	235
rpg_maker_game	g	235
sakura_miko_(street)	c	235
sakurada_shiro	c	235
satyr_(granblue_fantasy)	c	235
savage_(arknights)	c	235
serah_farron	c	235
shin_megami_tensei_iv	s	235
shingyoku_(male)	c	235
shroomish	c	235
sinistea	c	235
sugamo_mutsuki	c	235
sunflower_seed	g	235
swimsuit_tug	g	235
thigh_marking	g	235
transformed_ditto	c	235
tweet	g	235
ukon_(utawarerumono)	c	235
ushinawareta_mirai_wo_motomete	s	235
valis	s	235
vox_(hazbin_hotel)	c	235
wafer	g	235
white_tiger_print	g	235
xavier_olivette	c	235
@aibumi	a	234
@aonaga_heri	a	234
@ariyon	a	234
@besuyama	a	234
@bou_(inubou)	a	234
@cassandra_(seishun_katsu_sando)	a	234
@chiyo_(rotsurechiriha)	a	234
@chronozbergh	a	234
@freeze-ex	a	234
@fukuoka_katsumi	a	234
@garmmy	a	234
@inagoinaire	a	234
@kainown	a	234
@kairi_(shery_rakuura)	a	234
@kara_age	a	234
@kitazume_hiroyuki	a	234
@kuzumomo	a	234
@lepypepy	a	234
@linterteatime	a	234
@mad_kimo	a	234
@madogawa	a	234
@marutaya	a	234
@mizu_asato	a	234
@mleonheart	a	234
@myowa	a	234
@puzenketsu	a	234
@qdoujin_(pixiv44648813)	a	234
@rampart1028	a	234
@ryota-h	a	234
@shina_shina	a	234
@sola7764	a	234
@speckticuls	a	234
@taguchi_kenji_(omaep)	a	234
@techi_(techi35499)	a	234
@tenkuu_nozora	a	234
@the_olphy	a	234
@toku_sonchou	a	234
@touchuu_kasou	a	234
@vice_(kuronekohadokoheiku)	a	234
@windforcelan	a	234
@yufou	a	234
@yukemuriganmo	a	234
2014_fifa_world_cup	s	234
a-1_pictures	s	234
amiya_(medic)_(arknights)	c	234
amphimon	c	234
bad_bcy_id	m	234
batter	g	234
blackbuck_(kemono_friends)	c	234
blood_on_cheek	g	234
cottonee	c	234
cucouroux_(granblue_fantasy)	c	234
danmaku_comments	g	234
dracula	c	234
ever_17	s	234
ghost_trick	s	234
godzilla:_city_on_the_edge_of_battle	s	234
hinazuki_kayo	c	234
implied_death	g	234
imu_(senran_kagura)	c	234
jessica_the_liberated_(arknights)	c	234
jinako_carigiri	c	234
kamen_rider_ryuki	c	234
kenshiro	c	234
kiryuuin_satsuki_(cosplay)	g	234
kizaki_ren	c	234
kohaku_(yua)	c	234
koukaku_no_ai	s	234
lidelle_(puyopuyo)	c	234
lucid_(maplestory)	c	234
lucky_pierre	g	234
mahou_no_star_magical_emi	s	234
marie_antoinette_(fate/grand_order)	c	234
marley_military_uniform	g	234
mast_(romantic_maid)_(nikke)	c	234
maxim_tomato	g	234
melantha_(arknights)	c	234
minstrel_(ragnarok_online)	c	234
mora_(genshin_impact)	g	234
nene_(sengoku_musou)	c	234
nirvana_(band)	s	234
november	g	234
oginome_ringo	c	234
one_piece:_stampede	s	234
owain_(fire_emblem)	c	234
pixar	s	234
plumeria_(fire_emblem)	c	234
rabbit_bag	g	234
right-hand_drive	g	234
sakura_kyoko_(magical_girl)	c	234
seripa	c	234
shanoa	c	234
shoukaku_(sororal_wings)_(azur_lane)	c	234
speedo_(company)	s	234
street_fighter_ex_(series)	s	234
studio	g	234
suicidal_girl_(hamsterfragment)	c	234
talim	c	234
tokyo_necro	s	234
torn_tank_top	g	234
tressa_(octopath_traveler)	c	234
type_100_(girls'_frontline)	c	234
wangzhe_rongyao	s	234
wet_shorts	g	234
xenosaga_episode_i	s	234
yamada_hifumi	c	234
yokohama_kaidashi_kikou	s	234
yun_lee	c	234
zeta_(summer)_(granblue_fantasy)	c	234
@5altybitter5	a	233
@anabone	a	233
@ao_(flowerclasse)	a	233
@aoin	a	233
@bouen	a	233
@deca_purio	a	233
@dmayaichi	a	233
@dokshuri	a	233
@geulimykun_(skbyunea413)	a	233
@guuchama	a	233
@hanamasa_ono	a	233
@houmatu_awa	a	233
@hunyan	a	233
@hyuuman	a	233
@ineka_ka	a	233
@johnny_(from_scratch)	a	233
@kavka	a	233
@kay-i	a	233
@kentan_(kingtaiki)	a	233
@kisaragi_miyu	a	233
@kisumi_rei	a	233
@ksk_(semicha_keisuke)	a	233
@meeko	a	233
@meimei_(meimei89008309)	a	233
@mento	a	233
@moritan	a	233
@mozukun43	a	233
@muneneko	a	233
@murayama_ryota	a	233
@naka_(cheeseyeast)	a	233
@nanostar	a	233
@nanpou_(nanpou0021)	a	233
@okayparium	a	233
@purunyara	a	233
@reia	a	233
@shibata_rai	a	233
@simmsyfart	a	233
@teruru	a	233
@tonchamon_san	a	233
@weeze	a	233
@yaki_apple	a	233
@yakota_(usuk-yako)	a	233
@yorukun	a	233
@yuyu5x	a	233
amemura_ramuda	c	233
angewomon_(cosplay)	g	233
bat_signal	g	233
bleach:_epilogue	s	233
blue_sleeve_cuffs	g	233
boyfriend_(friday_night_funkin')	c	233
buying_condoms	g	233
canvas	s	233
cat_pillow	g	233
color_coordination	g	233
cure_coral	c	233
danmachi_memoria_freese	s	233
elfriend_(shiranui_flare)	c	233
flower_censor	g	233
giving_food	g	233
glycine_bleumer	c	233
guilty_(nikke)	c	233
hawkeye_(marvel)	c	233
homura_kogetsu	c	233
ichika_(1ssakawaguchi)	c	233
imminent_vore	g	233
kaku_(one_piece)	c	233
katano_sukune	c	233
kissing_nose	g	233
koujiro_frau	c	233
kuroeda-san	c	233
male_harem	g	233
mamemon	c	233
mameneko_(leos_vincent)	c	233
marshtomp	c	233
miyoshi_karin	c	233
moran_(nikke)	c	233
nijigen_kanojo	s	233
no_choker	g	233
non_porn	g	233
nuko_(shoujo_shuumatsu_ryokou)	c	233
oneechanbara	s	233
otonashi_saya	c	233
patricia_thompson	c	233
plasma-chan_(kancolle)	c	233
purple_arm_warmers	g	233
rae_taylor	c	233
raimon_school_uniform	g	233
red_hood_(nonsense_red)_(nikke)	c	233
resident_evil_0	s	233
sakimori_toji	c	233
sakurai_shin'ichi	c	233
sawatari_kotone	c	233
see-through_camisole	g	233
sen'yuu.	s	233
shadowverse:_worlds_beyond	s	233
shokatsuryou	c	233
sight_(weapon)	g	233
snorunt	c	233
suzuki_(company)	s	233
tank_turret	g	233
team_galactic_uniform	g	233
toaster	g	233
touhou_sangetsusei	s	233
toy_story	s	233
viper_(shine_of_love)_(nikke)	c	233
water_tank	g	233
winged_animal	g	233
yayaka	c	233
yomako	c	233
@akahito	a	232
@bojue_(hakus_1128)	a	232
@cotta_(heleif)	a	232
@dizdoodz	a	232
@eiku	a	232
@exabyte_(parallax05)	a	232
@flatpancakesjim	a	232
@fujiyama_ichiha	a	232
@fumitsuki_(minaduki_6)	a	232
@g1_(jjw00123)	a	232
@goroo_(eneosu)	a	232
@haun	a	232
@hinahara_hajime	a	232
@io_(sinking=carousel)	a	232
@jt_dong-agyoku	a	232
@kiriya_gymno	a	232
@kyjsogom	a	232
@macosee	a	232
@masoq	a	232
@masukudo_(hamamoto_hikaru)	a	232
@mebunryo_(mebunryo2)	a	232
@mukaibi_aoi	a	232
@nanamomo_rio	a	232
@naoko_(naonocoto)	a	232
@nonono_(nononotea)	a	232
@omochishiki	a	232
@otsumami_(bu-bu-heaven)	a	232
@runa_(nori31291404)	a	232
@same_anko	a	232
@sasago_kaze	a	232
@suihei_sen	a	232
@sukabu	a	232
@takumi_(scya)	a	232
@tamaoki_benkyou	a	232
@terebi_(shimizu1996)	a	232
@tsuchii_(ramakifrau)	a	232
@tsumayouji_(tumayog)	a	232
@wamu_(chartreuse)	a	232
@yozora_(1wkdgusdn)	a	232
@yurikawa	a	232
@yuuzuki_hijiri	a	232
@z3zz4	a	232
@zhaoyebai	a	232
alchemist_(girls'_frontline)	c	232
animal_between_breasts	g	232
aqua_tunic	g	232
autopsy	g	232
beatrice_(princess_principal)	c	232
carl_clover	c	232
clawed_feet	g	232
djmax_respect	s	232
electroshock_weapon	g	232
eoduun_badaui_deungbul-i_doeeo	s	232
eye_black	g	232
f-15_eagle	g	232
fatal_frame_3	s	232
gecko	g	232
hands_on_own_leg	g	232
heart_symbol	g	232
hermitcraft	s	232
homulilly	c	232
ichijou_akari	c	232
jinx_(dc)	c	232
joukamachi_no_dandelion	s	232
kampfer_(mobile_suit)	c	232
kobeya	s	232
lace-trimmed_camisole	g	232
lekku_(anatomy)	g	232
mad_rat	c	232
mariah_(jojo)	c	232
matsuo_chizuru	c	232
nakahara_masaru	c	232
nanu_(pokemon)	c	232
norma_beatty	c	232
oerba_yun_fang	c	232
on_cloud	g	232
photo_album	g	232
pkp_(girls'_frontline)	c	232
powered_wheelchair	g	232
racerback	g	232
remnan_(gnosia)	c	232
saionji_kotoka	c	232
sakura_no_toki	s	232
sandrone_(genshin_impact)	c	232
school_boys!	s	232
sebastian_de_tomato_smith_chicken_legs	c	232
shiki_(novel)	s	232
shirley_fennes	c	232
sonshoukou	c	232
super_sailor_mercury	c	232
tailtiu_(fire_emblem)	c	232
taut_bodysuit	g	232
teddy_(lingerie)	g	232
uchida_momo	c	232
united_states_medal_of_honor	g	232
utsugi_uyu	c	232
vanica_zogratis	c	232
variable_geo	s	232
yagoo	c	232
@abe_inori	a	231
@aeolus	a	231
@alien1452	a	231
@alto2019	a	231
@bettle_(b_s_a_n)	a	231
@buchikaki	a	231
@dolekat	a	231
@dorachefu	a	231
@endou_okito	a	231
@evandragon	a	231
@falchion	a	231
@fataaa	a	231
@fuji_tarawi	a	231
@ginnkei	a	231
@gold_can	a	231
@hanazome_dotera	a	231
@hariyaa	a	231
@harubato	a	231
@hatakenaka_(kamagabuchi)	a	231
@hijikini	a	231
@hikichi_sakuya	a	231
@hiyohiyo	a	231
@houmitsu	a	231
@hyocorou	a	231
@ivy_(sena0119)	a	231
@kagiyama_(clave)	a	231
@kakenari	a	231
@kanbaki	a	231
@karuha	a	231
@kevbot	a	231
@kilart	a	231
@komainu_(yamaha1997)	a	231
@komorihikki	a	231
@kutata	a	231
@limart	a	231
@machimura_komori	a	231
@maruino	a	231
@mitama_mudimudi	a	231
@mizoro_tadashi	a	231
@mochitsuki_karen	a	231
@nanamatsu_kenji	a	231
@narushima_kanna	a	231
@nutkingcall	a	231
@oborotsuki_kakeru	a	231
@onkn_sxkn	a	231
@seraphim_throne	a	231
@shiguren_39	a	231
@sho_bu_1116	a	231
@sikimosh	a	231
@sumapan	a	231
@synchroman	a	231
@talgi	a	231
@tanaka_ahiru	a	231
@y_(036_yng)	a	231
@yajiro_masaru	a	231
ani_(xai)	c	231
anteater_ears	g	231
aoi_erika	c	231
arched_crown	g	231
automail	g	231
ayase_honoka	c	231
boku_no_pico	s	231
bow_button	g	231
carrot_pin	g	231
cat_ornament	g	231
chouun	c	231
countdown_illustration	g	231
cum_in_bowl	g	231
dead_space	s	231
desire_driver	g	231
dimension_w	s	231
eargasm	g	231
edelweiss	s	231
elizabeth_bathory_(second_ascension)_(fate)	c	231
eri_(pokemon)	c	231
fnc_(girls'_frontline)	c	231
frilled_pajamas	g	231
futagawa_fumi	c	231
gardevoir_(fashionable)	c	231
goredolf_musik	c	231
green_streaks	g	231
gunxsword	s	231
heart-shaped_sunglasses	g	231
heel-less_heels	g	231
height_conscious	g	231
holding_sickle	g	231
i-201_(kancolle)	c	231
ishigami_senkuu	c	231
jack-o'-lantern_earrings	g	231
kaijin_hime_do-s	c	231
kaji_akihiko	c	231
kessoku_band_t-shirt	g	231
kuroi_nanako	c	231
kurusu_kanako	c	231
leather_shorts	g	231
logo_print	g	231
maria_balthasar	c	231
maribelle_(fire_emblem)	c	231
maroon_eyes	g	231
mary_cochran	c	231
misaki_(princess_connect!)	c	231
momiji_(blue_archive)	c	231
nidoran_(male)	c	231
nihongou_(touken_ranbu)	c	231
nora_cat	c	231
perfume_(band)	s	231
pikachu_tail	g	231
plaid_hairband	g	231
rosanna_(chic_ocean)_(nikke)	c	231
sango_(pokemon)	c	231
seria_(kishi)	c	231
shawl_lapels	g	231
shiiba_tsumugi	c	231
shikinami_kai_ni_(kancolle)	c	231
sin_mal	c	231
suzuka_gozen_(swimsuit_rider)_(fate)	c	231
suzuki_hina	c	231
tekken_6	s	231
watase_kiui	c	231
water_censor	g	231
woodland_camouflage	g	231
yakitate!!_japan	s	231
yamada_ichiro	c	231
yame_yukana	c	231
yellow_crown	g	231
yu-gi-oh!_master_duel	s	231
yuanlingpao	g	231
yuugenmagan	c	231
@2zuz4hru	a	230
@akihiro0920	a	230
@aties20	a	230
@bartolomeobari	a	230
@benio_(dontsugel)	a	230
@gengoroh	a	230
@hara_yui	a	230
@hua-j	a	230
@iroha_(shiki)	a	230
@juugonichi_(wheeliex2)	a	230
@kamizaki_hibana	a	230
@koge_donbo	a	230
@kusabi_(aighe)	a	230
@li_(lithium0522)	a	230
@matsumoto_nanami	a	230
@mizone	a	230
@mometsu_033	a	230
@murgoten	a	230
@nanaeljustice	a	230
@non_(wednesday-classic)	a	230
@ratsuku_kinoko	a	230
@reo_(mmocc123)	a	230
@revenantart	a	230
@rokuichi	a	230
@saiku_(zvlku)	a	230
@sakamuke	a	230
@shirocha_tei	a	230
@sirano	a	230
@sougetsu_izuki	a	230
@stank	a	230
@suzume_miku	a	230
@takatora	a	230
@takayama_toshiaki	a	230
@tazaki_masanobu	a	230
@tis_(shan0x0shan)	a	230
@todd_l._milhouse	a	230
@toto_(artist)	a	230
@udetamago	a	230
@yaekaidou	a	230
@yukimitsuki	a	230
@yunuki_uta	a	230
@yuuri_nayuta	a	230
@zhanzhangzlw	a	230
anzu_(ensemble_stars!)	c	230
bite_marks	g	230
ceres_fauna_(jirai_kei)	c	230
changsheng_(genshin_impact)	c	230
clogs	g	230
codpiece	g	230
conical_hat	g	230
cyber_fashion	g	230
daidouji_(senran_kagura)	c	230
discipline	s	230
erina_makina	c	230
etopen	c	230
feet_in_water	g	230
fuuto_tantei	s	230
gamera_3:_revenge_of_iris	s	230
gumi_(v3_megpoid)	c	230
hat_leaf	g	230
hoshimachi_suisei_(shout_in_crisis)	c	230
hoshino_(armed)_(blue_archive)	c	230
hotel	g	230
katsushika_hokusai_(traveling_outfit)_(fate)	c	230
kinomoto_touya	c	230
kitazawa_hagumi	c	230
komaki_ikuno	c	230
kuramochi_meruto_(1st_costume)	c	230
kusakabe_maron	c	230
linea_nigra	g	230
mahou_shoujo_lyrical_nanoha_innocent	s	230
makiatto_(girls'_frontline_2)	c	230
mango	g	230
mash_kyrielight_(cosplay)	g	230
merchant	c	230
middle_eastern_architecture	g	230
mighty_morphin_power_rangers	s	230
nightmare	g	230
oukawa_kohaku	c	230
photon_ray_(fate)	g	230
pink_pasties	g	230
playing_with_hair	g	230
portable_stove	g	230
pururun_cafe	s	230
razor_blade	g	230
rectal_prolapse	g	230
regigigas	c	230
retsuko	c	230
ritual	g	230
saunders_(emblem)	g	230
seirei_tsukai_no_blade_dance	s	230
shima_tetsuo	c	230
shiranui_isuzu	c	230
spoken_number	g	230
summon_night_5	s	230
superman_logo	g	230
tachibana_ichirou	c	230
tail_(honkai:_star_rail)	c	230
take_it_home	g	230
tiffany_lords	c	230
tom_and_jerry	s	230
tougou_hifumi	c	230
train_(clothing)	g	230
tweezers	g	230
ursaring	c	230
@49s-aragon	a	229
@amasaka_takashi	a	229
@azuumori	a	229
@baketsuya	a	229
@burnt_green_tea	a	229
@castell	a	229
@elfboiii	a	229
@fiodo	a	229
@fuepo	a	229
@furahata_gen	a	229
@fushisha_o	a	229
@fuwamoko_momen_toufu	a	229
@ga320aaa	a	229
@gin_(oyoyo)	a	229
@ifuji_shinsen	a	229
@kangbus	a	229
@kashuu_(b-q)	a	229
@kiui_(dagk8254)	a	229
@kuwada_yuuki	a	229
@mashima_saki_(mashimasa)	a	229
@mero_(starfish_jcs)	a	229
@moku_(muooku)	a	229
@nejikirio	a	229
@nyakonro_(nekonro)	a	229
@ogry_ching	a	229
@pc_pc_(naruse1)	a	229
@ponpon	a	229
@r1	a	229
@redlight	a	229
@rune_xiao	a	229
@sethkiel	a	229
@takurowo	a	229
@tapisuke	a	229
@the0neulost	a	229
@tokki	a	229
@tonomiya68	a	229
@toro3	a	229
@toushi_ryoku	a	229
@unizou	a	229
@uumaru	a	229
@xyunx	a	229
@yaman_(yamanta_lov)	a	229
@yuko_(uc_yuk)	a	229
@z.m._(zimin)	a	229
@zangemiya	a	229
ace_attorney_investigations_2	s	229
anzio_(emblem)	g	229
buoy	g	229
butterfly_(love_live!)	g	229
captain_earth	s	229
character_hat	g	229
crab_on_head	g	229
female_footjob	g	229
foot_tease	g	229
fubuki_(senran_kagura)	c	229
godzilla_(2014)	s	229
gokudera_hayato	c	229
gotou_toushirou	c	229
grim_(twisted_wonderland)	c	229
guilty_gear_xrd:_revelator	s	229
hakata_toushirou	c	229
healing	g	229
helen_parr	c	229
hige_wo_soru._soshite_joshikousei_wo_hirou.	s	229
high-waist_panties	g	229
hoshino_ai	c	229
ichijou_hikaru	c	229
ilfa_(to_heart)	c	229
inazuma_japan	g	229
kamen_rider_blade	c	229
key_frame	g	229
kougami_shin'ya	c	229
kururun_(precure)	c	229
lilim_(taimanin_asagi_battle_arena)	c	229
lipstick_mark_on_stomach	g	229
long_sleeve_shirt	g	229
love_triangle	g	229
luvdia	s	229
mesu_game_~tsukamareba_soku_nakadashi!_100_hyaku_oku-en_to_chijoku_o_kaketa_survival~	g	229
miyazawa_kengo	c	229
munetani_mashiro	c	229
myaku-myaku	c	229
nanami_(punishing:_gray_raven)	c	229
nurse_dragonmaid	c	229
object_in_pocket	g	229
oura_rukako	c	229
pig_costume	g	229
plushmallow	c	229
reflect_(gawr_gura)	s	229
regalia_the_three_sacred_stars	s	229
return_of_the_mount_hua_sect	s	229
ryuu_ga_gotoku_0	s	229
sapling	g	229
sazanka_(kunoichi_tsubaki_no_mune_no_uchi)	c	229
sero_hanta	c	229
shirogane_noel_(dirndl)	c	229
sitting_on_fence	g	229
stuffed_fox	g	229
t-head_trainer_(umamusume)	c	229
tasmanian_devil_(kemono_friends)	c	229
team_aqua_grunt	c	229
transparent_innertube	g	229
ty_lee	c	229
umikaze_kai_ni_(kancolle)	c	229
usseewa	s	229
vastaya	c	229
vivy:_fluorite_eye's_song	s	229
wakazato_haruna	c	229
wendy_o._koopa	c	229
yakuzen_kusuri	c	229
yashiro_(kancolle)	c	229
yellow_leaves	g	229
yukino_memories	s	229
@aircell	a	228
@akizuki_(akizuki71)	a	228
@anza_tomo	a	228
@ao_madoushi	a	228
@aoi_tiduru	a	228
@bebatch	a	228
@chaakusu	a	228
@clouble	a	228
@controlline3	a	228
@dan_evan	a	228
@dangmill	a	228
@fukou	a	228
@fukuro_ooji	a	228
@genka_ichien	a	228
@hana20000920	a	228
@heavens_thunder_(byakuya-part2)	a	228
@hechima_koubou	a	228
@hiroikara_(smhong04)	a	228
@hoshi_usagi	a	228
@ishida_umi	a	228
@j.moon	a	228
@jacy	a	228
@jajala	a	228
@jingo	a	228
@kemonomichi_(blue_black)	a	228
@kibadori_rue	a	228
@kji_(rozo)	a	228
@koizumo	a	228
@koma_neko	a	228
@kubocha	a	228
@kuresuku_(lessons)	a	228
@makabe_gorou	a	228
@maki_keigo	a	228
@mogi_yasunobu	a	228
@muu_rian	a	228
@nakaichi_(ridil)	a	228
@namahamu_(hmhm_81)	a	228
@nypaon	a	228
@oekaki_lemon	a	228
@ookawara_kunio	a	228
@plague_of_gripes	a	228
@pltnm_ghost	a	228
@puru_(ex-150)	a	228
@rahime	a	228
@rifufu	a	228
@shirataki_kaiseki	a	228
@shirinda_fureiru	a	228
@somehira_katsu	a	228
@ssaf_seibeupail	a	228
@sumeragi_seisuke	a	228
@sunkeun	a	228
@taisa_(lovemokunae)	a	228
@tama_launcher	a	228
@tsuchikure	a	228
@yuu_(yumezakura)	a	228
2024_summer_olympics	s	228
altera_the_santa_(fate)	c	228
archeops	c	228
black_tongue	g	228
blue_angel	c	228
boxer	g	228
calamity_jane_(fate)	c	228
cape_hold	g	228
chicken_costume	g	228
cigarette_kiss	g	228
condom_hair_ornament	g	228
dive!_(love_live!)	g	228
finger_to_another's_cheek	g	228
frilled_bracelet	g	228
frog_boy	g	228
fumi_(nijisanji)	c	228
funnel	g	228
galarian_zigzagoon	c	228
hand_on_mirror	g	228
hayase_misa	c	228
holding_shoe	g	228
illustrious_(maiden_lily's_radiance)_(azur_lane)	c	228
internet_explorer	s	228
itoshi_rin	c	228
justimon	c	228
kibutsuji_muzan	c	228
kiyoh_bachika	c	228
megumi_(girls_und_panzer)	c	228
minato_mio	c	228
mirror_maiden_(genshin_impact)	c	228
mizuno_youko	c	228
moero!_justice_gakuen	s	228
monk_(fft)	c	228
new_york	g	228
nurse_(silent_hill)	c	228
otomachi_una_(talkex)	c	228
piyotan_(girls_und_panzer)	c	228
pov_cheek_warming_(meme)	g	228
riko_(mahou_girls_precure!)	c	228
rotary_cannon	g	228
sakazuki_(akainu)	c	228
satan_(puyopuyo)	c	228
senou_natsuru	c	228
shin_bible_black	s	228
snow_boots	g	228
spicy	g	228
steam_(platform)	s	228
street_fighter_x_tekken	s	228
subway_station	g	228
taiga_takeru	c	228
taut_sweater	g	228
tengoku_daimakyou	s	228
timido_cute	c	228
togami_byakuya_(danganronpa_2)	c	228
vee_(vtuber)	s	228
wander_(shadow_of_the_colossus)	c	228
wynn_(yu-gi-oh!)	c	228
zz_gundam	c	228
@alterkyon	a	227
@ashiwara_yuu	a	227
@chiyomaru_(yumichiyo0606)	a	227
@dibuctor	a	227
@fei_luo_mao	a	227
@findoworld	a	227
@furisuku	a	227
@guzangnanfeng	a	227
@hakonnbo	a	227
@haru_yu	a	227
@hemorina	a	227
@ise_(0425)	a	227
@jin_young-in	a	227
@kaedeno_yuu	a	227
@kagari_liroi	a	227
@ke-su	a	227
@kiriko_(araragikoyomi)	a	227
@kommandoh	a	227
@kurokin	a	227
@majamari	a	227
@mattari_illust	a	227
@motoi_hiroumi	a	227
@nagareboshi	a	227
@namagome_negi	a	227
@nyoripoke	a	227
@oono_tsutomu	a	227
@poko_chin	a	227
@poruserin	a	227
@rizu_(rizunm)	a	227
@samei_ikusa	a	227
@sheepd	a	227
@shinzui_(fantasysky7)	a	227
@shopyun	a	227
@somray	a	227
@tesomu	a	227
@tetto_(onnoveltet)	a	227
@tokiti	a	227
@wakaba_sprout	a	227
@yadu_nadu	a	227
@yoosai	a	227
@yumesaki_nana	a	227
@yutsumoe	a	227
anew_returner	c	227
aquiline_nose	g	227
arc_reactor	g	227
bedroll	g	227
bishie_sparkle	g	227
blonney	c	227
bloody_clothes	g	227
broken_egg	g	227
castform	c	227
cetoddle	c	227
change_in_common_sense	g	227
closed_game	s	227
clothed_bath	g	227
criminal_girls	s	227
diagonal-striped_background	g	227
diving_helmet	g	227
ex_albio	c	227
extra_teeth	g	227
female_protagonist_(houkago_play)	c	227
formidable_(timeless_classics)_(azur_lane)	c	227
gauze_over_eye	g	227
george_the_bomb	c	227
green_hair_ornament	g	227
gundam_battle_operation_2	g	227
hanazono_shizuma	c	227
hand_milking	g	227
hisanuma_sayu	c	227
kama_(weapon)	g	227
kyonyuu_onna_senshi_dogeza_saimin	s	227
leglet	g	227
leizi_(arknights)	c	227
lekismon	c	227
marototori	g	227
mikado_shiina	c	227
monk_(final_fantasy)	c	227
mosaic_pattern	g	227
musujime_awaki	c	227
near_(death_note)	c	227
neko_hakase_(cat_busters)	c	227
noguchi_ikuto	c	227
over-and-under-barreled_firearm	g	227
penguin_3-gou	c	227
pig_snout	g	227
pokomon_(digimon)	c	227
punk_hazard	g	227
ribbon_between_breasts	g	227
roboco-san_(hoodie)	c	227
royal_navy_emblem_(azur_lane)	g	227
shaula_(re:zero)	c	227
shinto	g	227
shredded_muscles	g	227
shuumatsu_nani_shitemasu_ka?	s	227
simulated_paizuri	g	227
socks_only	g	227
sofia_sakharov	c	227
staple	g	227
starscourge_radahn	c	227
tohno_ren	c	227
tokura_misaki	c	227
utatane_piko	c	227
vepley_(girls'_frontline_2)	c	227
vietnamese_clothes	g	227
youkai_watch_3	s	227
yuki_miku_(2019)	c	227
@ajidot	a	226
@akagi_asahito	a	226
@amazu_(kurozu)	a	226
@aozora_market	a	226
@atenaba	a	226
@azuma_aya	a	226
@byeon_dha	a	226
@chiachun0621	a	226
@dolce_(dolsuke)	a	226
@doxy	a	226
@fuka_(kantoku)	a	226
@g_yuusuke	a	226
@gompang_11	a	226
@gossa-tei	a	226
@hanamura_pink	a	226
@higashigure	a	226
@hohehohe	a	226
@hyouta_(yoneya)	a	226
@infraton	a	226
@iparupua	a	226
@jrpencil	a	226
@katsurai_yoshiaki	a	226
@kimagure_blue	a	226
@kinntarou	a	226
@kurokobokujo	a	226
@laco_soregashi	a	226
@mechuragi	a	226
@memeo_(candy_house)	a	226
@midori_(misuriru8)	a	226
@midori_xu	a	226
@minoa_(lastswallow)	a	226
@moorina	a	226
@naha78	a	226
@naltal	a	226
@nibosi	a	226
@opalis	a	226
@piro_(orip)	a	226
@poncho_s	a	226
@r-e-l-o-a-d	a	226
@r44	a	226
@raiden_(raiden_labo)	a	226
@red_hayao	a	226
@reia_hana	a	226
@sakkan	a	226
@santa_(sunflower)	a	226
@sekiyu_(spartan)	a	226
@shigaraki_(strobe_blue)	a	226
@sutokame	a	226
@tiler_(tiler00)	a	226
@tomboo	a	226
@umihotaru_harumare	a	226
@whistle_frog	a	226
@white_ph	a	226
@whoru	a	226
@yamada_ako	a	226
@yamikyon	a	226
@yuuki_keisuke	a	226
akizuki_kanna	c	226
anton_ivanov	c	226
aokumo_rin	c	226
atmospheric_perspective	g	226
austria_(hetalia)	c	226
bandaid_on_foot	g	226
beat_angel_escalayer	s	226
blue_reflection_(series)	s	226
caenis_(swimsuit_rider)_(fate)	c	226
chigiri_hyoma	c	226
crash	g	226
daifuku	g	226
daisy_(flower)	g	226
eiai_nano	c	226
eye_piercing	g	226
eyeshadow_under_eye	g	226
freya_(danmachi)	c	226
frieren_(cosplay)	g	226
giraffe_tail	g	226
godot_(ace_attorney)	c	226
grabbing_another's_head	g	226
hands_out_of_frame	g	226
hatake_shimeji	g	226
heart_lollipop	g	226
homare_nao	c	226
impregnation_request	g	226
in'youchuu	s	226
isla_(kof)	c	226
jinguang_budaixi	s	226
jinu_(kpop_demon_hunters)	c	226
jirou_tachi	c	226
kagome_misaki	c	226
kikkoumon	g	226
kimishima_saki	c	226
knife_in_head	g	226
kokonoe_tsubaki	c	226
koumajou_densetsu_2	s	226
lace_hairband	g	226
leva_(girls'_frontline_2)	c	226
liang_yue_(reverse:1999)	c	226
macintosh	s	226
maou_gakuin_no_futekigousha	s	226
mario_kart_8	s	226
matryoshka_doll	g	226
minami_koharu	c	226
mishiranu_joshikousei_ni_kankin_sareta_mangaka_no_hanashi	s	226
new_generations	g	226
next_time_you're_getting_this_(meme)	g	226
norn_greyrat	c	226
norway_(hetalia)	c	226
okino_tsukasa	c	226
onegai_twins	s	226
oono_kanako	c	226
ouga_saki	c	226
over_the_knee	g	226
pachira	c	226
peg_leg	g	226
pepper_shaker	g	226
planter	g	226
print_pillow	g	226
remilia_scarlet_(cosplay)	g	226
sett	g	226
shishiouin_hime	c	226
solomon_(fate)	c	226
suou_tsukasa	c	226
the_great_ace_attorney:_adventures	s	226
uryuu_minene	c	226
v_(murder_drones)	c	226
veil_lift	g	226
warhammer	g	226
warudamon	c	226
welrod_mk_ii	g	226
wonderlands_x_showtime_miku	c	226
zelda_ii:_the_adventure_of_link	s	226
zenos_yae_galvus	c	226
zhouzi_jin_(headwear)	g	226
@11kkr	a	225
@akinoji_(akiponpon27)	a	225
@apostle	a	225
@cheogtanbyeong	a	225
@comord	a	225
@d.koutya	a	225
@esan_(llamaesan)	a	225
@gram_9	a	225
@hikawayunn	a	225
@ichinose_yukino	a	225
@kanna_hisashi	a	225
@keiko_(mitakarawa)	a	225
@kiniro_tofu	a	225
@kurowan	a	225
@kuzumochi_(kuzumochiya)	a	225
@kyouno	a	225
@lavelis	a	225
@lloule	a	225
@lobsteranian	a	225
@lunalu9	a	225
@makacoon	a	225
@meiji_(meiji770)	a	225
@mikoscrub	a	225
@miy@	a	225
@mm_(yoromu)	a	225
@moeanime	a	225
@mugetsu2501	a	225
@murata_(acid-head)	a	225
@nase	a	225
@nb_teishoku	a	225
@negahami	a	225
@nigiri_(ngr24)	a	225
@noeomi	a	225
@okada_(hoooojicha)	a	225
@poriuretan	a	225
@ruishin	a	225
@rurudo	a	225
@sagamimok	a	225
@sakuama	a	225
@sausu_hitori	a	225
@shimadoriru	a	225
@shiratama_mochi	a	225
@suigi	a	225
@toxyz	a	225
@yiku1707	a	225
@yn_red	a	225
@yucblossom	a	225
@yuuyuu_(3jjbn)	a	225
@zeshgolden	a	225
action_figure	g	225
aki_mabayu	c	225
anezaki_mamori	c	225
aoi_hinata	c	225
bite_mark_on_arm	g	225
bra_over_clothes	g	225
bulges_touching	g	225
chalkboard_writing	g	225
chargeman_ken!	s	225
cheek_biting	g	225
coquelic_(path_to_nowhere)	c	225
cress_albane	c	225
crowley_(good_omens)	c	225
crystal_maiden_(series)	s	225
deltoids	g	225
domon_kasshu	c	225
dragoon	g	225
ethereal_(zenless_zone_zero)	c	225
eucliwood_hellscythe	c	225
expo2025	s	225
flick	g	225
flyable_heart	s	225
fn_fal	g	225
fn_five-seven	g	225
formaggio	c	225
fruit_basket	g	225
furuhashi_fumino	c	225
grabbing_another's_tail	g	225
hades_izanami	c	225
hagimura_suzu	c	225
harusaruhi	c	225
inubouzaki_fuu	c	225
inugami_korone_(street)	c	225
isurugi_futaba	c	225
jack_krauser	c	225
jacket_grab	g	225
kamen_rider_1	c	225
katou_keiko	c	225
kissing_animal	g	225
kotoura-san	s	225
leaf_clothing	g	225
lineage	s	225
long_foreskin	g	225
mabel_gleeful	c	225
megara_(disney)	c	225
metal_gear_solid:_peace_walker	s	225
military_dress_uniform	g	225
mirage_farina_jenius	c	225
naomi_evans	c	225
noctowl	c	225
nosuri	c	225
nyubara_reona	c	225
olm	s	225
pattadol	c	225
pinoko	c	225
quimbaya_airplane	g	225
ramon_salazar	c	225
saegusa_wakaba	c	225
sai_(naruto)	c	225
sharing	g	225
shishido_akari	c	225
shizuku_(kantoku)	c	225
shokatsuryou_koumei	c	225
snow_villiers	c	225
stg44_(girls'_frontline)	c	225
suguri_(orange_juice)	c	225
swadloon	c	225
t'au	c	225
tachikoma	c	225
tien_(granblue_fantasy)	c	225
tiktok	s	225
unworn_headgear	g	225
vista-tan	c	225
wakaba_hinata	c	225
wamdus_(granblue_fantasy)	c	225
white_glint	c	225
winter_gloves	g	225
wrapped_bento	g	225
ymir_(queen's_blade)	c	225
zaregoto_series	s	225
@andou_tomoya	a	224
@frogsnake	a	224
@fujou_joshi	a	224
@girutea	a	224
@hiiragi_tomoka	a	224
@hinaki_(hinaki_0102)	a	224
@hmax	a	224
@iesonatana	a	224
@ippongui	a	224
@iwse_zhang	a	224
@kadan_(ad1999)	a	224
@keibleh	a	224
@kenuu_(kenny)	a	224
@koutarosu	a	224
@kyano_(kyanora3141)	a	224
@leozurcxxx	a	224
@maybecrosswise	a	224
@mikao_(eanv5385)	a	224
@nozomi_fuuten	a	224
@poponko	a	224
@qyzhiaiyisheng	a	224
@ranran_3939	a	224
@rikiddo_(tise_00)	a	224
@sakutaishi	a	224
@salamander_(hop-step)	a	224
@simosi	a	224
@solokov_(okb-999)	a	224
@sumaki_shungo	a	224
@sunga2usagi	a	224
@suzugahama	a	224
@waa153	a	224
@wengwengchim	a	224
@xlyami	a	224
@yamada_rei_(rou)	a	224
@yashiro_seika	a	224
@yoshimoto_(carpsukidayo)	a	224
advent_cirno	s	224
aiba_uiha	c	224
akaza_(kimetsu_no_yaiba)	c	224
alcremie_(vanilla_cream)	c	224
aloe	c	224
aphelandra	c	224
bakura_ryou	c	224
beige_shorts	g	224
black_suspenders	g	224
blood_on_armor	g	224
callisto_(greyeth)	c	224
cassie_(theycallhimcake)	c	224
chou-10cm-hou-chan_(teruzuki's)	c	224
fata_morgana_no_yakata	s	224
foreground_text	g	224
gottsumon	c	224
hair_half_undone	g	224
hands_on_own_neck	g	224
harlequin	g	224
heart_(mad_rat_dead)	c	224
hsien-ko	c	224
inui_yuki	c	224
janine_(pokemon)	c	224
jungle_gym	g	224
kamishiro_rize	c	224
kangaskhan	c	224
lace-trimmed_kimono	g	224
lap	g	224
legendz	s	224
lucia_morgan	c	224
luluco	c	224
machine-doll_wa_kizutsukanai	s	224
mass_effect	s	224
matching_hairstyle	g	224
medicham	c	224
medicine_bottle	g	224
merrin_(fire_emblem)	c	224
minakata_hizuru	c	224
morning_glory_print	g	224
mushroom_print	g	224
natsume_takashi	c	224
pholia	c	224
platinum_(shimmering_dew)_(arknights)	c	224
pleated_pants	g	224
pouring_onto_another	g	224
rally_vincent	c	224
raqio	c	224
runescape	s	224
saint_seiya:_the_lost_canvas	s	224
side-view_mirror	g	224
single-lens_reflex_camera	g	224
solaire_of_astora	c	224
tatakau_ataisuru	s	224
tricycle	g	224
tsukine_kona	c	224
ursula_(fire_emblem)	c	224
usada_pekora_(cosplay)	g	224
wet_diaper	g	224
white_rhinoceros_(kemono_friends)	c	224
wolfmon	c	224
yamabushi_kunihiro	c	224
yatai	g	224
yuni_(nikke)	c	224
@ai_shou	a	223
@arino_hiroshi	a	223
@buta_tsuzumi	a	223
@ciloranko	a	223
@coria	a	223
@dr_graevling	a	223
@enjoy_mix	a	223
@eternity_(shadeh)	a	223
@everyday2	a	223
@futaba_suetsuki	a	223
@fuyuichi_monme	a	223
@godees	a	223
@hamico	a	223
@houhou_(black_lack)	a	223
@huhi_(huhi_1211)	a	223
@hwaryeok	a	223
@indai_(3330425)	a	223
@itini-sanshi	a	223
@iwao_(pixiv258710)	a	223
@kagura_mizuki	a	223
@kaminari_doon	a	223
@kanijiru	a	223
@koyap	a	223
@kurozako	a	223
@kuuro_kuro	a	223
@lyra-kotto	a	223
@magatsumagic	a	223
@mebaru	a	223
@midfinger	a	223
@mnejing30	a	223
@mukunokino_isshiki	a	223
@nanimonothing	a	223
@onibi_(foxhound4185)	a	223
@orico	a	223
@red_medicine	a	223
@ruchi	a	223
@sakura_(medilore)	a	223
@sanotsuki	a	223
@sawati	a	223
@saya_products	a	223
@shio_(shiofeifei)	a	223
@spark621	a	223
@stiky_finkaz	a	223
@studiolg	a	223
@substance20	a	223
@suda_(yuunagi_enikki)	a	223
@tatsukiti	a	223
@tenk	a	223
@tsukana_(saba_mizore)	a	223
@umibouzu_(niito)	a	223
@weyowang	a	223
@wonbin_lee	a	223
@yasumo_(kuusouorbital)	a	223
@yoshinari_you	a	223
@yunoru	a	223
@zelitto	a	223
abortion_mark	g	223
aihara_enju	c	223
akikawa_yayoi_(umamusume)	c	223
alolan_meowth	c	223
altar	g	223
amaama_to_inazuma	s	223
amano_soraha	c	223
amanogawa_shiina	c	223
artery_gear:_fusion	s	223
artist_progress	g	223
barbie_(character)	c	223
barioth_(armor)	g	223
brown_male_underwear	g	223
clause_(len'en)	c	223
cream_on_breasts	g	223
cure_spicy	c	223
dianna_soreil	c	223
doberman	g	223
dr._mario_(game)	s	223
dragon_quest_yuusha_abel_densetsu	s	223
east_blue	g	223
eldegoss	c	223
excited_for_sex	g	223
forget-me-not_(flower)	g	223
fukube_tamaki	c	223
gallon_(vampire)	c	223
galvantula	c	223
gingham_dress	g	223
haneoka_meimi	c	223
hercules_(1997_film)	s	223
hermione_(azur_lane)	c	223
hishida_ayame	c	223
ikeda_chizuru	c	223
impossible_towel	g	223
incredible_ecclesia_the_virtuous	c	223
intrepid_(azur_lane)	c	223
iori_shirou	c	223
kashima_(kancolle)_(cosplay)	g	223
kaya_(one_piece)	c	223
kisara_(yu-gi-oh!)	c	223
krieg_(skullgirls)	c	223
kujou_tenn	c	223
kuujou_holly	c	223
lace_dress	g	223
leila_malcal	c	223
lokulo-chan_(lokulo_no_mawashimono)	c	223
looking_inside	g	223
magical_mirai_miku_(2021)	c	223
makaino_ririmu_(5th_costume)	c	223
maruzensky_(blasting_off_summer_night)_(umamusume)	c	223
mash_kyrielight_(swimsuit_of_perpetual_summer_ver.02)	c	223
miyamura_miyako	c	223
mobile_suit_gundam_the_origin	s	223
nagato_yuki-chan_no_shoushitsu	s	223
nea_(chihuri)	g	223
nekomata_okayu_(oversized_shirt)	c	223
nevada_(kancolle)	c	223
ninja_to_koroshiya_no_futarigurashi	s	223
nyan_koi!	s	223
orphen	c	223
otonashi_meru	c	223
palace	g	223
parakeet	g	223
pedicure	g	223
pixiv_fantasia_scepter_of_zeraldia	s	223
pokestar_studios	g	223
ribbon-trimmed_socks	g	223
rolling_star	s	223
rya_(elden_ring)	c	223
saiga-12_(girls'_frontline)	c	223
sakura_dungeon	s	223
sefirot	g	223
self_cosplay	g	223
serving_dome	g	223
severed_hair	g	223
sharkry_(girls'_frontline_2)	c	223
skeledirge	c	223
slimy	g	223
smoothie	g	223
snowman_hair_ornament	g	223
solaria_(ebonyxh)	c	223
source_quote	g	223
tasmanian_devil_tail	g	223
tatl	c	223
taurus_(constellation)	g	223
tegaki_draw_and_tweet	m	223
the_ghost_and_molly_mcgee	s	223
tile_background	g	223
toxtricity_(amped)	c	223
umino_iruka	c	223
vocaloid_boxart_pose	g	223
winged_kuriboh	c	223
woollen_cap	g	223
@ajifurai	a	222
@akira_miku_ver	a	222
@altronage	a	222
@ap_cammy	a	222
@bishooji	a	222
@chiune_(yachi)	a	222
@dano	a	222
@goumudan	a	222
@gukurosawa01	a	222
@gusha_s	a	222
@haruba_negi	a	222
@hirotaka0125	a	222
@honyang	a	222
@ichijou_takakiyo	a	222
@ikeda_(cpt)	a	222
@kabutowari	a	222
@kamu_(poulro)	a	222
@kaninn	a	222
@kapuchii	a	222
@kasukabe_akira	a	222
@madyy	a	222
@mili_leona_orochi	a	222
@nekotewi	a	222
@otto	a	222
@rara_8	a	222
@red_cucumber	a	222
@rio_(rio773)	a	222
@ririn_(ririn_501)	a	222
@saiykik	a	222
@shimakaze_(soundz_of_bell)	a	222
@sukesan	a	222
@tenroy	a	222
@the-sinner	a	222
@toranosuke	a	222
@torathi	a	222
@umigarasu_madoushi_dan	a	222
@uppi	a	222
@utsunomiya_tsumire	a	222
@whooo-ya	a	222
@yanagi_marie	a	222
@yuchi_(salmon-1000)	a	222
@zerosu_(take_out)	a	222
aardwolf_ears	g	222
apple_rabbit	g	222
awestruck	g	222
buttjob_under_clothes	g	222
censored_anus	g	222
character_sticker	g	222
christmas_star	g	222
closed_jacket	g	222
cum_on_headwear	g	222
daiwa_scarlet_(scarlet_nuit_etoile)_(umamusume)	c	222
dancer_(ragnarok_online)	c	222
dots	g	222
eldar	c	222
equation	g	222
ermine	g	222
female_corrin_(fire_emblem)	c	222
feng_(skullgirls)	c	222
gris_(vertigris)	c	222
gundam_barbatos	c	222
hair_tuft	g	222
hori_kyouko	c	222
juna_crawford	c	222
juni_(street_fighter)	c	222
kawajiri_kosaku	c	222
kiyohime_(swimsuit_lancer)_(third_ascension)_(fate)	c	222
koi_to_senkyo_to_chocolate	s	222
kore_ga_watashi_no_goshujin-sama	s	222
kurosaki_honoka	c	222
liliweiss_(nikke)	c	222
littorio_(azur_lane)	c	222
madeline_(celeste)	c	222
marin_(zelda)	c	222
mascot_head	g	222
milcery	c	222
mona_lisa	s	222
multicolored_cloak	g	222
nishijou_nanami	c	222
nishinoya_yuu	c	222
pinsir	c	222
plant_on_head	g	222
poppy_playtime	s	222
red_whistle	g	222
scrafty	c	222
senri_akane	c	222
seraphina_(disgaea)	c	222
serizawa_fumino	c	222
shego	c	222
shimura_tae	c	222
shrek_(series)	s	222
slavya-chan	c	222
slit_throat	g	222
snow_white_(innocent_days)_(nikke)	c	222
sorano_aoi	c	222
star_panties	g	222
tenbou	g	222
tenshi_no_3p!	s	222
teppen	s	222
terapagos	c	222
totally_spies	s	222
triple_anal	g	222
tsukamoto_yakumo	c	222
tsuki_ga_michibiku_isekai_douchuu	s	222
tsukumo_yuki_(jujutsu_kaisen)	c	222
unworn_vest	g	222
ushiromiya_george	c	222
wilhelmina_carmel	c	222
;|	g	221
@2l_(2lsize)	a	221
@acedia	a	221
@anyan_(jooho)	a	221
@atsumi_yoshioka	a	221
@baanin	a	221
@batta_(kanzume_quality)	a	221
@deerwhisky	a	221
@fis_(t83192933)	a	221
@haruta_(806060)	a	221
@hikanyan	a	221
@hirota_fruit	a	221
@hisachan55cute	a	221
@hisame_genta	a	221
@hufy	a	221
@illumi999	a	221
@johnny_funamushi	a	221
@jyubei	a	221
@kagami_chihiro	a	221
@kaigan0211	a	221
@kangoku_kou	a	221
@kero_sweet	a	221
@kurokan_(kokkyou_oudan)	a	221
@llkapital	a	221
@m_r_b	a	221
@mayafufu	a	221
@mcdobo	a	221
@michiking	a	221
@miyasaka_naco	a	221
@mochikushi	a	221
@momdy_(talesshinja)	a	221
@okama	a	221
@omyo_(myomyomyo22)	a	221
@oyaji-sou	a	221
@poshi_(ginmokusei)	a	221
@rolua	a	221
@sabachiyo_land	a	221
@sarhce	a	221
@sb_lama	a	221
@sen'yuu_yuuji	a	221
@tama_(hiroshige_36)	a	221
@tsuji_kazuho	a	221
@tsukikusa	a	221
@turbulence	a	221
@u_(the_unko)	a	221
@uiri-na	a	221
@ye_dian_pikaqiu	a	221
@yoshida_akihiko	a	221
@youmicitrustea	a	221
@yurumawari	a	221
@zealyush	a	221
@zihacheol	a	221
akami_karubi	c	221
amane_(dream_c_club)	c	221
apple_bloom	c	221
arianna_the_labrynth_servant	c	221
ascalon_(arknights)	c	221
bakuretsu_hunters	s	221
ballet_boots	g	221
camouflage_scarf	g	221
catfish	g	221
catra	c	221
charles-henri_sanson_(fate)	c	221
conte_di_cavour_nuovo_(kancolle)	c	221
cum_in_face	g	221
dagon_(housamo)	c	221
darumaka	c	221
dining_room	g	221
doduo	c	221
dragon_riding	g	221
dress_in_mouth	g	221
elena_trafalgar	c	221
eve_(chihuri)	c	221
german_army	g	221
glowing_tail	g	221
golbez	c	221
gold_shoes	g	221
golden_retriever	g	221
goshoguruma	g	221
gotenks	c	221
half-life	s	221
harukana_receive	s	221
hasegawa_kodaka	c	221
heart-shaped_lollipop	g	221
holding_boots	g	221
horo_horo_no_mi	g	221
hunie_(series)	s	221
imadake_dabuchi_tabemi	c	221
itoshiki_rin	c	221
jyushimatsu's_girlfriend	c	221
kalim_al-asim	c	221
kamen_rider_saber_(series)	s	221
kanne_(sousou_no_frieren)	c	221
koko_hekmatyar	c	221
korekara_no_someday	g	221
kotobukiya	s	221
kuzuhamon	c	221
li_syaoran	c	221
light_brown_jacket	g	221
ling_yao	c	221
male_spitroast	g	221
maple_(nekopara)	c	221
mega_man_legends_3	s	221
morphomon	c	221
mutual_fingering	g	221
polka_dot_shorts	g	221
puritan_collar	g	221
ronova_(genshin_impact)	c	221
running_towards_viewer	g	221
ruukoto	c	221
saaya_(suisei_no_gargantia)	c	221
seaking	c	221
sega_dreamcast	g	221
seiai_gakuen_fechi_ka	s	221
seikai_no_senki	s	221
shiitake	g	221
shinei_nouzen	c	221
super_sailor_mars	c	221
suzuhara_sakura	c	221
tiffa_adill	c	221
unworn_hairclip	g	221
usa_mimi	c	221
@absolum_art	a	220
@aconitea	a	220
@alracoco	a	220
@ame_816	a	220
@araragi_ayune	a	220
@arbuz_budesh	a	220
@asami-chan	a	220
@awa_yume	a	220
@ayuman	a	220
@azukiharuta_ju	a	220
@bakutendou	a	220
@dakkalot	a	220
@daydream_(zhdkffk21)	a	220
@duckchuni	a	220
@emily_kim	a	220
@ereraero	a	220
@fly_(marguerite)	a	220
@hadaparuka	a	220
@haerge	a	220
@hatachi	a	220
@hitomin_(ksws7544)	a	220
@hyakucha	a	220
@jagaimobeniko	a	220
@jonasan	a	220
@kakiman	a	220
@katsuragi_niya	a	220
@kouta.	a	220
@kuri_(animejpholic)	a	220
@lolimate	a	220
@manyako_(mohumohu)	a	220
@memento_vivi	a	220
@meyamu	a	220
@misana	a	220
@mutomorokoshi	a	220
@nanakaku	a	220
@noumu_(pixiv)	a	220
@ootsuki_momiji	a	220
@picturd	a	220
@pretty-purin720	a	220
@senbei_(avocadochaya)	a	220
@shifumame	a	220
@shiro_wa_(shiroshironix)	a	220
@soukuu_kizuna	a	220
@suruga_kanade	a	220
@t3x	a	220
@taro_(peach_taro51)	a	220
@tsukino_wagamo	a	220
@utsurogi_akira	a	220
@vayneeeee	a	220
@vilor	a	220
@xi_yuu	a	220
@xyronii	a	220
@yoshino_ryou	a	220
@zifletts	a	220
501st_joint_fighter_wing	g	220
adagumo_no_yaorochi	c	220
airplane_wing	g	220
arm_on_thigh	g	220
baobhan_sith_(swimsuit_pretender)_(second_ascension)_(fate)	c	220
bill_cipher	c	220
biting_glove	g	220
cairngorm_(houseki_no_kuni)	c	220
canvas_texture	g	220
charle_(fairy_tail)	c	220
chou_shittou_caduceus	s	220
collar_tabs	g	220
corticarte_apa_lagranges	c	220
cum_in_nipple	g	220
darius_(league_of_legends)	c	220
devilot_de_deathsatan_ix	c	220
dipplin	c	220
extra_digits	g	220
female_slayer_(dungeon_and_fighter)	c	220
finger_cots	g	220
flamberge_(kirby)	c	220
flying_miku_(project_voltage)	c	220
francisca_(kirby)	c	220
frankenstein's_monster_(swimsuit_saber)_(first_ascension)_(fate)	c	220
gagraphic	s	220
gamou_maki	c	220
grey_blazer	g	220
grey_corset	g	220
hacka_doll_2	c	220
hilda_boreas_greyrat	c	220
hizaki_gamma	c	220
holding_kunai	g	220
hoshigaki_kisame	c	220
hoshimachi_suisei_(casual)	c	220
hyness	c	220
jedah_dohma	c	220
jin_(xenoblade)	c	220
juliet_starling	c	220
juniper_actias	c	220
koi_to_mizugi_to_taiyo_to	s	220
kurama_(naruto)	c	220
level_drain	g	220
love_wing_bell	g	220
lowered_eyelids	g	220
majin_tantei_nougami_neuro	s	220
master_spark	g	220
mega_dragonite	c	220
melusine_(swimsuit_ruler)_(first_ascension)_(fate)	c	220
mia_(world_flipper)	c	220
mikado_(blazblue)	c	220
natori_sana_(nurse)	c	220
nitta_moeka	c	220
on_scooter	g	220
ore_no_nounai_sentakushi_ga_gakuen_love-comedy_wo_zenryoku_de_jama_shiteiru	s	220
pencil_behind_ear	g	220
poipole	c	220
prairie_(mega_man)	c	220
print_vest	g	220
purple_hanfu	g	220
queen_sectonia	c	220
raffina_(puyopuyo)	c	220
raisei_no_ryu_tsukai	s	220
renton_thurston	c	220
rodan	c	220
rosalinde_(unicorn_overlord)	c	220
satou_mafuyu	c	220
sessyoin_kiara_(swimsuit_mooncancer)_(first_ascension)	c	220
setra	c	220
shockwave_(transformers)	c	220
shuten_douji_(festival_outfit)_(fate)	c	220
soccer_field	g	220
split-color_clothes	g	220
sunkern	c	220
suzumiya_haruka	c	220
sword_hilt	g	220
takenaka_hanbei	c	220
team_yell_grunt	c	220
terrence_(ff16)	c	220
tokimeki_memorial_girl's_side	s	220
v&u_entertainment	s	220
vaseraga	c	220
ventilation_shaft	g	220
yami_bakura	c	220
yellow_(among_us)	c	220
@acubi_tomaranai	a	219
@akira_(been0328)	a	219
@an2a	a	219
@anjuro_zeeku	a	219
@aora	a	219
@ash_(cat7evy)	a	219
@b-pang	a	219
@bibi02	a	219
@botamochi	a	219
@cohi27151463	a	219
@do_(4-rt)	a	219
@enelis	a	219
@exaxuxer	a	219
@fiz-rot	a	219
@fukumaaya	a	219
@gandy_(gan3e46)	a	219
@halulu	a	219
@hirohide	a	219
@homunculus_(alchemynote)	a	219
@hyoe_(hachiechi)	a	219
@inamitsu_shinji	a	219
@inuinui	a	219
@iro_(mywife_sunny)	a	219
@jivke	a	219
@junwool	a	219
@karakuri_musha	a	219
@kusada_souta	a	219
@lewlem	a	219
@liowig	a	219
@mabuchoco_m	a	219
@mazenda_(3378)	a	219
@napo	a	219
@nekoi_mie	a	219
@ostwindprojekt	a	219
@paravet	a	219
@pero	a	219
@pmchell_04	a	219
@s_(hdru2332)	a	219
@sade_abyss	a	219
@satelyte	a	219
@sato_art	a	219
@sawatari_(sado)	a	219
@shiben_(ugvu5784)	a	219
@shinjitsu	a	219
@strelka_belca	a	219
@ta_(tama20150125)	a	219
@tamahiyo	a	219
@thundergotch	a	219
@tomioka_jirou	a	219
@tomo_(tmtm_mf_mf)	a	219
@tsuuhan	a	219
@watanabe_tomari	a	219
@wei_(promise_0820)	a	219
@xelvy	a	219
@xichii	a	219
@xkit	a	219
@yamasuta	a	219
@yuuji_overall	a	219
aisha_greyrat	c	219
assisted_paizuri	g	219
atom_(tetsuwan_atom)	c	219
bent_back	g	219
blonde_dog_girl_(ri-net)	c	219
blue_arm_warmers	g	219
britomart_(fate)	c	219
cecile_croomy	c	219
chest_hair_peek	g	219
clare_(claymore)	c	219
competition	g	219
dom	c	219
eurasian_tree_sparrow	g	219
felicia_(taimanin_kurenai)	c	219
fir_tree	g	219
groza_(girls'_frontline_2)	c	219
haruka_(new_year)_(blue_archive)	c	219
heart_tail_duo	g	219
hime-sama_"goumon"_no_jikan_desu	s	219
hiyori_sou	c	219
kamen_rider_hibiki_(series)	s	219
kaneko_lumi	c	219
kasuga	c	219
kirby's_dream_land_3	s	219
kissing_shoulder	g	219
kokoro_connect	s	219
koseki_bijou_(casual)	c	219
kreide_(arknights)	c	219
lavolpe_(yagisaka_seto)	c	219
light_cruiser_oni	c	219
martini	g	219
mishima_heihachi	c	219
mole_on_back	g	219
mutsu_kai_ni_(kancolle)	c	219
nchans_style	s	219
noel_(tsukihime)	c	219
orange_sports_bra	g	219
present_mic	c	219
princess_hilda	c	219
print_haori	g	219
raidy	c	219
red_slingshot_swimsuit	g	219
rem_galleu	c	219
rowing	g	219
saiga_(company)	s	219
sankarea	s	219
saotome_noa	c	219
sarutobi_ayame	c	219
sexy_no_jutsu	g	219
shiguma_rika	c	219
shinko_windy_(umamusume)	c	219
shishigami_bang	c	219
shizuru_viola	c	219
skull-shaped_hat	g	219
sue_(grandia)	c	219
suzuhara_misaki	c	219
tachibana_jun'ichi	c	219
tales_of_the_tempest	s	219
tenkuu_no_escaflowne	s	219
teto_(nausicaa)	c	219
the_baddest_evelynn	c	219
triangle_halo	g	219
usuzumi_hatsumi	c	219
wallace_(digimon)	c	219
warming_hands	g	219
warupeach	c	219
y_shaped_butt_crack	g	219
yaezawa_natori	c	219
zapstring_(wuthering_waves)	g	219
@286c	a	218
@agekichi_(heart_shape)	a	218
@aojiru	a	218
@bludwing	a	218
@bonkara_(sokuseki_maou)	a	218
@bowieknife	a	218
@danna	a	218
@dio_nand	a	218
@dopamine70	a	218
@endori	a	218
@etchimune	a	218
@fried_bocky	a	218
@fukusuke_hachi-gou	a	218
@furukawa_wanosuke	a	218
@gedou_(ge_ge_gedou)	a	218
@gegegekman	a	218
@hayate_(leaf98k)	a	218
@haze	a	218
@hitode	a	218
@houji_tea_latte	a	218
@hyyun_ho	a	218
@james_turner	a	218
@kaminokefusa	a	218
@kana616	a	218
@kim_hyung_tae	a	218
@kokekokko_coma	a	218
@kurihara_sakura	a	218
@minahamu	a	218
@minarai_shachou	a	218
@misha_(ohds101)	a	218
@mizikayo	a	218
@mocchisake	a	218
@monosenbei	a	218
@nagy	a	218
@nishiki_areku	a	218
@nobusawa_osamu	a	218
@ogura_eisuke	a	218
@oiun	a	218
@opi	a	218
@parkgee	a	218
@pei_iriya	a	218
@radiostarkiller	a	218
@roaru_(gyuren)	a	218
@roxxxan	a	218
@ryou_sakai	a	218
@ryu_genshin77	a	218
@ryuki@maguro-ex	a	218
@sasachin_(k+w)	a	218
@serizawa_mutsuki	a	218
@shimejix	a	218
@shunsei_(muratou)	a	218
@shuucream_(syuichi)	a	218
@switch01	a	218
@tamerai_zero	a	218
@team_tango	a	218
@tianzhong_zhongtian	a	218
@torajimaneko	a	218
@ume_(pickled_plum)	a	218
@waffuum	a	218
@warabino_matsuri	a	218
@yoshikawa_hideaki	a	218
@yuzu-aki	a	218
@zakozako_y	a	218
@zaso	a	218
aqua_shoes	g	218
argyle_sweater_vest	g	218
arisugawa_otome	c	218
aron	c	218
aru_(new_year)_(blue_archive)	c	218
august_von_parseval_(the_conquered_unhulde)_(azur_lane)	c	218
brigid_(fire_emblem)	c	218
cai_lin_(doupo_cangqiong)	c	218
cantaloupe	g	218
capcom_vs_snk_2	s	218
chinatsu_(hot_spring)_(blue_archive)	c	218
chireiden	g	218
classic_fly_briefs	g	218
cramorant	c	218
crusader_(ragnarok_online)	c	218
cure_custard	c	218
dartboard	g	218
donkey	g	218
duchess_(elden_ring)	c	218
elizabeth_f._beurling	c	218
elysion	s	218
fennel_(pokemon)	c	218
firelight_ekko	c	218
flaming_head	g	218
flyer	g	218
foot_wraps	g	218
futaba_riho	c	218
giacomo_(pokemon)	c	218
grabber_tool	g	218
indigo_(arknights)	c	218
inflatable_flamingo	g	218
inukai_isuke	c	218
jigen_(cookie)	c	218
joker_(cookie)	c	218
junk_gaming_maiden	s	218
kagura_mikazuchi	c	218
kaida_haru	c	218
kuroe_(madoka_magica)	c	218
lucie_(millie_parfait)	c	218
magadori_kyoshika	c	218
manectric	c	218
mars_(planet)	g	218
mary_jane_watson	c	218
matsubara_yuuna	c	218
multiple_dogs	g	218
murasaki_shikibu_(swimsuit_rider)_(first_ascension)_(fate)	c	218
nanashi_mumei_(casual)	c	218
neon_genesis_evangelion_(manga)	s	218
pardofelis	c	218
persona_eyes	g	218
pish	c	218
pistol_cartridge	g	218
qbz-95	g	218
quaquaval	c	218
quna_(pso2)	c	218
rhythm_tengoku	s	218
ribbon_baton	g	218
sarugaki_hiyori	c	218
searching	g	218
serio_(to_heart)	c	218
shuten_douji_(fate)_(cosplay)	g	218
sofia_valmer	c	218
source_quote_parody	g	218
strawberry_blossoms	g	218
surcouf_(azur_lane)	c	218
tarot_card	g	218
tokyo_ravens	s	218
umamusume:_road_to_the_top	s	218
usami_mizuki	c	218
voisona	s	218
waltz_(dance)	g	218
wild_and_horned_hermit	s	218
wing_cape	g	218
writing_on_wall	g	218
yellow_scales	g	218
yui_(sao-alo)	c	218
yuusha_no_kuse_ni_namaiki_da	s	218
@byourou	a	217
@chibikki	a	217
@chien_zero	a	217
@creamyghost	a	217
@d_omm	a	217
@danboru_(jdanboru1182)	a	217
@das_(dan_dan)	a	217
@gan2	a	217
@gloss	a	217
@hakutocake	a	217
@hoshizaki_reita	a	217
@hsuliherng	a	217
@hujikok	a	217
@kakitama	a	217
@karosu_maker	a	217
@katsudansou	a	217
@kuroganeruto	a	217
@matokechi	a	217
@matsubara_hidenori	a	217
@mizumori_keiichi	a	217
@mushroom_(osh320)	a	217
@ninamo	a	217
@nishiki_kazue	a	217
@nishiumi_yuuta	a	217
@nohhun	a	217
@nuno_(pppompon)	a	217
@nyagakiya	a	217
@shiguko	a	217
@ta152_(graf_zeppelin)	a	217
@tanuki_yousuke	a	217
@tomatolover16	a	217
@udonko072	a	217
@ui_(fuugetsuin)	a	217
@yamakawa	a	217
@zattape	a	217
@zhazhapao	a	217
a_certain_high_school_uniform	g	217
akechi_kokoro	c	217
archer_(pokemon)	c	217
backrooms_(creepypasta)	s	217
bakemon	c	217
bianca_(pokemon_heroes)	c	217
blonde_streaks	g	217
breast_curtain_lift	g	217
broken_bottle	g	217
bunny_black	s	217
canadian_flag	g	217
cicada	g	217
clown_mask	g	217
corrector_yui	s	217
diana_(league_of_legends)	c	217
dirty_hands	g	217
dripping_eye	g	217
electro_cicin_mage_(genshin_impact)	c	217
ericht_samaya	c	217
frilled_cape	g	217
garen_(league_of_legends)	c	217
gorou_(darling_in_the_franxx)	c	217
h&k_g3	g	217
hamster_girl	g	217
hanazuki_(azur_lane)	c	217
handa_shin'ichi	c	217
harmonica	g	217
hyakuya_yuuichirou	c	217
hypnosis_app	g	217
iseya_shiki	c	217
juuni_taisen	s	217
kikai_sentai_zenkaiger	s	217
kirishima_kai_ni_(kancolle)	c	217
kokeshi	g	217
konomori_kanon	c	217
kuga_yuuma	c	217
kuroki_rei	c	217
mankanshoku_sukuyo	c	217
mario_&_sonic_at_the_olympic_games	s	217
matsuno_chifuyu	c	217
melon-chan	c	217
minecraft_pickaxe	g	217
misaki_(swimsuit)_(blue_archive)	c	217
miyake_shinobu	c	217
mizuna_girls'_academy_school_uniform	g	217
monster_high	s	217
monster_hunter_x	s	217
mori_nagayoshi_(fate)	c	217
mouse_hat	g	217
nancy_lee	c	217
nemesis_(girls'_frontline_2)	c	217
punimon	c	217
resident_evil_-_code:_veronica	s	217
rey_(star_wars)	c	217
riding_machine	g	217
sakuya_(sister_princess)	c	217
samurai_jack	s	217
scarlett_(unicorn_overlord)	c	217
seong_mi-na	c	217
seyren_windsor	c	217
single_leg_bodysuit	g	217
the_beginning_after_the_end	s	217
tying_footwear	g	217
umapyoi_densetsu	g	217
urotsukidouji	s	217
vanilla_ice	c	217
whismur	c	217
xxl_woofia	g	217
yakumo_yukari_(cosplay)	g	217
yellow_happi	g	217
z_flag	g	217
@acchii_(akina)	a	216
@aki_(sangetusei)	a	216
@asaborakenoke	a	216
@azumi_akitake	a	216
@blastbeat	a	216
@chuppa_(katotsuba)	a	216
@codeorange162	a	216
@coffee_cat	a	216
@cogecha	a	216
@d-floe	a	216
@dalc_rose	a	216
@error1980	a	216
@gigobyte350	a	216
@hrd	a	216
@ikada_kai	a	216
@ishiyuki	a	216
@kakao_rantan	a	216
@kamiya_yuu	a	216
@kaneko_hiraku	a	216
@kannagi_kaname	a	216
@kasasagi_(futagodori888)	a	216
@katari	a	216
@kemigawa_mondo	a	216
@kona_ming	a	216
@larribee	a	216
@lkari_shi	a	216
@maeya_susumu	a	216
@maosame	a	216
@matsukura_nemu	a	216
@max_melon	a	216
@mbr90munouk	a	216
@moru_(monaka)	a	216
@noukatu	a	216
@polki	a	216
@pon_(ponidrop)	a	216
@ringobatake	a	216
@rirakukan	a	216
@senbei_(senbe_i)	a	216
@shigemiya_kyouhei	a	216
@shin_(shin_k009)	a	216
@shoukaki_(earthean)	a	216
@sy4	a	216
@tanuma_yuuichirou	a	216
@tao	a	216
@yaco_(nuitnotte)	a	216
@youmou_usagi	a	216
@yunweishukuang	a	216
@zinfyu	a	216
@zorzero	a	216
1-up_mushroom	g	216
alstroemeria_(idolmaster)	g	216
argyle_skirt	g	216
avengers:_infinity_war	s	216
bakuten_shoot_beyblade	s	216
blue_lightsaber	g	216
breast_contest	g	216
chesnaught	c	216
chibi_on_shoulder	g	216
codename:_kids_next_door	s	216
combee	c	216
daida	c	216
denim_vest	g	216
dusty_(gravity_daze)	c	216
epona	c	216
flower_ring	g	216
for_sale	g	216
garnet_mclane	c	216
gas_can	g	216
giant_tree	g	216
grabbing_sheets	g	216
hamster_costume	g	216
hand_in_another's_mouth	g	216
haou_taikei_ryuu_knight	s	216
haru_(beastars)	c	216
herissmon	c	216
holding_snowman	g	216
hoshino_ichika_(collar_x_malice)	c	216
isaac_foster	c	216
isuzu_ren	c	216
kagari_ayaka	c	216
kamen_rider_geats	c	216
kiyohime_(third_ascension)_(fate)	c	216
koborii_(amaburi)	c	216
kurosaki_isshin	c	216
lace-trimmed_veil	g	216
lolibaba	g	216
lunch_(good)_(dragon_ball)	c	216
marching_band_baton	g	216
mouthful	g	216
nakai_hisao	c	216
naked_cardigan	g	216
onii-chan_daisuki!	s	216
paper_mario_64	s	216
poporon_(jashin-chan_dropkick)	c	216
princess_tutu_(character)	c	216
print_scrunchie	g	216
puss_in_boots:_the_last_wish	s	216
rapunzel	s	216
sakasaki_natsume	c	216
sidetail_miku_noodle_stopper_(meme)	g	216
soil	g	216
solar_eclipse	g	216
supokon!_sports_wear_complex	s	216
teenage_boy_and_younger_girl	g	216
thong_one-piece_swimsuit	g	216
threat	g	216
tic-tac-toe	g	216
togame	c	216
unlight	s	216
venonat	c	216
venus_blood	s	216
wooden_pencil	g	216
x-antibody	g	216
yonezawa_natsumi	c	216
yu-gi-oh!_tag_force	s	216
zako_(vocaloid)	s	216
zelgadiss_graywords	c	216
zero_(ff14)	c	216
@00kashian00	a	215
@4suke	a	215
@82jhin	a	215
@arpeggio_kaga	a	215
@azuuru_(azure0608)	a	215
@bien_(djpwjd1)	a	215
@deko_morii	a	215
@domo_(domo_kizusuki)	a	215
@euyueuy	a	215
@freedom_nakai	a	215
@harenchi	a	215
@hebitsukai	a	215
@herio	a	215
@hershuar	a	215
@higashigunkan	a	215
@hutaba	a	215
@hydrant_(kasozama)	a	215
@iceringer	a	215
@ichigai_(hayawossan)	a	215
@isako_rokurou	a	215
@iwawa	a	215
@izumi_(stardustalone)	a	215
@jiusan_naitang	a	215
@joko_jmc	a	215
@k-rha's	a	215
@kagerofu	a	215
@kamii_momoru	a	215
@kokonoka	a	215
@kujou_danbo	a	215
@leeoekaki	a	215
@mangamaster	a	215
@manzai_sugar	a	215
@masayu	a	215
@mihifu	a	215
@mikakami1e	a	215
@mityubi	a	215
@miyasaka_miyu	a	215
@miyata_sou	a	215
@moursho	a	215
@okamoto_fujio	a	215
@okuto	a	215
@pen_(pen3)	a	215
@pnpk_1013	a	215
@ranyu	a	215
@rikuwo	a	215
@saberiii	a	215
@sevi_(seviyummy)	a	215
@shiba_(zudha)	a	215
@shimotsuki_shio	a	215
@sugi	a	215
@yukiguni_yuu	a	215
@yuuki_maya	a	215
@yuuriko	a	215
ai_the_somnium_files	s	215
back_cover	g	215
belt_bow	g	215
blooper_(mario)	c	215
body_jewelry	g	215
brushing	g	215
cacnea	c	215
carbuncle_(final_fantasy)	c	215
celesteela	c	215
chapter_number	g	215
chariot_du_nord	c	215
epiphyllum	g	215
fengtian_(artist)	g	215
flat_sign	g	215
fuck-me_shirt	g	215
godzilla_x_kong:_the_new_empire	s	215
graph	g	215
hagurumon	c	215
hanayamata	s	215
haru_(no,_thank_you_!!!)	c	215
harusaki_nodoka	c	215
hitomi_sensei_no_hokenshitsu	s	215
hololive_china	s	215
homework	g	215
honda_futayo	c	215
ike_eveland_(1st_costume)	c	215
jellicent	c	215
kaitou_jeanne	c	215
kimi_no_kokoro_wa_kagayaiteru_kai?	g	215
kindaichi_shounen_no_jikenbo	s	215
klein_(sao)	c	215
koikatsu	s	215
kuraki_suzuna	c	215
kyoukai_no_rinne	s	215
langley_(kancolle)	c	215
larvesta	c	215
leather_suit	g	215
lillia_greyrat	c	215
looking_at_reflection	g	215
louhi_(fate)	c	215
luna_(shadowverse)	c	215
luo_binghe	c	215
martha_(swimsuit_ruler)_(third_ascension)_(fate)	c	215
mashu_(control)	c	215
meninas_mcallon	c	215
mexican_clothes	g	215
minecraft_sword	g	215
miyoushe_watermark	g	215
narwhal_(kemono_friends)	c	215
news	g	215
on_tree	g	215
pisces_aphrodite	c	215
pixiv_red	c	215
ran_(urusei_yatsura)	c	215
rin_(yu-gi-oh!)	c	215
saya_(twrlare)	c	215
shibuya_(tokyo)	g	215
shooting_star_hair_ornament	g	215
silence_suzuka_(emerald_on_the_waves)_(umamusume)	c	215
sinistcha	c	215
steaming_food	g	215
stellula_eques	s	215
strike_witches_1991	s	215
suride_miku	c	215
takamine_midori	c	215
tokyo_tenma_devil_prison	s	215
tomica_hyper_rescue_drive_head:_kidou_kyuukyuu_keisatsu	s	215
too_many_belts	g	215
triangle_(instrument)	g	215
vaan	c	215
vertical_foregrip	g	215
webtoon	s	215
yuinshiel_asteria	c	215
@akasaka_yuzu	a	214
@akimoto_dai	a	214
@apollo_(hu_maple)	a	214
@asterozoa	a	214
@eywy4324	a	214
@ezaki_bisuko	a	214
@freely2327	a	214
@fuyouchu	a	214
@gengetsu_chihiro	a	214
@hakuishi_aoi	a	214
@himeliofon	a	214
@hone_kawa	a	214
@jujeop	a	214
@kabayaki_(kabayaki_eel)	a	214
@kakuzatou_(satousatotototo)	a	214
@kalmahul	a	214
@kangetsu_(fhalei)	a	214
@kishi_nisen	a	214
@kumasteam	a	214
@lewdsaiga	a	214
@maruko_tooto	a	214
@mashimashi	a	214
@minami_saan	a	214
@natsuki_(ukiwakudasai)	a	214
@naze	a	214
@nemui333	a	214
@niku_(hamuchang)	a	214
@niku-name	a	214
@nokishita_kumoemon	a	214
@note_nii	a	214
@omiza_somi	a	214
@orika_nekoi	a	214
@orz_(kagewaka)	a	214
@ozzingo	a	214
@rekka	a	214
@roido_(taniko-t-1218)	a	214
@savan	a	214
@sesena_yau	a	214
@sho_(runatic_moon)	a	214
@smith_(ardp13)	a	214
@smjim1986	a	214
@takatsuki_p	a	214
@theironmountain	a	214
@udon_(udonalium)	a	214
@x&x&x	a	214
@yanmarson	a	214
@yon_(letter)	a	214
@yonesdraws	a	214
@yu-ri	a	214
adagaki_aki	c	214
apple_core	g	214
balloon_animal	g	214
black_school_swimsuit	g	214
brown_leggings	g	214
buddha	c	214
captain_mizuki	c	214
chou-10cm-hou-chan_(hatsuzuki's)	c	214
class_of_09	s	214
comiket_99	s	214
disco_elysium	s	214
dromarch_(xenoblade)	c	214
excessive_nosebleed	g	214
great_pyrenees	g	214
hachiroku_(maitetsu)	c	214
hathaway_noa	c	214
inukai_komugi_(dog)	c	214
jodhpurs	g	214
kiki_(majo_no_takkyuubin)_(cosplay)	g	214
kin'iro_loveriche	s	214
kouhai-chan_(douki-chan)	c	214
koyanskaya_(assassin)_(second_ascension)_(fate)	c	214
krabby	c	214
laphicet_(tales)	c	214
lesbian_flag	g	214
li_sui_(tentacles)	c	214
lunatic_(tiger_&_bunny)	c	214
mai_(future)_(dragon_ball)	c	214
mashiro_tomoya	c	214
master_(vocaloid)	c	214
master_dojo_uniform	g	214
mephistopheles_(fate)	c	214
mid-autumn_festival	g	214
misha_(honkai:_star_rail)	c	214
misplaced_genitals	g	214
morizono_mei	c	214
nakamori_aoko	c	214
narutaru	s	214
navel_focus	g	214
nyopu	c	214
okonomiyaki	g	214
on_flower	g	214
otabek_altin	c	214
pigtail_braids	g	214
pretzel_bikini	g	214
priite_hari_(torriet)	c	214
registeel	c	214
robotech	s	214
ryou-ouki	c	214
sakayanagi_arisu	c	214
scarlet_weather_rhapsody	s	214
scout_(tf2)	c	214
shimura_nana	c	214
snowboarding	g	214
sonic_x	s	214
spinarak	c	214
straw_hats_jolly_roger	g	214
stuffed_dragon	g	214
tank_(container)	g	214
tatsuta_kai_ni_(kancolle)	c	214
the_king_of_fighters_2001	s	214
triangle_(company)	s	214
tsuchinoko	g	214
vallure	s	214
vritra_(fate)	c	214
wanda_(one_piece)	c	214
wild_arms_xf	s	214
yawata_maru_(kancolle)	c	214
zakuro_(rariatto)	c	214
@aori_sora	a	213
@bolos	a	213
@casytay	a	213
@cheri_zao	a	213
@chikinkun	a	213
@cpu_(hexivision)	a	213
@futami_yayoi	a	213
@garukichi	a	213
@gloomyowl	a	213
@gogoco	a	213
@gu_li	a	213
@haarmades	a	213
@hayakawa_pao	a	213
@huang_lia	a	213
@huxiao_(mistlakefront)	a	213
@ichimi_renge	a	213
@inayama	a	213
@izumi_nekotsuki	a	213
@kai-o	a	213
@kasu_(kasunohikari)	a	213
@katou_techu	a	213
@ken_buntei	a	213
@kibushi	a	213
@kupala	a	213
@lucidsky	a	213
@mayo_(user_evax7887)	a	213
@mikoto_(oi_plus)	a	213
@mimi_(mimi_puru)	a	213
@misooden	a	213
@mk	a	213
@mokoiscat	a	213
@namakuby	a	213
@nekomugiharu	a	213
@neyuki_rei	a	213
@niniidawns	a	213
@ohako	a	213
@pageratta	a	213
@personality_(artist)	a	213
@picpicgram	a	213
@prab	a	213
@q_(oshikuraq)	a	213
@ridy_(ri_sui)	a	213
@riffraffhellyea	a	213
@satchely	a	213
@shokushi_yuu	a	213
@suwakana	a	213
@touon	a	213
@unname	a	213
@uu-tan_(hushigi10)	a	213
@yaa-kun	a	213
@yu-ves	a	213
@yukin_(es)	a	213
@yuniiho	a	213
@zizi_(zz22)	a	213
a-soul	s	213
akatsuki_blitzkampf	s	213
apron_pull	g	213
ashe_(overwatch)	c	213
bolt-action_rifle	g	213
bulge_lift	g	213
bullet_casing	g	213
cardigan_lift	g	213
cd_player	g	213
charon_(project_moon)	c	213
coquelicot_(sakura_taisen)	c	213
eremes_guile	c	213
fanta	s	213
final_fantasy_unlimited	s	213
geese_howard	c	213
h&k_psg1	g	213
hattrem	c	213
helena_blavatsky_(third_ascension)_(fate)	c	213
hiragi_makoto	c	213
holding_cellphone	g	213
holding_mistletoe	g	213
holding_tanzaku	g	213
homeless	g	213
horn_piercing	g	213
hoso-inu	c	213
idolmaster_side-m_live_on_stage!	s	213
internal_view	g	213
it_(stephen_king)	s	213
jubei_(blazblue)	c	213
kawakami_momoyo	c	213
kayari_buta	g	213
komachi_panko	c	213
kuwabara_kazuma	c	213
lampion	g	213
lanxi_zhen	s	213
larva	g	213
light_hello_(umamusume)	c	213
mahou_shoujo_madoka_magica_plus	s	213
media_player_interface	g	213
medium_machine_gun	g	213
mifune_fumiko	c	213
nakagawa_kanon	c	213
natsusora_wakana	c	213
nico_olvia	c	213
oogami_marina	c	213
orange_pajamas	g	213
pendant_collar	g	213
peridot_(steven_universe)	c	213
pizza_tower	s	213
purple_shrug	g	213
quackity_smp	s	213
rosemi_lovelock_(1st_costume)	c	213
segawa_izumi	c	213
sen_no_kiseki_i	s	213
september	g	213
shimamura_joe	c	213
sister_scheme_2	s	213
stella_hoshii	c	213
stuffed_wolf	g	213
the_great_ace_attorney_2:_resolve	s	213
tickling_armpits	g	213
todd_ingram	c	213
toki_kureha	c	213
transgender	g	213
turo_(pokemon)	c	213
ushi_gozen_(fate)	c	213
ushio_to_tora	s	213
walkure_(macross_delta)	c	213
wiglett	c	213
witch's_heart	s	213
yakumo_ran_(fox)	c	213
yamada_maya_(infinite_stratos)	c	213
yellow_serafuku	g	213
yuuki_terumi	c	213
@04sora40	a	212
@4138	a	212
@aiko_(kanl)	a	212
@alcione_makoto	a	212
@arceonn	a	212
@artina	a	212
@birobon	a	212
@biya_(1024)	a	212
@ditienan_ddn	a	212
@dura	a	212
@fay_(fay_axl)	a	212
@franktonius	a	212
@hebino_rai	a	212
@hoshihuri	a	212
@huei_nazuki	a	212
@hyonee	a	212
@jfjf	a	212
@kandata_nijou	a	212
@kanju	a	212
@kemoribon	a	212
@kinako_(marubotan)	a	212
@koucha_indian	a	212
@kumarang	a	212
@kuroda_bb	a	212
@migakeba_hikaru	a	212
@mild_(trmsasasa)	a	212
@mimura_zaja	a	212
@mozu_(peth)	a	212
@nakajima_konta	a	212
@nanao_futaba	a	212
@o_(crazyoton46)	a	212
@rain_lan	a	212
@sakurea	a	212
@sakuya_(liao_kj)	a	212
@shigureru	a	212
@shiramori_yuse	a	212
@shunsuke	a	212
@sunya_(honorin-yuunibo)	a	212
@sushoyushi	a	212
@suzuki24	a	212
@takapiko	a	212
@taku1122	a	212
@torino_sasami	a	212
@toruneko	a	212
@tsuchibayashi_makoto	a	212
@tsuchimiya	a	212
@ura_tomomi	a	212
@uru_(uru0000)	a	212
@yamada_masaki	a	212
@yasuoextuuuuuu	a	212
@yonema	a	212
2011_sendai_earthquake_and_tsunami	g	212
ability_card_(touhou)	g	212
ange_katrina_(5th_costume)	c	212
angelica_rapha_redgrave	c	212
aoi_yuta	c	212
asukagawa_chise	c	212
bousouzoku	g	212
brown_rose	g	212
carmilla_(swimsuit_rider)_(fate)	c	212
caron_(rall)	c	212
cecilia_flower_(genshin_impact)	g	212
christmas_tree_costume	g	212
classic_lolita	g	212
commandant_(punishing:_gray_raven)	c	212
eternity_sword_series	s	212
fall_guy	c	212
february	g	212
geronimo_(fate)	c	212
gloom_(pokemon)	c	212
golf_ball	g	212
green_innertube	g	212
gundam_side_story:_the_blue_destiny	s	212
hanamiya_nina	c	212
happosai	c	212
heian	g	212
hobby_japan	s	212
holding_hairband	g	212
hooded_kimono	g	212
horns_through_hood	g	212
hoshizora_no_memoria	s	212
iced_tea	g	212
joey_jones	c	212
karui_(naruto)	c	212
kazuki_mai	c	212
kira_kira	s	212
kisaki_(blue_archive)_(cosplay)	g	212
knight_(yu-gi-oh!)	c	212
knit_sweater	g	212
konno_makoto	c	212
lanchester_smg	g	212
lantern_on_liquid	g	212
left-hand_drive	g	212
magical_mirai_miku_(2018)	c	212
manyuu_chifusa	c	212
megurine_luka_(toeto)	c	212
misawa_maho	c	212
moe2019	g	212
mole_on_forehead	g	212
multiple_moons	g	212
nezumi_(no.6)	c	212
ninomae_ina'nis_(new_year)	c	212
oda_nanami	c	212
protagonist_(tokimemo_gs3)	c	212
queen_of_hearts_(playing_card)	g	212
reiji_(gundam_bf)	c	212
rem_(re:zero)_(cosplay)	g	212
ribbed_tank_top	g	212
richelieu_(fleuron_of_the_waves)_(azur_lane)	c	212
saigyouji_yuyuko_(living)	c	212
shachibato	s	212
shiramine_rika	c	212
sonken_chuubou	c	212
sp//dr	c	212
spreading_own_ass	g	212
suzumiya_haruhi-chan_no_yuuutsu	s	212
teardrop_earring	g	212
test_tube_rack	g	212
triple_scoop	g	212
tympole	c	212
ufo_robo_grendizer	s	212
unison_(nanoha)	g	212
utsugi_rangiri	c	212
water_wheel	g	212
wavy_eyebrows	g	212
yanma	c	212
yuuki_nao	c	212
@4st_injection	a	211
@acerbi	a	211
@akagi_shun	a	211
@amano_kozue	a	211
@ame_(metorui)	a	211
@an_sin	a	211
@cui_(jidanhaidaitang)	a	211
@d.k	a	211
@daeho_cha	a	211
@ebira	a	211
@franz_(217franz)	a	211
@gino_(gino_h)	a	211
@gotou_nao	a	211
@hakoiri_nyanko	a	211
@haniwa	a	211
@haruka_(rsyaooooo)	a	211
@hasumi_(hasubatake39)	a	211
@hataraki_kuma	a	211
@honda_tamanosuke	a	211
@ijima_yuu	a	211
@inkey	a	211
@inu-g	a	211
@ishikura_syouji	a	211
@jiz_(pffbq)	a	211
@ka-9	a	211
@kanekan	a	211
@kanora	a	211
@kokura_masashi	a	211
@kurokawa_makoto	a	211
@lackatask	a	211
@lichiko	a	211
@mamei_mema	a	211
@mato_tsuyoi	a	211
@mayuri_kaichou	a	211
@meekohopanes	a	211
@mizuki_hitoshi	a	211
@mojacookie	a	211
@moose_(moosemitchell2)	a	211
@mou_tama_maru	a	211
@nanohana_kohina	a	211
@nao_suke	a	211
@niyane	a	211
@ohako_(ohako1818)	a	211
@pekopokox	a	211
@retri	a	211
@royalwatts	a	211
@ryuuta_(cure_ryuuta)	a	211
@shibuya_(kurokamishain)	a	211
@shijima_(sjmr02)	a	211
@ska.harumi	a	211
@skade	a	211
@south_ac	a	211
@tomusooya	a	211
@tora_tooru	a	211
@tostos	a	211
@tsukasa_(tukasa_br)	a	211
@tsunbeji	a	211
@tsuzuri_(tu-san_house)	a	211
@ugif	a	211
@uni_(melm)	a	211
@uro	a	211
@vioka	a	211
@vivinos	a	211
@yinzinmiemie	a	211
@yomoyama_yotabanashi	a	211
@yuiofire	a	211
@yukishiro_arte	a	211
@yuzu_gin_(pika97)	a	211
@yuzuki_kei	a	211
@zoryc	a	211
alternate_body_hair	g	211
amano_megumi	c	211
anne_of_green_gables	s	211
arnval	c	211
barred_window	g	211
battleship_water_oni	c	211
black_ears	g	211
cia_(hyrule_warriors)	c	211
core_drill	g	211
dankira!!!	s	211
duolingo	s	211
elfen_king	s	211
f&c	s	211
fake_hair_bun	g	211
famas	g	211
frisbee	g	211
futabu	s	211
german_shepherd	g	211
hachisuka_kotetsu	c	211
head_tattoo	g	211
hiita_(yu-gi-oh!)	c	211
hisuian_decidueye	c	211
hitmontop	c	211
holding_cotton_candy	g	211
hoshimachi_suisei_(maid)	c	211
hoto_cocoa's_school_uniform	g	211
iosys	s	211
jesus	c	211
kimeemaru	c	211
komako_semenovich	c	211
korsica_(hi-fi_rush)	c	211
kushizaki_(vtuber)	c	211
legskin	g	211
leon_the_professional	s	211
mamiya_marie	c	211
mamonomusume_to_no_seikatsu	s	211
masaoka_mai	c	211
mashiro_meme	c	211
mega_milk	g	211
mobile_armor	g	211
momosuzu_nene_(1st_costume)	c	211
mont_blanc_(food)	g	211
motto!_haramase!_honoo_no_oppai_chou_ero_appli_gakuen!	s	211
mp5_(girls'_frontline)	c	211
multicolored_swim_trunks	g	211
mushi_sezaru_wo_enu_machi...!	s	211
musume_(yuunama)	c	211
nasu_no_yoichi	c	211
ninian_(fire_emblem)	c	211
nukumizu_kazuhiko	c	211
ogiue_chika	c	211
oinomori_may	c	211
phainon_(khaslana)_(honkai:_star_rail)	c	211
pig_boy	g	211
porygon2	c	211
quan_zhi_gao_shou	s	211
rajang	c	211
red_swim_briefs	g	211
red_velvet_(group)	s	211
regensburg_(azur_lane)	c	211
reverse_prayer	g	211
ri-class_heavy_cruiser	c	211
rita_rossweisse_(fallen_rosemary)	c	211
saintgalgomon	c	211
saratoga_(warship_girls_r)	c	211
seto_sun	c	211
shirogane_noel_(school_uniform)	c	211
skylight	g	211
standing_paizuri	g	211
striped_male_swimwear	g	211
stuffed_chicken	g	211
suzumiya_haruhiko	c	211
tehepero	g	211
terakomari_gandezblood	c	211
thunderbolt_fantasy	s	211
tita_russell	c	211
toilet_symbol	g	211
totsuka_saika	c	211
towel_on_arm	g	211
twinkle_(company)	s	211
two_soyjaks_pointing_(meme)	g	211
vibrator_on_penis	g	211
vienna_(vtuber)	c	211
viktoriya_ivanovna_serebryakov	c	211
wahoo_(kancolle)	c	211
watermelon_seeds	g	211
white_slippers	g	211
wizards_symphony	s	211
xv-mon	c	211
yagokoro	c	211
yamano_remon	c	211
zinogre_(armor)	g	211
@28_(282teeth)	a	210
@abe_ranzu	a	210
@akuma_(st.takuma)	a	210
@amanagi_yakumo	a	210
@anima_(togashi)	a	210
@ayasaka	a	210
@baku_taso	a	210
@bbunny	a	210
@cisyo	a	210
@dango_remi	a	210
@deekei	a	210
@dior-zi	a	210
@doraiasu_issei	a	210
@fukemachi	a	210
@guri_gom	a	210
@hinemosu_notari	a	210
@jokebag	a	210
@kaginoni	a	210
@kagome_(traumatize)	a	210
@katsu_(katsupainter)	a	210
@kcccc	a	210
@kelp	a	210
@kida_kuro_mu	a	210
@kishimen	a	210
@koike3582	a	210
@komatsu_(sakanae)	a	210
@kome_cola	a	210
@konarofu	a	210
@kubyou_azami	a	210
@kukoi	a	210
@kuroe_(sugarberry)	a	210
@kuromori_yako	a	210
@kyanos_(b_0000ff)	a	210
@manjo_(warito)	a	210
@marinesnow	a	210
@midou_tsukasa	a	210
@mimulishizi	a	210
@mitsumine_(ookami_no_oyashiro)	a	210
@miwa_yoshikazu	a	210
@nagana_sayui	a	210
@nagasawa_tougo	a	210
@namamo_(kura)	a	210
@nao97122	a	210
@nukobaooo	a	210
@numanoan	a	210
@omizu_(omz)	a	210
@osterei	a	210
@pasutel	a	210
@sakagami_umi	a	210
@samoore	a	210
@seero	a	210
@shirogane_(cufsser)	a	210
@tamanegiinyo	a	210
@usagimiko	a	210
@watari1118	a	210
@yami_anko	a	210
@yoropa	a	210
@yst	a	210
aks-74u	g	210
amano_megumi_wa_suki_darake!	s	210
apple_on_head	g	210
aqua_tongue	g	210
argus_(reverse:1999)	c	210
artoria_caster_(swimsuit_berserker)_(fate)	c	210
asymmetric_gloves	g	210
atra_mixta	c	210
baiguio_(zhu_xian)	c	210
beard_over_mouth	g	210
belphemon	c	210
binaural_microphone	g	210
bloody_handprints	g	210
boar_ears	g	210
char's_counterattack_-_beltorchika's_children	s	210
cirno_(cosplay)	g	210
digital_devil_saga	s	210
easy_chair	g	210
feitan_portor	c	210
funny_glasses	g	210
gensou_suikoden_iv	s	210
ghirahim	c	210
glowing_halo	g	210
glynda_goodwitch	c	210
hands_on_own_feet	g	210
hands_on_own_shoulders	g	210
hiei_(azur_lane)	c	210
high_boots	g	210
hinokami	g	210
hitmonlee	c	210
hoshino_(first_year)_(blue_archive)	c	210
hyakkaou_academy_school_uniform	g	210
i_heart...	g	210
ice_bucket	g	210
kawaii_boku_to_142's_(idolmaster)	g	210
kibou_no_chikara_~otona_precure_'23~	s	210
king_cobra_(kemono_friends)	c	210
konata_(kankin_jk)	c	210
kurobe_natsumi_(shiromanta)	c	210
kusakabe_wakaba	c	210
layer_cake	g	210
li_sushang_(jade_knight)	c	210
licking_blade	g	210
lisbeth_(sao-alo)	c	210
mankanshoku_matarou	c	210
micomet_(hololive)	g	210
nephenee	c	210
nissan_skyline_gt-r	g	210
nowa_(queen's_blade)	c	210
object_behind_ear	g	210
party_horn	g	210
pink_suit	g	210
plaid_neckerchief	g	210
reid_hershel	c	210
rindou_akiho	c	210
rocket_ship	g	210
rumia_tingel	c	210
scholar_(final_fantasy)	c	210
senkawa_minato	c	210
shinra_kusakabe	c	210
suicide_boy	s	210
super_novice_(ragnarok_online)	c	210
swaddled	g	210
takitsubo_rikou	c	210
turbo_byakuren	c	210
viewing_pornography	g	210
yogurt	g	210
z'gok	c	210
@acryl	a	209
@akiba_monaka	a	209
@amano_taiki	a	209
@amatari_sukuzakki	a	209
@aruya_(flosrota)	a	209
@badlavender	a	209
@bee_doushi	a	209
@cero_rains	a	209
@chisumi	a	209
@daiishori	a	209
@devil-v	a	209
@driftingtiger	a	209
@fukumitsu_(kirarirorustar)	a	209
@furukawa_itsuse	a	209
@g-tetsu	a	209
@graysheartart	a	209
@hamaburicchi	a	209
@harusawa	a	209
@heriyama	a	209
@hwan_(mob_hwan)	a	209
@ishihara_(kuniyoshi)	a	209
@jnt	a	209
@karv	a	209
@kimkun0162	a	209
@ledjoker07	a	209
@leogust	a	209
@mayusaki_yuu	a	209
@medinki	a	209
@mimofu_(fullhighkick)	a	209
@mirin_(coene65)	a	209
@misha_(hoongju)	a	209
@miyoshino	a	209
@murata_taichi	a	209
@musyne_xsk	a	209
@muzi	a	209
@nekozawa_yukari	a	209
@nokino	a	209
@ommmyoh	a	209
@osamada_meika	a	209
@ouge_dz	a	209
@ry_thae	a	209
@sakai_yume	a	209
@sasabunecafe	a	209
@solcha	a	209
@suzuki_nene	a	209
@suzuki_rika	a	209
@tomoya_kankurou	a	209
@tora_(net1nen)	a	209
@tuxedo_cat	a	209
@waku_(ayamix)	a	209
@xiin	a	209
@yanagi_wakana	a	209
@yasuomi	a	209
@yinpa_(wanone500511)	a	209
@yugaa	a	209
@yusano	a	209
@zamudelin	a	209
18trip	s	209
2000	g	209
algae	g	209
arianne_the_labrynth_servant	c	209
ars_goetia	s	209
bicute_bunnies_miku	c	209
blue_jammers	g	209
bunny_headphones	g	209
card_(ur)	m	209
check_gender	m	209
chibi_maruko-chan	s	209
chijo	g	209
choice	g	209
cirno_day	g	209
cum_on_panties	g	209
cure_wink	c	209
cyclops_(x-men)	c	209
demian_(project_moon)	c	209
digimon_seekers	s	209
ekaterina_kurae	c	209
elizabeth_thompson	c	209
entelechia_(arknights)	c	209
finneon	c	209
food_writing	g	209
fubuki_atsuya	c	209
furisode_girl_(pokemon)	c	209
genny_(fire_emblem)	c	209
grass_root_youkai_network	g	209
gyuudon	g	209
hand_in_another's_panties	g	209
hiita	c	209
hiker_(pokemon)	c	209
himeya_company_uniform	g	209
ienaga_mugi	c	209
igaku_(utau)	s	209
indra_(arknights)	c	209
inside_out	s	209
isaki_kaname	c	209
japanese_tankery_league_(emblem)	g	209
katori_(kancolle)_(cosplay)	g	209
kingu_(fate)	c	209
le_temeraire_(azur_lane)	c	209
light_in_heart	g	209
maburaho	s	209
manako	c	209
minazuki_kyouko	c	209
mokona	c	209
n_corp._fanatic_(identity)_(project_moon)	g	209
parasect	c	209
pearl_(steven_universe)	c	209
pedestrian_bridge	g	209
picture_hat	g	209
popo_(ice_climber)	c	209
predator_(movie)	s	209
protagonist_1_(housamo)	c	209
prunechi	c	209
purple_scales	g	209
red_leg_warmers	g	209
saint_tail	c	209
sangatsu_no_lion	s	209
sawsbuck	c	209
shachou_batoru_no_jikan_desu!	s	209
shining_(silent_night)_(arknights)	c	209
shining_tears	s	209
shukufuku_no_campanella	s	209
spiral_background	g	209
sunflowmon	c	209
swiss_cheese	g	209
tokimeki_memorial_4	s	209
totenkopf	g	209
triceps	g	209
vivy	c	209
wurmple	c	209
wwe	s	209
xianjian_qixia_zhuan	s	209
yachi_hitoka	c	209
yuki_onna_(nurarihyon_no_mago)	c	209
@4_(nakajima4423)	a	208
@airenif	a	208
@akakokko_(niro_azarashi)	a	208
@alios_arvin	a	208
@amondetauro	a	208
@ao_no_neko	a	208
@aoi_kanan	a	208
@aosora_kamiya	a	208
@araiguma	a	208
@arashiki_mamizu	a	208
@arbiter1	a	208
@azuki_akizuki	a	208
@azuma_yukihiko	a	208
@barashiya	a	208
@chi_gu	a	208
@ev_(dai00888)	a	208
@fukutchi	a	208
@guumin	a	208
@hag_(hag_015)	a	208
@hinata_ichi	a	208
@hiro_(chumo)	a	208
@iro_(sekaixiro)	a	208
@kantarou_(8kan)	a	208
@kishizuka_kenji	a	208
@kokuya_(kokuya28)	a	208
@komimiyako	a	208
@masshirokachi	a	208
@matsukuzu	a	208
@mochacot	a	208
@mtk_hoshi	a	208
@muloli	a	208
@mytea_(soso)	a	208
@nanameda_kei	a	208
@natsuishi_nana	a	208
@o-los	a	208
@oratoza	a	208
@panzer_(p.z)	a	208
@pero_(pero7762)	a	208
@primamiya	a	208
@quuni	a	208
@sadamatsu_ryuuichi	a	208
@sema_(vivaviva_02)	a	208
@suicabar72	a	208
@suzune_hapinesu	a	208
@syandega	a	208
@take_(illustrator)	a	208
@taowu_(20809)	a	208
@the_hermit	a	208
@tomochi_(tmc_tmc8)	a	208
@tutou_jiang	a	208
@ushimittsu	a	208
@wabi_(wbsk)	a	208
@wada_sachiko	a	208
@wangdangle	a	208
@yueko_(jiayue_wu)	a	208
@yuutarou_(fukiiincho)	a	208
@zubatto	a	208
aizawa_mint	c	208
astgenne_(arknights)	c	208
biscuit_(bread)	g	208
black_gauntlets	g	208
blazblue:_cross_tag_battle	s	208
brown_armor	g	208
captain_liliana	c	208
carnival	g	208
cecily_cambell	c	208
chihayafuru	s	208
ciel_alencon	c	208
diagonal-striped_skirt	g	208
double_finger_heart	g	208
dragonmaid_(yu-gi-oh!)	c	208
durandal_(honkai_impact)	c	208
duryodhana_(fate)	c	208
eir_(fire_emblem)	c	208
exclamation_mark	g	208
gauze_on_face	g	208
good_breasts_day	g	208
greedent	c	208
gundam_alex	c	208
hado_nejire	c	208
hanako_(akatsuki)	g	208
haruna_(new_year)_(blue_archive)	c	208
heybot!	s	208
hiodoshi_ao_(1st_costume)	c	208
holding_cigarette_pack	g	208
hungern_(skullgirls)	c	208
igloo	g	208
isekai_meikyuu_de_harem_wo	s	208
kawashiro_mitori	c	208
kita_hinako	c	208
kondou_isao	c	208
kuzunoha_(blue_archive)	c	208
label	g	208
leg_wings	g	208
luna_(konosuba)	c	208
mae_(fire_emblem)	c	208
melty_q_melromarc	c	208
mistilteinn_(closers)	c	208
mona_(genshin_impact)_(cosplay)	g	208
nijisanji_idol_uniform	g	208
oliver_evans	c	208
paper_chain	g	208
paprika_private_academy_school_uniform	g	208
piddlefours	g	208
priapus_a._tarou	c	208
princess_heart_link_~kenki-tachi_no_enbu~	s	208
raana_the_cat	g	208
rabbit_ear_legwear	g	208
rivals	g	208
s-force_rappa_chiyomaru	c	208
saegusa_kii	c	208
scorpius_(constellation)	g	208
selector_wixoss	s	208
senjou_no_valkyria_4	s	208
shading	g	208
shinigami_bocchan_to_kuro_maid	s	208
single_earphone_removed	g	208
sirenmon	c	208
sunrider	s	208
tanigawa_yuzu	c	208
the_fairly_oddparents	s	208
the_legend_of_zelda:_oracle_of_ages	s	208
thompson/center_contender	g	208
tooyama_kazuha	c	208
tortoise	g	208
tribadism_through_clothes	g	208
tsukimura_kaede	c	208
venipede	c	208
wrong_hand	g	208
xiao_qiong	c	208
yahiko_(naruto)	c	208
yellow_tunic	g	208
yin_yang_pin	g	208
yona_(akatsuki_no_yona)	c	208
yoshimura_thi_mai	c	208
@alu.m_(alpcmas)	a	207
@ayase-mio	a	207
@daniel_deng	a	207
@deku_(dekunosu)	a	207
@elze_(s01047480836)	a	207
@eringikinono	a	207
@gomatarou_(pixiv196136)	a	207
@haijin	a	207
@john_(a2556349)	a	207
@kachayori	a	207
@kahadu_(kawazu)	a	207
@kamisuki	a	207
@kamiya_zuzu	a	207
@karma-laboratory	a	207
@kogeikun	a	207
@komekouji	a	207
@kyuri	a	207
@meen_(ouaughikepdvrsf)	a	207
@mino_tarou	a	207
@misao_(kami_no_misoshiru)	a	207
@mumumu_(three_emu)	a	207
@nezulet	a	207
@nyatrix	a	207
@osamu_(jagabata)	a	207
@p-nekor	a	207
@parallaxfused	a	207
@potatopanicking	a	207
@rei_(rei_rr)	a	207
@reibun_(raven1119)	a	207
@reiesu_(reis)	a	207
@rikka006	a	207
@ririmon	a	207
@rororogi_mogera	a	207
@rorosuke	a	207
@shakuraya	a	207
@suraimu_(suraimuraimu)	a	207
@tokiwa_(mukoku)	a	207
@touya_(the-moon)	a	207
@tsujii_luki	a	207
@tsukimori_hiro	a	207
@vammzu	a	207
@xiongmao	a	207
@yamada_auto	a	207
@yamaguchi_shinnosuke	a	207
@yomogi_dango	a	207
@yoshino_norihito	a	207
@yue_(tada_no_saboten)	a	207
@yuuki1103	a	207
aburame_shino	c	207
ade_(nikke)	c	207
arm_around_leg	g	207
armored_titan	c	207
bad_lofter_id	m	207
basilisk_(manga)	s	207
battoujutsu_stance	g	207
bird_nest	g	207
black_panther	c	207
bloom_(irys)	c	207
card_in_mouth	g	207
conis_(one_piece)	c	207
cucumber_slice	g	207
doki_doki_majo_shinpan	s	207
emperor_penguin	g	207
excadrill	c	207
eyewear_in_mouth	g	207
facebook	g	207
franken_stein_(soul_eater)	c	207
freddy_fazbear	c	207
frilled_pants	g	207
fujisaki_ai	c	207
futuregraph	s	207
garfield	s	207
gemini_sunrise	c	207
guild_no_uketsukejou_desu_ga_zangyou_wa_iya_nanode_boss_wo_solo_toubatsu_shiyou_to_omoimasu	s	207
gyari_(imagesdawn)_(style)	g	207
hand_on_mouth	g	207
hiccup_horrendous_haddock_iii	c	207
hilt	g	207
hitbox	g	207
holding_crystal	g	207
houbunsha	s	207
ibuki_douji_(swimsuit_berserker)_(first_ascension)_(fate)	c	207
impossible_jacket	g	207
invisible_wall	g	207
io_(code_vein)	c	207
kabuto_daigo	c	207
karigurashi_no_arrietty	s	207
komaru_(himouto!_umaru-chan)	c	207
leo_kliesen	c	207
lifestream	g	207
lion_costume	g	207
lipstick_mark_on_leg	g	207
liv:_empyrea_(punishing:_gray_raven)	c	207
maiden_(ice_rose)_(nikke)	c	207
marino_(mega_man)	c	207
meguru_(megurunn)	g	207
mika_melatika	c	207
mizutani_sakura	c	207
mm!	s	207
morelull	c	207
motto_nee_chanto_shiyou_yo!	s	207
nezha_zhi_motong_jiangshi	s	207
nogi_sonoko	c	207
older_female_and_younger_male	g	207
oribe_mafuyu	c	207
otogi-juushi_akazukin	s	207
peeing_together	g	207
poliwrath	c	207
polka_dot_hair	g	207
pose_request	m	207
primogem	g	207
projekt_red_(light_breeze)_(arknights)	c	207
radio_tower	g	207
rei_(guilty_gear)	c	207
resident_evil_1	s	207
revolver_ocelot	c	207
romg	c	207
runway	g	207
saionji_sekai	c	207
sasaki_haise	c	207
shears	g	207
shichirin	g	207
shinazugawa_genya	c	207
simon_henriksson	c	207
sitting_on_arm	g	207
sleeve_belt	g	207
sonic_rush	s	207
stained_underwear	g	207
stuffed_seal	g	207
the_grim_adventures_of_billy_&_mandy	s	207
tsukimi	g	207
unworn_boot	g	207
white_dragon_(kemono_friends)	c	207
white_heels	g	207
white_rabbit_(cosplay)	g	207
willow_(reverse:1999)	c	207
yamato_iori	c	207
yamuraiha	c	207
yanagi_nina	c	207
yasuhara_ema	c	207
yellow_cat	g	207
yulha_(nikke)	c	207
@0002koko	a	206
@a-nya	a	206
@airool	a	206
@ayazumi_flutter	a	206
@babu	a	206
@bbbb_fex	a	206
@chark14	a	206
@chiri_(ch!)	a	206
@eguegu	a	206
@eight_tohyama	a	206
@fraankyy	a	206
@frost_fog	a	206
@fukurou_narutori	a	206
@fuminomino	a	206
@g_ieep	a	206
@geetsu	a	206
@gochisousama_(tanin050)	a	206
@gohanduck	a	206
@gurageida	a	206
@hyakuen_raitaa	a	206
@ixima	a	206
@kaito_(k4itoh)	a	206
@kawanobe	a	206
@kazune_(baumkuchen)	a	206
@kazuneko_(wktk1024)	a	206
@kgt_(pixiv12957613)	a	206
@kirameki_(rikukaikuu)	a	206
@kuga_zankurou	a	206
@lomocya	a	206
@m.tokotsu	a	206
@mahou_kyuuri	a	206
@marse_(rokudaime)	a	206
@miel_(lessontome)	a	206
@mins_(minevi)	a	206
@misnon_the_great	a	206
@mutou_keiji	a	206
@nagomian	a	206
@noodlenood	a	206
@persocon93	a	206
@pi_tayuko	a	206
@rata_(norahasu)	a	206
@senmu_(senmudayo)	a	206
@seri_(yuukasakura)	a	206
@shapoco	a	206
@shiro_youduki	a	206
@shiromako	a	206
@snow_is	a	206
@sugimoto_isao	a	206
@tachikawa_mushimaro	a	206
@tamagawa_yukimaru	a	206
@tirotata	a	206
@tochi_keisuke	a	206
@tsuno_no_hito	a	206
@welchino	a	206
@wildcat_(kusonemi)	a	206
@yamaori_(yamaorimon)	a	206
@yisusjpl	a	206
@yuama_(drop)	a	206
@yukari_(yukari21653710)	a	206
@zelc-face	a	206
@zhili_xingzou	a	206
@zummy	a	206
advance_of_zeta	s	206
ana_(mother)	c	206
arrow_in_head	g	206
azarin_(exs-tia)	g	206
bancholeomon	c	206
barbara_gordon	c	206
bravely_second:_end_layer	s	206
chaos_space_marine	c	206
clapperboard	g	206
clift	c	206
crotch_stomping	g	206
dancer's_costume_(dq)	g	206
dough	g	206
dragoon_(dokibird)	c	206
gale_(baldur's_gate)	c	206
gamera_-rebirth-	s	206
garnet_rod	g	206
gotcha!	s	206
green_track_suit	g	206
hair_buns	g	206
haki	g	206
hero_(dq3)	c	206
honeypot	g	206
itasha	g	206
jecht	c	206
juli_(street_fighter)	c	206
kali_(fate)	c	206
kankaku_shadan	g	206
kishuku_gakkou_no_juliet	s	206
lie_ren	c	206
mikogami_riko	c	206
mutsu_(kantai_collection)	c	206
na'el_(xenoblade)	c	206
nagare_ryoma	c	206
nico_robin_(egghead)	c	206
oda_eiichirou_(style)	g	206
ohsama_sentai_king-ohger	s	206
on_plate	g	206
paralyzer	g	206
payila_(granblue_fantasy)	c	206
people's_republic_of_china_flag	g	206
picket_fence	g	206
pirotess	c	206
pius_(aotu_world)	c	206
pringles	s	206
rejected_kiss	g	206
rody_roughnight	c	206
rurun_rururica	c	206
sei_yariman_gakuen_enkou_nikki	s	206
sofmap_background	g	206
sunburn	g	206
suzuki_tsudumi	c	206
tanba_akari	c	206
tatsumi_koutarou	c	206
torgal_(ff16)	c	206
touran-sai	s	206
ura_kyoushi_haitoku_no_inetsu_jugyou	s	206
waffen-ss	g	206
yousei_daisensou	s	206
@akieda	a	205
@akisuko	a	205
@akitsuki_(oenothera)	a	205
@ankea_(a-ramo-do)	a	205
@aoi_yun	a	205
@araki_(qbthgry)	a	205
@asdf1211950	a	205
@ayame_hashinimasen	a	205
@b.c.n.y.	a	205
@b.t._(boob_tong)	a	205
@band-width	a	205
@bifidus	a	205
@borushichi	a	205
@bulga	a	205
@chobi_(penguin_paradise)	a	205
@darkereve	a	205
@dh-zone	a	205
@eeeeee	a	205
@egawa_akira	a	205
@eriimyon	a	205
@gorio4288	a	205
@gusu	a	205
@hanzaki_jirou	a	205
@higuchi_isami	a	205
@hk_(hk)	a	205
@izuka_daisuke	a	205
@izure_(pixiv16392012)	a	205
@jinhongi	a	205
@jinkoika	a	205
@kaeranu_kaeru	a	205
@kai_(artist)	a	205
@karasu_(naoshow357)	a	205
@kidachi	a	205
@komena_(shinyday312)	a	205
@koutarou	a	205
@kuma_(kumahoihoi)	a	205
@kuroneko_douji	a	205
@lorianarts	a	205
@m.q_(mqkyrie)	a	205
@mashue	a	205
@meoyo	a	205
@miyabi_tsuzuru	a	205
@mukunoki_nanatsu	a	205
@muo_(muojjang_0929)	a	205
@n_(dai_n_honpo)	a	205
@nasaniliu	a	205
@nekota_susumu	a	205
@nohito	a	205
@nonddu	a	205
@ousaka_nozomi	a	205
@panbai	a	205
@pantheon_eve	a	205
@pepatiku	a	205
@polpol	a	205
@qiu_ju	a	205
@rumo	a	205
@sainohikari	a	205
@sakusyo	a	205
@seitei_(04seitei)	a	205
@shiromoru_(yozakura_rety)	a	205
@shiwo	a	205
@terasu_mc	a	205
@tsuttsu	a	205
@vashperado	a	205
@vococo	a	205
@weri	a	205
@white_gorilla_(okamoto)	a	205
@whoisshe	a	205
@yahiro_(anhnw)	a	205
@yamacchi	a	205
@yolanda	a	205
@yuemanhuaikong	a	205
@yui_(niikyouzou)	a	205
@zcune	a	205
@zuo_wei_er	a	205
akaza_akane	c	205
angel_statue	g	205
ayase_mayoi	c	205
bad_reflection	g	205
braviary	c	205
broadsword	g	205
buzzwole	c	205
chlorella_observation_club_member_(blue_archive)	c	205
condom_on_head	g	205
cure_yum-yum	c	205
daisy_(dq)	c	205
disembodied_tongue	g	205
double_chin	g	205
ed_(street_fighter)	c	205
excessive_lactation	g	205
familymart	s	205
female_priest_(dungeon_and_fighter)	c	205
fura_kanato	c	205
furutaka_kai_ni_(kancolle)	c	205
futaba_hotaru	c	205
general_student_council_president_(blue_archive)	c	205
giraffe_girl	g	205
godzilla_vs._destoroyah	s	205
gogo_tomago	c	205
guan_dao	g	205
gundam_wing_endless_waltz	s	205
hatsuseno_alpha	c	205
heart_arrow	g	205
hinata_hajime_(awakened)	c	205
hokkaido_nippon-ham_fighters	s	205
ideon	c	205
ijuuin_hokuto	c	205
izumi_kanagi	c	205
keizoku_(emblem)	g	205
khezu	c	205
kimikage_yui	c	205
knee_armor	g	205
kouya_no_kotobuki_hikoutai	s	205
kray_foresight	c	205
larxene	c	205
lene_(fire_emblem)	c	205
liter_(nikke)	c	205
lithuania_(hetalia)	c	205
lloyd_bannings	c	205
lofter	g	205
ma_wo_haramu_buki	s	205
micha_jawkan	c	205
minagi_mikoto	c	205
mochizuki_momiji	c	205
monk_(sekaiju)	c	205
noir_vesper	c	205
ooto_ai	c	205
ophilia_(octopath_traveler)	c	205
otoshiro_seira	c	205
planet_earrings	g	205
print_sash	g	205
qi_maid	g	205
queen's_blade_white_triangle	s	205
rebar	g	205
shared_thought_bubble	g	205
shindouji_school_uniform	g	205
simon_belmont	c	205
spectral_(series)	s	205
splat_bomb_(splatoon)	g	205
standing_double_penetration	g	205
subdermal_port	g	205
swimsuit_costume	g	205
taiga_(kanojo_ga_ore_ni_kureta_mono._ore_ga_kanojo_ni_ageru_mono.)	c	205
taiko_no_tatsujin	s	205
thigh_scrunchie	g	205
thigh_sheath	g	205
tsubakuro_yume	c	205
tsurugi_zenjirou	c	205
turtle_boy	g	205
utsumi_erice_(swimsuit_avenger)	c	205
varium	s	205
vayne_(league_of_legends)	c	205
x_(symbol)	g	205
yang_guifei_(third_ascension)_(fate)	c	205
yato_(fire_emblem)	g	205
yoshii_akihisa	c	205
yu-gi-oh_(card)	g	205
yuujo	g	205
zoya_(path_to_nowhere)	c	205
@32zzz	a	204
@agovitch	a	204
@ango_(f_ango)	a	204
@astg	a	204
@awara_kayu	a	204
@baozishark	a	204
@bodskih	a	204
@cat_princess	a	204
@catstudioinc_(punepuni)	a	204
@chunta	a	204
@con_potata	a	204
@ellievsbear	a	204
@foolish_potato	a	204
@geo_(yukishitadou)	a	204
@hime_(himetya105)	a	204
@hinomaru_(futagun)	a	204
@hmdark-9	a	204
@honchu	a	204
@hoshiakari_(c2_kikan)	a	204
@hot_melon	a	204
@ikue_fuuji	a	204
@imamura_ryou	a	204
@itsumo_nokoru	a	204
@jianmo_sl	a	204
@kcar66t	a	204
@ketopon	a	204
@ko_kita	a	204
@konohoshi	a	204
@kuase	a	204
@langley1000	a	204
@leebo_(leeboxxx)	a	204
@majima_yuki	a	204
@makino_momiji_(artist)	a	204
@morigami_(morigami_no_yashiro)	a	204
@nishigori_atsushi	a	204
@orihi_chihiro	a	204
@pabsmikan	a	204
@satomachi	a	204
@sekitaku	a	204
@she_(morianosu)	a	204
@shiroma_(mamiko)	a	204
@stellarspin	a	204
@taku_michi	a	204
@tilm	a	204
@tonda	a	204
@tougetsu_gou	a	204
@tsunemi_aosa	a	204
@wanderjegson	a	204
@yangsion	a	204
12-gauge	g	204
ange_katrina_(2nd_costume)	c	204
aqua_apron	g	204
batou_(gits)	c	204
biting_own_finger	g	204
bloody_wolf_(elden_ring)	c	204
bomb_devil_(chainsaw_man)	c	204
burnt_food	g	204
canti	c	204
chiester00	c	204
chixia_(wuthering_waves)	c	204
commander_(nier:automata)	c	204
construction	g	204
creepy_eyes	g	204
dinosaur_hood	g	204
donkey_kong_bananza	s	204
floral_arch	g	204
fujimi_shobo	s	204
garterbelt_(psg)	c	204
geo_symbol_(genshin_impact)	g	204
geomancer_(fft)	c	204
glowing_jewelry	g	204
helianthus_(girls'_frontline)	c	204
himejima_gyoumei	c	204
hitomi_my_stepsister	s	204
huge_tongue	g	204
jock_studio_(blits_games)	s	204
junketsu_duelion	s	204
juusenki_l-gaim	s	204
kamen_rider_kiva	c	204
kappa_mob_(touhou)	c	204
kazooie_(banjo-kazooie)	c	204
kimi_ga_aruji_de_shitsuji_ga_ore_de	s	204
kimi_ni_todoke	s	204
kirby's_dream_land	s	204
kirigaya_toko	c	204
kissxsis	s	204
kiznaiver	s	204
kumano_(azur_lane)	c	204
kureha_yuna	c	204
loly_aivirrne	c	204
magical_mirai_miku_(2019)	c	204
malva_(pokemon)	c	204
marine_nemo_(fate)	c	204
medibang_paint_(medium)	m	204
minomon	c	204
mint_(dewprism)	c	204
misty_(pokemon)_(cosplay)	g	204
multiple_penis_fellatio	g	204
music_box	g	204
nipple_indents	g	204
open_for_all	g	204
orange_robe	g	204
palm-fist_greeting	g	204
panty_focus	g	204
pecharunt	c	204
pedophile	g	204
penguin_2-gou	c	204
roberta_(arknights)	c	204
ruined_for_marriage	g	204
satsuki_yomi	c	204
scarf_on_head	g	204
shion_(len'en)	c	204
short-barreled_rifle	g	204
shounan_(kancolle)	c	204
sims_(azur_lane)	c	204
skull_and_crossed_swords	g	204
suzuya_(azur_lane)	c	204
takemoto_uruka	c	204
tamama	c	204
team_yell	g	204
tibetan_fox_(kemono_friends)	c	204
tuyu_(band)	s	204
vertical-striped_bow	g	204
wooden_shield	g	204
yang_nari	c	204
yuuki_kei	c	204
zabel_zarock	c	204
@aji_aji_nori	a	203
@be_(o-hoho)	a	203
@carbohydrate_(asta4282)	a	203
@cello_(20000)	a	203
@chutohampa	a	203
@dango_(uni_520)	a	203
@drg	a	203
@hachi_(8bit_canvas)	a	203
@haguruma_c	a	203
@hoshii_1213	a	203
@hota	a	203
@hpd	a	203
@ichiroku_(sakumogu-029)	a	203
@k3rd	a	203
@kamo_(kamonegioisi)	a	203
@kanemaki_thomas	a	203
@kasumi_komo	a	203
@kerno	a	203
@kumao_mofumofu	a	203
@kuromame_(8gou)	a	203
@lelie_(lelie_link)	a	203
@lordol	a	203
@m0_chi	a	203
@mama_(mama_hiro)	a	203
@mitchi	a	203
@mizutani_rin	a	203
@mofu07519	a	203
@nakamura_eight	a	203
@nanaheibei_3	a	203
@natsu_(natume0504)	a	203
@nazo_no_diaboro	a	203
@ngc20701	a	203
@nijitama_shiyushiyu	a	203
@noccu	a	203
@oosawara_sadao	a	203
@piro_(artist)	a	203
@raiden_(artist)	a	203
@relio_db318	a	203
@sasaki_sakiko	a	203
@senzoc	a	203
@shia_job	a	203
@super_masara	a	203
@tetsuo_(tashirosu)	a	203
@toba_hiyoko	a	203
@tota_(sizukurubiks)	a	203
@tun	a	203
@uchiuchi_keyaki	a	203
@unomiki	a	203
@unxi	a	203
@wani_(perfect_han)	a	203
@wonnikon	a	203
@xaxaxa	a	203
@yabarn	a	203
@yokoyari_mengo	a	203
@yukimi_unagi	a	203
@yuya_(yuya_illust)	a	203
akagami_no_shirayukihime	s	203
ambriel_(arknights)	c	203
aqua_fur	g	203
around_corner	g	203
asahi_(kancolle)	c	203
beaver_tail	g	203
blue_detached_collar	g	203
bound_knees	g	203
bullet_bill	c	203
chainsaw_devil	c	203
chelsea_(akame_ga_kill!)	c	203
chibikko_(morihito)	c	203
claw_mark	g	203
counter-strike_(series)	s	203
deathsmiles	s	203
drakeposting_(meme)	g	203
earth-chan	c	203
entrails	g	203
expressive_tail	g	203
first_stage_production	s	203
flower_(vocaloid3)	c	203
freedom_planet	s	203
funeral	g	203
fur_skirt	g	203
gear_print	g	203
glorious_(azur_lane)	c	203
gouketsuji_ichizoku	s	203
grey_tunic	g	203
grimmsnarl	c	203
hakodate_omiko	c	203
haku	c	203
heart_ring_top	g	203
holding_clover	g	203
holding_pastry_bag	g	203
holding_telescope	g	203
hydaelyn	c	203
id_photo	g	203
implied_prostitution	g	203
irys_(irys_1.0)_(hololive)	c	203
kamisama_ni_natta_hi	s	203
kumu_zaisheng	g	203
lierre	c	203
live_a_live	s	203
mandrake	g	203
mask_bikini	g	203
mg5_(girls'_frontline)	c	203
momioka_risa	c	203
murasakibara_atsushi	c	203
naegino_sora	c	203
needlegun	g	203
paper_boat	g	203
pink_crown	g	203
pretty_rhythm_aurora_dream	s	203
punkish_gothic	g	203
puppet_princess_(marl_kingdom)	s	203
rachel_(ninja_gaiden)	c	203
rhydon	c	203
rugal_bernstein	c	203
sakuraba_aoi	c	203
sawai_natsuha	c	203
sekka_yufu	c	203
self_character_print	g	203
sequel_(series)	s	203
serizawa_nao	c	203
skullgreymon	c	203
soviet_flag	g	203
splatter_print	g	203
stethoscope_around_neck	g	203
striped_scrunchie	g	203
summon_night_4	s	203
switch	g	203
tales_of_the_rays	s	203
telnyashka	g	203
tokime_shizuka	c	203
transforming_weapon	g	203
transparent_curtains	g	203
trony_(nikke)	c	203
true_tears	s	203
two-tone_neckerchief	g	203
valkyrie_connect	s	203
windblade	c	203
yakiniku	g	203
yellow_suit	g	203
yonah	c	203
yoo_mina	c	203
yuki_(princess_connect!)	c	203
yuki_miku_(2022)	c	203
@1nilla'	a	202
@22m	a	202
@5tb	a	202
@aji_(sakanaaj1)	a	202
@akichin_(atelier_baguri)	a	202
@aoyama_hikaru	a	202
@asuka_(junerabitts)	a	202
@ayatsuki_sugure	a	202
@bacun	a	202
@c_take0141	a	202
@c.honey	a	202
@cervus	a	202
@charamells	a	202
@dankodeadzone	a	202
@dicasty	a	202
@ebanoniwa	a	202
@fleebites	a	202
@gachigachi	a	202
@hamelon310	a	202
@harusame_(user_wawj5773)	a	202
@hintobento	a	202
@hiryou_man_(crap-man)	a	202
@hybridmink	a	202
@ikeno_daigo	a	202
@imaichi	a	202
@inari_(inariya)	a	202
@izayoi_seishin	a	202
@izu_lemon	a	202
@izumi_minami	a	202
@kaneko_naoya	a	202
@katai_(nekoneko0720)	a	202
@kayama_kenji	a	202
@kazami_ruku	a	202
@kikyou-0423	a	202
@kinokohime	a	202
@leavv	a	202
@leonart	a	202
@luna_lia	a	202
@malkior--x	a	202
@memeh	a	202
@mgong520	a	202
@minazuki_tsuyuha	a	202
@mizuno_uchi	a	202
@murai_shinobu	a	202
@nanno_koto	a	202
@noise_(tsuzuki)	a	202
@nori_(norinori_yrl)	a	202
@okunin	a	202
@otochichi	a	202
@piku	a	202
@pixzapix	a	202
@raijuu_(bakanara)	a	202
@rynn_(darknescorez)	a	202
@ryuuno6	a	202
@sakura_romu	a	202
@sencha_(senta_10)	a	202
@sunny_(20597521)	a	202
@tahita1874	a	202
@take_(draghignazzo)	a	202
@taku34128	a	202
@teemu_taiga	a	202
@tosura-ayato	a	202
@trimbil	a	202
@tsurugi_(the_horizon)	a	202
@uni_ikura	a	202
@yoshikawa_tatsuya	a	202
@yunodon_(sugar_maple)	a	202
@yurigera_8959	a	202
@yuzu_momo	a	202
admiral_(kancolle)_(cosplay)	g	202
alice_(genshin_impact)	c	202
amagami_yae	c	202
anchor_(nikke)	c	202
b-daman	s	202
baobhan_sith_(third_ascension)_(fate)	c	202
barre	g	202
beruka_(fire_emblem)	c	202
black_toenails	g	202
blood_on_shoes	g	202
bloody_penis	g	202
bloomers_around_one_leg	g	202
bow_swimsuit	g	202
castlevania_(netflix)	s	202
ciel_(elsword)	c	202
cody_travers	c	202
deino_(pokemon)	c	202
dragon_radar	g	202
dvd_case	g	202
electronic_cigarette	g	202
exia_(nikke)	c	202
flipped_bangs	g	202
footjob_over_clothes	g	202
galacta_knight	c	202
gambling	g	202
gamilas	g	202
gardevoir_day	g	202
godzilla_minus_one	s	202
grey_trim	g	202
guy_tired_after_sex_(meme)	g	202
haitekudasai_takamine-san	s	202
hannah_england	c	202
headphones_over_headwear	g	202
ice_cream_cone_spill	g	202
imai_midori	c	202
issun	c	202
kakuna	c	202
kamura_reiri	c	202
kugimiya_rie	c	202
kurusu_shou	c	202
light_valkyrie_(p&d)	c	202
mage_(disgaea)	c	202
maho_(princess_connect!)	c	202
minegishi_ayano	c	202
mizuki_(kutan)	c	202
mojo	g	202
no_headgear	g	202
osu!	s	202
oversized_zipper	g	202
passion_(manhwa)	s	202
peter_pan_collar	g	202
pixels	g	202
pixiv_fantasia_wizard_and_knight	s	202
pot_on_head	g	202
red_stone_of_aja	g	202
rita_rossweisse_(artemis)	c	202
sakishima_hikari	c	202
sakurai_yumeko	c	202
shinano_(dreams_of_the_hazy_moon)_(azur_lane)	c	202
souta_(os)	c	202
specialite_(company)	s	202
strawberry_prince	s	202
sun-shaped_pupils	g	202
tactics	s	202
tail_around_another's_leg	g	202
takahara_hairi	c	202
takopii	c	202
team_magma_grunt	c	202
togainu_no_chi	s	202
turning_page	g	202
v4mirai	s	202
wraith's_kunai	g	202
yume_e_no_ippo	g	202
z3_max_schultz_(kancolle)_(cosplay)	g	202
zetton	c	202
@aizenpochi	a	201
@akisaka_yamoka	a	201
@alonemistrist	a	201
@amagi_shino	a	201
@amana_(pocketkey)	a	201
@ataru_(ataru-littlebird)	a	201
@b_d_one	a	201
@blade_ride	a	201
@bokoboko_(pandagapanda1)	a	201
@da_mao_banlangen	a	201
@dai-xt	a	201
@deluxe<<<	a	201
@denaseey	a	201
@ero_shocker	a	201
@gomeifuku	a	201
@harusame_kakigoori	a	201
@heartbreak_juan	a	201
@inumori_sayaka	a	201
@inuzuka_bouru	a	201
@ippo	a	201
@kakao_(noise-111)	a	201
@kashiba_aira	a	201
@kiya_shii	a	201
@kobayashi_ritz	a	201
@konanbo	a	201
@kujou_mikuru	a	201
@kunugi_miyaco	a	201
@longmei_er_de_tuzi	a	201
@m75255831	a	201
@mashitaka	a	201
@mercy_rabbit	a	201
@mian_lang	a	201
@minamoto80486	a	201
@miso_panda	a	201
@miyashiro_ryuutarou	a	201
@mukkushi	a	201
@mutsuki_riichi	a	201
@mygiorni	a	201
@nakiusagi	a	201
@namako_(takorin)	a	201
@nathaniel_pennel	a	201
@negoya	a	201
@ningen_gokko	a	201
@norigure18	a	201
@okanoyuno	a	201
@okera	a	201
@oono_tetsuya	a	201
@rabiiandrain	a	201
@rappa_(rappaya)	a	201
@remu_(kirieroido)	a	201
@renge_(730)	a	201
@rountain	a	201
@san_(harutuki_3)	a	201
@sasanoneko	a	201
@shachoo.	a	201
@shima_(shima_je)	a	201
@shimetta_seiya	a	201
@shinyglute	a	201
@slash-ex	a	201
@soya_(torga)	a	201
@starheart	a	201
@suzumeko	a	201
@terras	a	201
@tomato_(lsj44867)	a	201
@tsushi	a	201
@uguisu_(happy_turn)	a	201
@ya_ta	a	201
@yamaneko_(tkdrumsco)	a	201
@young_savage	a	201
@yutsuki_tsuzuri	a	201
@zantyarz	a	201
aaron_wei	c	201
aia_amare	c	201
ak-74m	g	201
akiyama_hayato	c	201
akoya_matama	c	201
alph_(pikmin)	c	201
anvil	g	201
aqua_tail	g	201
argyle_footwear	g	201
aussa_the_earth_charmer	c	201
bandaged_ankle	g	201
black_rock_shooter_(cosplay)	g	201
black_tabard	g	201
blue_hands	g	201
bootjob	g	201
breeding_mount	g	201
capricorn_(constellation)	g	201
cardboard_cutout	g	201
cherrim_(sunshine)	c	201
creamy_mami	c	201
cum_on_hand	g	201
dandelion_(girls'_frontline)	c	201
detective_pikachu	s	201
dream_catcher	g	201
five_star_stories	s	201
forrest_(fire_emblem)	c	201
fukase	c	201
g.j?	s	201
gloom_(irys)	c	201
ha-chan_(mahou_girls_precure!)	c	201
heisei_retro	g	201
hirose_sumire	c	201
homicipher_text	g	201
hotel_transylvania	s	201
ijirare_~fukushuu_saimin~	s	201
implied_rape	g	201
insect_hair_ornament	g	201
ji-yoon_(jourd4n)	c	201
kamijo_haruna	c	201
kamijou_kyousuke	c	201
konami_kirie	c	201
kuzuki_souichirou	c	201
lace-up_sleeves	g	201
love_and_producer	s	201
majora_(entity)	c	201
mephisto_(arknights)	c	201
miyashiro_takuru	c	201
mogeko_castle	s	201
money_bag	g	201
murasaki_shion_(hololive_summer_2019)	c	201
orange_cloak	g	201
originium_slug_(arknights)	c	201
otosaka_yuu	c	201
pepper&carrot	s	201
prehensile_tongue	g	201
printer	g	201
ralf_jones	c	201
rocking_horse	g	201
ryuu_(breath_of_fire_v)	c	201
scathacha_(granblue_fantasy)	c	201
seadramon	c	201
skunk_girl	g	201
smash_ball	g	201
solrock	c	201
sona_(cinnabus)	c	201
sonic.exe	s	201
stephanie_dora	c	201
stielhandgranate	g	201
stone_pillar	g	201
sun_shang_xiang	c	201
sunny_day_song	g	201
tadpole	g	201
traced	g	201
uchiha_symbol	g	201
vertical-striped_necktie	g	201
yu-gi-oh!_the_dark_side_of_dimensions	s	201
zener_card	g	201
@akitsuki_itsuki	a	200
@amakawa_sakko	a	200
@amakusa_tobari	a	200
@ange_(angeban93)	a	200
@anonanim	a	200
@aosaki_yukina	a	200
@aramachi	a	200
@banssee	a	200
@chaosexceed	a	200
@dlanon	a	200
@drive_shot	a	200
@garamgum	a	200
@gensoukoumuten	a	200
@go-sai_tamanegi	a	200
@gurasion_(gurasion)	a	200
@gurumie	a	200
@hachi_(chihagura)	a	200
@hakua_ugetsu	a	200
@hinata_mutsuki	a	200
@hiragana_oufu	a	200
@ico_(green_bullet)	a	200
@ishida_arata	a	200
@kai_(link2262)	a	200
@kanopan	a	200
@karlwolf	a	200
@kin_mokusei	a	200
@kiteman442	a	200
@kukimaru	a	200
@laxiusart	a	200
@locketmonkey	a	200
@mashicono	a	200
@melailai	a	200
@meola	a	200
@milktea_(gggrrr2000)	a	200
@morrie	a	200
@muse_(rainforest)	a	200
@nishikun	a	200
@nori20170709	a	200
@otomeza_ryuseigun	a	200
@purrlucii	a	200
@rasen_manga	a	200
@riseno	a	200
@risutaru	a	200
@satogo	a	200
@seorang	a	200
@shibakame	a	200
@shouno_kotarou	a	200
@sofusan1526	a	200
@storm92	a	200
@tachikoma_(mousou_teikoku)	a	200
@takamame	a	200
@terimayo	a	200
@tohoyuukarin	a	200
@tyuga	a	200
@vierzeck	a	200
@watosu	a	200
@yonketa	a	200
@yuzuna99	a	200
@zebrablack	a	200
aqua_capelet	g	200
black_snake	g	200
blender_(object)	g	200
cereal	g	200
cheetah	g	200
coco_adel	c	200
combusken	c	200
crossed_out	g	200
daimon_chika	c	200
dancing_stars_on_me!	g	200
desktop	g	200
flour_(cookie)	c	200
four-pointed_star	g	200
frederica_sawyer	c	200
gamers!	s	200
giga_(company)	s	200
hadouken	g	200
hand_under_shorts	g	200
horizontal-striped_clothes	g	200
hyottoko_mask	g	200
ichinose_hajime	c	200
izumi_masamune	c	200
japan_air_self-defense_force	s	200
japan-korea_yuri_(meme)	g	200
kamijo_rui	c	200
kana_(male)_(fire_emblem)	c	200
kimetsu_gakuen	s	200
kitakami_kai_ni_(kancolle)	c	200
knights_of_the_round_table_(fate)	c	200
ksvk_(girls'_frontline)	c	200
kurusu_kimihito	c	200
lakitu	c	200
lamia_(punishing:_gray_raven)	c	200
mankanshoku_barazou	c	200
marshadow	c	200
miku_(darling_in_the_franxx)	c	200
mischievous_straight_uniform_(blue_archive)	g	200
miyamura_izumi	c	200
mongolian_clothes	g	200
monoyoshi_sadamune	c	200
nami_(one_piece)_(egghead)	c	200
nidoran_(female)	c	200
nitta_io	c	200
no_brand_girls	g	200
overflowing	g	200
pepe_the_frog	c	200
phosphora	c	200
poppi_alpha_(xenoblade)	c	200
psyren	s	200
red_claws	g	200
reference_request	m	200
roulette	g	200
ruca_milda	c	200
ruquia	c	200
setsu_(gnosia)	c	200
shangri-la_frontier	s	200
shinano_toushirou	c	200
shine	g	200
shiraishi_minoru	c	200
shishiro_botan_(casual)	c	200
siegfried_(granblue_fantasy)	c	200
silver_armlet	g	200
skip_to_loafer	s	200
soul_(deltarune)	c	200
super_nintendo	g	200
swiss_flag	g	200
unbuttoned_jacket	g	200
vedal_ai	g	200
venice	g	200
warrior_(final_fantasy)	c	200
winda_priestess_of_gusto	c	200
yellow_sarong	g	200
yingxing_(honkai:_star_rail)	c	200
zipper_top	g	200
